ID,Work Item Type,Title,Resolved By,State,Tags,Resolved Date,Activated Date
"18242","Bug","New Giza - Meters Early Readings","Maryam Khaled <maryam.khaled@iskraemeco.com>","Closed","CI; Newgiza; Smart; Software","1/4/2026 5:18:30 PM","1/4/2026 10:08:13 AM"
"18243","Bug","New Giza - Invoices Issue","Maryam Khaled <maryam.khaled@iskraemeco.com>","Closed","Newgiza; PI; Smart; Software","1/4/2026 2:49:02 PM","1/4/2026 10:44:33 AM"
"18248","Bug","New Giza Duplicated Invoices","Maryam Khaled <maryam.khaled@iskraemeco.com>","Closed","CI; Newgiza; Smart; Software","1/4/2026 5:34:29 PM","1/4/2026 3:09:58 PM"
"18255","Bug","Cornado- Update Aqua to 1.3 latest","Salma Ibrahim <salma.ibrahim@iskraemeco.com>","Closed","aqua; CI; Cornado; Software","1/5/2026 2:42:52 PM","1/5/2026 2:05:53 PM"
"18258","Bug","Sun Capital - Gap in readings","Maryam Khaled <maryam.khaled@iskraemeco.com>","Closed","CI; Smart; Software; Suncapital","1/4/2026 5:36:08 PM","1/4/2026 5:17:27 PM"
"18260","Bug","Sun Capital - Issue in settlements and payments","Khadija Eltantawy <khadija.eltantawy@iskraemeco.com>","Closed","billing; CI; Software; Suncapital","1/6/2026 12:56:58 PM","1/6/2026 10:53:07 AM"
"18263","Bug","Sun Capital - meter status not installed error","Salma Ibrahim <salma.ibrahim@iskraemeco.com>","Closed","PI; Smart; Software; Suncapital","1/5/2026 12:27:43 PM","1/5/2026 12:20:43 PM"
"18266","Bug","New Giza Meter 35789976 Synch readings with symbiot","Maryam Khaled <maryam.khaled@iskraemeco.com>","Closed","CI; Newgiza; Smart; Software","1/6/2026 9:34:14 AM","1/5/2026 2:04:45 PM"
"18268","Bug","New Giza Invalid Invoices for Meters: 52287894, 35790112, 35790152","Maryam Khaled <maryam.khaled@iskraemeco.com>","Closed","Newgiza; PI; Smart; Software","1/6/2026 1:15:17 PM","1/6/2026 9:35:59 AM"
"18271","Bug","Marassi - mark meters new","Ahmed Salam <ahmed.salam@iskraemeco.com>","Closed","CI; Emaar; Smart; Software","1/5/2026 4:29:37 PM","1/5/2026 4:29:37 PM"
"18273","Bug","SDDC Delete Charge","Salma Ibrahim <salma.ibrahim@iskraemeco.com>","Closed","CI; SDDC; Software; Utility; vending","1/6/2026 10:05:15 AM","1/6/2026 9:48:27 AM"
"18274","Bug","Ecklat- Error 481- Diff in charge between system and meter","Ahmed Salam <ahmed.salam@iskraemeco.com>","Closed","Ecklat; PEM; PI; Software","1/6/2026 1:16:01 PM","1/6/2026 1:16:01 PM"
"18280","Bug","New Giza Early Reading Issue","Khadija Eltantawy <khadija.eltantawy@iskraemeco.com>","Closed","Newgiza; PI; Smart; Software","1/7/2026 5:14:01 PM","1/6/2026 4:06:08 PM"
"18285","Bug","Epower - Chillout deployement","Aya Mahmoud <aya.mahmoud@iskraemeco.com>","Closed","chillout; PI; Smart; Software","1/8/2026 2:50:04 PM","1/8/2026 11:17:09 AM"
"18286","Bug","Epower - Delete charges","Salma Ibrahim <salma.ibrahim@iskraemeco.com>","Closed","CI; Epower; Software; vending","1/8/2026 3:48:53 PM","1/8/2026 1:27:38 PM"
"18287","Bug","Petra gate Error 0081","Maryam Khaled <maryam.khaled@iskraemeco.com>","Closed","Hardware; Petra Gate; PI; vending","1/8/2026 2:46:43 PM","1/8/2026 2:37:13 PM"
"18289","Bug","Epower - Delete charges","Salma Ibrahim <salma.ibrahim@iskraemeco.com>","Closed","CI; Epower; Software; vending","1/8/2026 4:33:45 PM","1/8/2026 3:53:10 PM"
"18290","Bug","Sun Capital -  Remaining charges after deletion","Maryam Khaled <maryam.khaled@iskraemeco.com>","Closed","PI; Smart; Software; Suncapital","1/8/2026 4:24:54 PM","1/8/2026 3:19:50 PM"
"18291","Bug","Epower - Delete charge","Salma Ibrahim <salma.ibrahim@iskraemeco.com>","Closed","CI; Epower; Software; vending","1/8/2026 4:34:16 PM","1/8/2026 3:49:01 PM"
"18292","Bug","Epower - Modify charge","Salma Ibrahim <salma.ibrahim@iskraemeco.com>","Closed","CI; Epower; Software; vending","1/8/2026 4:34:36 PM","1/8/2026 3:53:16 PM"
"18293","Bug","Sun capital - Meter  deleted","Aya Mahmoud <aya.mahmoud@iskraemeco.com>","Closed","PI; Smart; Software; Suncapital","1/8/2026 4:54:05 PM","1/8/2026 4:32:58 PM"
"18294","Bug","Epower - System down","Maryam Khaled <maryam.khaled@iskraemeco.com>","Closed","Newgiza; PI; Smart; Software","1/8/2026 5:05:49 PM","1/8/2026 4:53:48 PM"
"18295","Bug","New Giza: Invoice Issue","Aya Mahmoud <aya.mahmoud@iskraemeco.com>","Closed","Newgiza; PI; Smart; Software","1/8/2026 5:58:11 PM","1/8/2026 5:44:56 PM"
"18299","Bug","Zimbabwe - Issue in readings","Salma Ibrahim <salma.ibrahim@iskraemeco.com>","Closed","CI; Smart; Software; Zimbabwe","1/11/2026 9:37:53 AM","1/11/2026 8:53:41 AM"
"18311","Bug","Deyar elharam Aqua Deployment 1.3","Salma Ibrahim <salma.ibrahim@iskraemeco.com>","Closed","aqua; Deyar Elharam; PI; Software","1/11/2026 1:14:44 PM","1/11/2026 11:13:21 AM"
"18317","Bug","Check Epower Billing Software","Khadija Eltantawy <khadija.eltantawy@iskraemeco.com>","Closed","CI; Epower; Smart; Software","1/11/2026 1:15:33 PM","1/11/2026 12:04:21 PM"
"18320","Bug","EPower: Backup Database Aqua","Salma Ibrahim <salma.ibrahim@iskraemeco.com>","Closed","aqua; CI; Epower; Software","1/11/2026 1:32:42 PM","1/11/2026 1:19:55 PM"
"18331","Bug","Epower - Aqua updated to 1.3 latest","Salma Ibrahim <salma.ibrahim@iskraemeco.com>","Closed","aqua; Epower; PI; Software","1/12/2026 9:19:32 AM","1/12/2026 8:05:17 AM"
"18332","Bug","New Giza: Checking active and inactive meter balance","Maryam Khaled <maryam.khaled@iskraemeco.com>","Closed","CI; Newgiza; Smart; Software","1/12/2026 2:04:07 PM","1/12/2026 11:10:57 AM"
"18334","Bug","Epower - Bo Island software update","Khadija Eltantawy <khadija.eltantawy@iskraemeco.com>","Closed","Epower; PI; Smart; Software","1/12/2026 8:35:04 PM","1/12/2026 11:26:55 AM"
"18335","Bug","Sun Capital -Update Billing Software","Khadija Eltantawy <khadija.eltantawy@iskraemeco.com>","Closed","PI; Smart; Software; Suncapital","1/12/2026 11:50:36 AM","1/12/2026 10:53:28 AM"
"18336","Bug","Epower - Sodic Update Billing Software","Aya Mahmoud <aya.mahmoud@iskraemeco.com>","Closed","Epower; PI; Smart; Software","1/12/2026 11:09:10 AM","1/12/2026 10:37:52 AM"
"18337","Bug","Epower - Estates update software","Khadija Eltantawy <khadija.eltantawy@iskraemeco.com>","Closed","Epower; PI; Smart; Software","1/12/2026 8:35:31 PM","1/12/2026 11:26:48 AM"
"18338","Bug","Somabay-Update Billing Software","Aya Mahmoud <aya.mahmoud@iskraemeco.com>","Closed","PI; Smart; Software; Somabay","1/12/2026 11:14:31 AM","1/12/2026 11:01:04 AM"
"18339","Bug","Epower - Chillout Update Billing Software","Aya Mahmoud <aya.mahmoud@iskraemeco.com>","Closed","Epower; PI; Smart; Software","1/12/2026 11:14:56 AM","1/12/2026 11:01:33 AM"
"18340","Bug","La Vista Update Billing Software","Maryam Khaled <maryam.khaled@iskraemeco.com>","Closed","Lavista; PI; Smart; Software","1/13/2026 9:24:45 AM","1/12/2026 2:04:39 PM"
"18341","Bug","Sddc settlment delete","Salma Ibrahim <salma.ibrahim@iskraemeco.com>","Closed","CI; Software; Tanta; Utility; vending","1/12/2026 11:27:57 AM","1/12/2026 11:09:18 AM"
"18342","Bug","New Giza: Update Software","Aya Mahmoud <aya.mahmoud@iskraemeco.com>","Closed","Newgiza; PI; Smart; Software","1/12/2026 11:09:37 AM","1/12/2026 10:38:17 AM"
"18343","Bug","Zimbabwe: Updating Software","Salma Ibrahim <salma.ibrahim@iskraemeco.com>","Closed","PI; Smart; Software; Zimbabwe","1/12/2026 10:53:11 AM","1/12/2026 10:41:00 AM"
"18345","Bug","Light power reports bug","Salma Ibrahim <salma.ibrahim@iskraemeco.com>","Closed","CI; Lightpower; Software; vending","1/12/2026 11:15:13 AM","1/12/2026 10:55:18 AM"
"18348","Bug","Zimbabwe: Readings","Salma Ibrahim <salma.ibrahim@iskraemeco.com>","Closed","CI; Smart; Software; Zimbabwe","1/15/2026 1:12:06 PM","1/12/2026 6:15:33 PM"
"18349","Bug","Zimbabwe- Adding Tariffs","Salma Ibrahim <salma.ibrahim@iskraemeco.com>","Closed","CI; Smart; Software; Zimbabwe","1/12/2026 4:10:41 PM","1/12/2026 3:04:35 PM"
"18364","Bug","Zimbabwe- Edit Meter Balances","Salma Ibrahim <salma.ibrahim@iskraemeco.com>","Closed","CI; Smart; Software; Zimbabwe","1/13/2026 2:50:02 PM","1/12/2026 5:31:09 PM"
"18366","Bug","Zimbabwe: Search for Payments","Salma Ibrahim <salma.ibrahim@iskraemeco.com>","Closed","CI; Smart; Software; Zimbabwe","1/12/2026 6:15:27 PM","1/12/2026 5:31:38 PM"
"18369","Bug","New Giza: Balances Issue","Aya Mahmoud <aya.mahmoud@iskraemeco.com>","Closed","Newgiza; PI; Smart; Software","1/12/2026 6:26:57 PM","1/12/2026 5:38:34 PM"
"18370","Bug","Amwaj: Deployment","Salma Ibrahim <salma.ibrahim@iskraemeco.com>","Closed","Amwaj; Korra; PI; Software; vending","1/13/2026 2:50:13 PM","1/13/2026 9:58:25 AM"
"18394","Bug","New Giza: Meter Synching Error","Aya Mahmoud <aya.mahmoud@iskraemeco.com>","Closed","Newgiza; PI; Smart; Software","1/13/2026 7:32:04 PM","1/13/2026 5:46:09 PM"
"18395","Bug","New Giza: Meter Synching Error","Aya Mahmoud <aya.mahmoud@iskraemeco.com>","Closed","Newgiza; PI; Smart; Software","1/13/2026 7:34:01 PM","1/13/2026 5:47:50 PM"
"18396","Bug","New Giza: Meter Synching Error","Aya Mahmoud <aya.mahmoud@iskraemeco.com>","Closed","Newgiza; PI; Smart; Software","1/13/2026 7:33:34 PM","1/13/2026 5:47:13 PM"
"18397","Bug","New Giza: Meter Synching Error","Khadija Eltantawy <khadija.eltantawy@iskraemeco.com>","Closed","CI; Newgiza; Smart; Software","1/14/2026 9:32:36 AM","1/14/2026 9:19:45 AM"
"18398","Bug","New Giza: Meter Synching Error","Khadija Eltantawy <khadija.eltantawy@iskraemeco.com>","Closed","CI; Newgiza; Smart; Software","1/14/2026 9:32:48 AM","1/14/2026 9:15:51 AM"
"18399","Bug","New Giza: Meter Synching Error","Khadija Eltantawy <khadija.eltantawy@iskraemeco.com>","Closed","CI; Newgiza; Smart; Software","1/14/2026 9:33:03 AM","1/14/2026 9:15:40 AM"
"18400","Bug","New Giza: Editing Tariffs Date","Maryam Khaled <maryam.khaled@iskraemeco.com>","Closed","CI; Newgiza; Smart; Software","1/14/2026 9:48:12 AM","1/14/2026 9:32:54 AM"
"18403","Bug","Sddc settlment issue","Ahmed Salam <ahmed.salam@iskraemeco.com>","Closed","PI; SDDC; Software; Utility; vending","1/13/2026 5:43:38 PM","1/13/2026 5:43:38 PM"
"18404","Bug","Emaar billing issue","Maryam Khaled <maryam.khaled@iskraemeco.com>","Closed","Emaar; PI; Smart; Software","1/14/2026 9:45:53 AM","1/14/2026 9:32:45 AM"
"18409","Bug","New Giza: Missing Readings","Maryam Khaled <maryam.khaled@iskraemeco.com>","Closed","CI; Newgiza; Smart; Software","1/14/2026 2:56:43 PM","1/14/2026 2:49:21 PM"
"18410","Bug","New Giza: Missing Readings","Khadija Eltantawy <khadija.eltantawy@iskraemeco.com>","Closed","CI; Newgiza; Smart; Software","1/14/2026 2:58:32 PM","1/14/2026 2:52:16 PM"
"18411","Bug","New Giza: Missing Readings","Aya Mahmoud <aya.mahmoud@iskraemeco.com>","Closed","Newgiza; PI; Smart; Software","1/14/2026 3:04:07 PM","1/14/2026 1:44:14 PM"
"18414","Bug","New Giza: Missing Readings","Maryam Khaled <maryam.khaled@iskraemeco.com>","Closed","Newgiza; PI; Smart; Software","1/14/2026 2:57:55 PM","1/14/2026 2:31:15 PM"
"18416","Bug","SDDC delete settlments","Salma Ibrahim <salma.ibrahim@iskraemeco.com>","Closed","CI; Software; Tanta; vending","1/15/2026 11:30:54 AM","1/15/2026 10:26:27 AM"
"18417","Bug","Roayaa - Billing software update","Maryam Khaled <maryam.khaled@iskraemeco.com>","Closed","PI; Roayaa; Smart; Software","1/15/2026 1:28:45 PM","1/15/2026 11:08:50 AM"
"18420","Bug","New Giza: Missing Invoice","Khadija Eltantawy <khadija.eltantawy@iskraemeco.com>","Closed","CI; Newgiza; Smart; Software","1/15/2026 5:01:02 PM","1/15/2026 1:11:36 PM"
"18421","Bug","New Giza: Missing Invoice","Aya Mahmoud <aya.mahmoud@iskraemeco.com>","Closed","Newgiza; PI; Smart; Software","1/15/2026 4:27:30 PM","1/15/2026 4:14:09 PM"
"18424","Bug","New Giza: Balance Issue","Salma Ibrahim <salma.ibrahim@iskraemeco.com>","Closed","CI; Newgiza; Smart; Software","1/15/2026 4:53:46 PM","1/15/2026 1:12:16 PM"
"18428","Bug","New Giza: Invoice Issue","Maryam Khaled <maryam.khaled@iskraemeco.com>","Closed","CI; Newgiza; Smart; Software","1/15/2026 5:06:31 PM","1/15/2026 4:27:18 PM"
"18429","Bug","Roayaa - Object Blob error in reports tab","Maryam Khaled <maryam.khaled@iskraemeco.com>","Closed","PI; Roayaa; Smart; Software","1/15/2026 5:07:25 PM","1/15/2026 4:42:32 PM"
"18459","Bug","New Giza: Missing Invoice","Aya Mahmoud <aya.mahmoud@iskraemeco.com>","Closed","Newgiza; PI; Smart; Software","1/18/2026 11:46:21 AM","1/18/2026 10:06:14 AM"
"18460","Bug","New Giza: Missing Invoice","Khadija Eltantawy <khadija.eltantawy@iskraemeco.com>","Closed","CI; Newgiza; Smart; Software","1/18/2026 11:44:43 AM","1/18/2026 11:31:20 AM"
"18462","Bug","New Giza: Missing Invoice","Aya Mahmoud <aya.mahmoud@iskraemeco.com>","Closed","Newgiza; PI; Smart; Software","1/18/2026 11:45:52 AM","1/18/2026 10:06:32 AM"
"18463","Bug","New Giza: Missing Invoice","Khadija Eltantawy <khadija.eltantawy@iskraemeco.com>","Closed","CI; Newgiza; Smart; Software","1/18/2026 11:30:57 AM","1/18/2026 11:18:36 AM"
"18464","Bug","New Giza: Missing Invoice","Aya Mahmoud <aya.mahmoud@iskraemeco.com>","Closed","Newgiza; PI; Smart; Software","1/18/2026 11:40:18 AM","1/18/2026 10:06:48 AM"
"18465","Bug","New Giza: Missing Invoice","Khadija Eltantawy <khadija.eltantawy@iskraemeco.com>","Closed","CI; Newgiza; Smart; Software","1/18/2026 11:58:34 AM","1/18/2026 10:38:27 AM"
"18466","Bug","New Giza: Missing Invoice","Khadija Eltantawy <khadija.eltantawy@iskraemeco.com>","Closed","CI; Newgiza; Smart; Software","1/18/2026 11:56:44 AM","1/18/2026 11:48:58 AM"
"18470","Bug","SDDC - Delete charge","Salma Ibrahim <salma.ibrahim@iskraemeco.com>","Closed","CI; SDDC; Tanta; Utility; vending","1/18/2026 11:17:38 AM","1/18/2026 11:13:49 AM"
"18499","Bug","Dunes: Aqua Upgrade 1.3 to 1.3 latest","Salma Ibrahim <salma.ibrahim@iskraemeco.com>","Closed","aqua; Dunes; PI; Software","1/18/2026 12:54:19 PM","1/18/2026 11:25:58 AM"
"18500","Bug","Amwaj: Vending login problem","Ahmed Salam <ahmed.salam@iskraemeco.com>","Closed","Amwaj; PI; Software; vending","1/18/2026 3:50:56 PM","1/18/2026 3:50:56 PM"
"18508","Bug","New Giza: Balance Transfer From Old System","Khadija Eltantawy <khadija.eltantawy@iskraemeco.com>","Closed","Newgiza; PI; Smart; Software","1/18/2026 1:59:04 PM","1/18/2026 1:44:50 PM"
"18509","Bug","ADC: Old Vending adding new users","Salma Ibrahim <salma.ibrahim@iskraemeco.com>","Closed","Alex; CI; Software; vending","1/18/2026 6:23:45 PM","1/18/2026 3:00:14 PM"
"18510","Bug","New Giza: Missing Invoice","Aya Mahmoud <aya.mahmoud@iskraemeco.com>","Closed","Newgiza; PI; Smart; Software","1/18/2026 4:22:23 PM","1/18/2026 3:54:31 PM"
"18512","Bug","Sheraton villas - Aqua software upgrade from 1.3 to 1.3 latest","Salma Ibrahim <salma.ibrahim@iskraemeco.com>","Closed","aqua; PI; Sheraton Sharm; Software","1/19/2026 10:20:42 AM","1/19/2026 9:57:07 AM"
"18514","Bug","ADC: Vending adding new user","Salma Ibrahim <salma.ibrahim@iskraemeco.com>","Closed","Alex; CI; Software; vending","1/19/2026 11:41:11 AM","1/19/2026 11:18:54 AM"
"18515","Bug","Kattameya - Edit friendly time from database","Salma Ibrahim <salma.ibrahim@iskraemeco.com>","Closed","aqua; CI; Kattameya; Software","1/19/2026 11:49:43 AM","1/19/2026 11:19:18 AM"
"18517","Bug","Stone Heights- Aqua deployment","Salma Ibrahim <salma.ibrahim@iskraemeco.com>","Closed","aqua; PI; Software; Stone Heights","1/19/2026 3:49:28 PM","1/19/2026 1:00:08 PM"
"18520","Bug","New Giza - Missing invoices","Aya Mahmoud <aya.mahmoud@iskraemeco.com>","Closed","Newgiza; PI; Smart; Software","1/19/2026 2:14:34 PM","1/19/2026 1:35:42 PM"
"18522","Bug","Amer group - billing deployment","Aya Mahmoud <aya.mahmoud@iskraemeco.com>","Closed","Amer group; PI; Smart; Software","1/19/2026 2:23:55 PM","1/19/2026 1:50:52 PM"
"18523","Bug","Amer group - 360 deployment","Maryam Khaled <maryam.khaled@iskraemeco.com>","Closed","Amer group; PI; Smart","1/19/2026 5:05:54 PM","1/19/2026 2:16:32 PM"
"18528","Bug","Elkhamayel- Update Aqua 1.3 to latest","Maryam Khaled <maryam.khaled@iskraemeco.com>","Closed","aqua; ElKhamayl; PI; Software","1/20/2026 10:36:29 AM","1/20/2026 10:06:12 AM"
"18530","Bug","New Giza: Balance Transfer","Aya Mahmoud <aya.mahmoud@iskraemeco.com>","Closed","Newgiza; PI; Smart; Software","1/20/2026 11:29:44 AM","1/20/2026 11:13:02 AM"
"18531","Bug","New Giza: Missing Invoice","Khadija Eltantawy <khadija.eltantawy@iskraemeco.com>","Closed","Newgiza; PI; Smart; Software","1/20/2026 11:59:36 AM","1/20/2026 11:28:06 AM"
"18534","Bug","South Delta - Tanta - Checking Reports","Salma Ibrahim <salma.ibrahim@iskraemeco.com>","Closed","CI; Software; Tanta; vending","1/20/2026 12:37:22 PM","1/20/2026 11:22:03 AM"
"18536","Bug","New Giza: Missing Invoice","Khadija Eltantawy <khadija.eltantawy@iskraemeco.com>","Closed","Newgiza; PI; Smart; Software","1/20/2026 11:31:23 AM","1/20/2026 11:13:04 AM"
"18537","Bug","South Delta - Delete charge","Ahmed Salam <ahmed.salam@iskraemeco.com>","Closed","CI; Software; Tanta; vending","1/20/2026 12:43:22 PM","1/20/2026 12:43:22 PM"
"18541","Bug","Korra- Remove Epower Logo from invoices","Salma Ibrahim <salma.ibrahim@iskraemeco.com>","Closed","CI; Korra; Software; vending","1/20/2026 12:55:44 PM","1/20/2026 12:45:59 PM"
"18542","Bug","Stone Heights- Check Aqua Software Port","Salma Ibrahim <salma.ibrahim@iskraemeco.com>","Closed","aqua; CI; Software; Stone Heights","1/20/2026 12:55:27 PM","1/20/2026 12:46:30 PM"
"18543","Bug","South Delta - Delete charge","Salma Ibrahim <salma.ibrahim@iskraemeco.com>","Closed","CI; Software; Tanta; vending","1/20/2026 2:58:00 PM","1/20/2026 2:07:28 PM"
"18544","Bug","Roayaa - Error while uploading meter readings template","Khadija Eltantawy <khadija.eltantawy@iskraemeco.com>","Closed","PI; Roayaa; Smart; Software","1/20/2026 4:41:57 PM","1/20/2026 2:21:54 PM"
"18546","Bug","Sun Capital - Remove duplicate unit number","Khadija Eltantawy <khadija.eltantawy@iskraemeco.com>","Closed","CI; Smart; Software; Suncapital","1/20/2026 8:35:02 PM","1/20/2026 8:13:34 PM"
"18549","Bug","New Giza: Missing Invoice","Aya Mahmoud <aya.mahmoud@iskraemeco.com>","Closed","Newgiza; PI; Smart; Software","1/21/2026 10:45:47 AM","1/21/2026 9:53:32 AM"
"18550","Bug","New Giza: Missing Invoice","Khadija Eltantawy <khadija.eltantawy@iskraemeco.com>","Closed","Newgiza; PI; Smart; Software","1/21/2026 10:40:33 AM","1/21/2026 9:53:30 AM"
"18551","Bug","New Giza: Missing Invoice","Aya Mahmoud <aya.mahmoud@iskraemeco.com>","Closed","Newgiza; PI; Smart; Software","1/21/2026 10:49:51 AM","1/21/2026 9:56:54 AM"
"18553","Bug","New Giza: Missing Invoice","Khadija Eltantawy <khadija.eltantawy@iskraemeco.com>","Closed","Newgiza; PI; Smart; Software","1/21/2026 11:08:17 AM","1/21/2026 10:43:43 AM"
"18554","Bug","New Giza: Missing Invoice","Maryam Khaled <maryam.khaled@iskraemeco.com>","Closed","CI; Newgiza; Smart; Software","1/21/2026 11:06:13 AM","1/21/2026 10:55:09 AM"
"18555","Bug","New Giza: Missing Invoice","Aya Mahmoud <aya.mahmoud@iskraemeco.com>","Closed","Newgiza; PI; Smart; Software","1/21/2026 10:47:42 AM","1/21/2026 10:03:25 AM"
"18557","Bug","Zimbabwe- Error in meter readings","Khadija Eltantawy <khadija.eltantawy@iskraemeco.com>","Closed","CI; Smart; Software; Zimbabwe","1/21/2026 11:23:25 AM","1/21/2026 11:08:51 AM"
"18558","Bug","Zimbabwe- Error in meter readings","Salma Ibrahim <salma.ibrahim@iskraemeco.com>","Closed","CI; Smart; Software; Zimbabwe","1/21/2026 12:12:11 PM","1/21/2026 11:04:52 AM"
"18560","Bug","Kattameya Heights - Consumption reports","Salma Ibrahim <salma.ibrahim@iskraemeco.com>","Closed","aqua; Kattameya; PI; Software","1/21/2026 11:22:03 AM","1/21/2026 11:05:20 AM"
"18562","Bug","Marassi Emaar: Bill Cycle Error","Aya Mahmoud <aya.mahmoud@iskraemeco.com>","Closed","Emaar; PI; Smart; Software","1/21/2026 12:49:12 PM","1/21/2026 12:08:39 PM"
"18564","Bug","Light Power - Change user password from database","Salma Ibrahim <salma.ibrahim@iskraemeco.com>","Closed","CI; Lightpower; Software; vending","1/21/2026 1:16:40 PM","1/21/2026 12:12:47 PM"
"18567","Bug","Tatweer - Meters exchanged","Khadija Eltantawy <khadija.eltantawy@iskraemeco.com>","Closed","CI; Fouka; Smart; Software","1/21/2026 2:57:11 PM","1/21/2026 2:26:47 PM"
"18568","Bug","Roayaa - Changing meter status to new","Maryam Khaled <maryam.khaled@iskraemeco.com>","Closed","CI; Roayaa; Smart; Software","1/21/2026 2:37:12 PM","1/21/2026 2:20:31 PM"
"18569","Bug","Light Power - Change users permissions","Salma Ibrahim <salma.ibrahim@iskraemeco.com>","Closed","CI; Lightpower; Software; vending","1/21/2026 1:50:34 PM","1/21/2026 1:18:27 PM"
"18570","Bug","Travco- Synch Meter Readings","Maryam Khaled <maryam.khaled@iskraemeco.com>","Closed","Almaza bay; PI; Smart; Software","1/21/2026 2:56:07 PM","1/21/2026 2:37:34 PM"
"18572","Bug","Waterway: Vending Deployment","Salma Ibrahim <salma.ibrahim@iskraemeco.com>","Closed","PI; Software; vending; Waterway","1/22/2026 12:28:03 PM","1/22/2026 11:26:30 AM"
"18573","Bug","Roayaa - Error while downloading template","Maryam Khaled <maryam.khaled@iskraemeco.com>","Closed","PI; Roayaa; Smart; Software","1/21/2026 5:20:17 PM","1/21/2026 4:06:10 PM"
"18574","Bug","New Giza: Missing Invoice","Aya Mahmoud <aya.mahmoud@iskraemeco.com>","Closed","Newgiza; PI; Smart; Software","1/21/2026 5:08:32 PM","1/21/2026 4:06:10 PM"
"18575","Bug","New Giza: Missing Invoice","Maryam Khaled <maryam.khaled@iskraemeco.com>","Closed","CI; Newgiza; Smart; Software","1/21/2026 5:25:38 PM","1/21/2026 5:20:45 PM"
"18576","Bug","New Giza: Missing Invoice","Khadija Eltantawy <khadija.eltantawy@iskraemeco.com>","Closed","CI; Newgiza; Smart; Software","1/21/2026 7:24:00 PM","1/21/2026 5:25:40 PM"
"18577","Bug","Roayaa - Change meter serial number","Khadija Eltantawy <khadija.eltantawy@iskraemeco.com>","Closed","CI; Roayaa; Smart; Software","1/21/2026 7:23:37 PM","1/21/2026 5:29:43 PM"
"18578","Bug","Roayaa - Change serial number","Maryam Khaled <maryam.khaled@iskraemeco.com>","Closed","CI; Roayaa; Smart; Software","1/21/2026 5:34:33 PM","1/21/2026 5:27:25 PM"
"18580","Bug","Epower adding charge","Salma Ibrahim <salma.ibrahim@iskraemeco.com>","Closed","Epower; PI; Software; vending","1/21/2026 6:16:15 PM","1/21/2026 5:44:19 PM"
"18588","Bug","New Giza: Investigating Meters","Aya Mahmoud <aya.mahmoud@iskraemeco.com>","Closed","Newgiza; PI; Smart; Software","1/22/2026 3:55:46 PM","1/22/2026 2:24:38 PM"
"18608","Bug","El hayat Resort - Services down","Ahmed Salam <ahmed.salam@iskraemeco.com>","Closed","El hayat Resort; PI; Software; vending","1/25/2026 9:31:57 AM","1/25/2026 9:31:51 AM"
"18610","Bug","Alexandria: Remove user from one POS to another","Salma Ibrahim <salma.ibrahim@iskraemeco.com>","Closed","Alex; CI; Software; Utility; vending","1/25/2026 9:59:28 AM","1/25/2026 9:44:49 AM"
"18627","Bug","Amwaj: Charge Deletion","Salma Ibrahim <salma.ibrahim@iskraemeco.com>","Closed","Amwaj; CI; Software; vending","1/25/2026 1:52:37 PM","1/25/2026 1:21:36 PM"
"18628","Bug","Epower - Sodic deployment configuration","Khadija Eltantawy <khadija.eltantawy@iskraemeco.com>","Closed","Epower; PI; Smart; Software","1/25/2026 4:42:18 PM","1/25/2026 3:07:02 PM"
"18629","Bug","Epower - Chillout deployment configuration","Maryam Khaled <maryam.khaled@iskraemeco.com>","Closed","Epower; PI; Smart; Software","1/25/2026 2:13:13 PM","1/25/2026 1:30:29 PM"
"18631","Bug","New Giza: Missing Invoices","Khadija Eltantawy <khadija.eltantawy@iskraemeco.com>","Closed","CI; Newgiza; Smart; Software","1/25/2026 4:42:45 PM","1/25/2026 2:41:57 PM"
"18632","Bug","Kattameya Heights - Get aqua link","Salma Ibrahim <salma.ibrahim@iskraemeco.com>","Closed","aqua; CI; Kattameya; Software","1/25/2026 2:46:09 PM","1/25/2026 2:24:33 PM"
"18633","Bug","New Giza: Missing Invoices","Maryam Khaled <maryam.khaled@iskraemeco.com>","Closed","CI; Newgiza; Smart; Software","1/25/2026 2:58:16 PM","1/25/2026 2:40:49 PM"
"18634","Bug","Emaar - Uptown balance issue","Maryam Khaled <maryam.khaled@iskraemeco.com>","Closed","Emaar; PI; Smart; Software","1/25/2026 2:39:27 PM","1/25/2026 2:19:45 PM"
"18637","Bug","New Giza: Invoice Issue","Aya Mahmoud <aya.mahmoud@iskraemeco.com>","Closed","Newgiza; PI; Smart; Software","1/25/2026 4:43:00 PM","1/25/2026 4:33:04 PM"
"18638","Bug","New Giza: Invoice Issue","Aya Mahmoud <aya.mahmoud@iskraemeco.com>","Closed","Newgiza; PI; Smart; Software","1/25/2026 4:43:28 PM","1/25/2026 4:33:23 PM"
"18639","Bug","SDDC - Tanta - Delete duplicated charge","Salma Ibrahim <salma.ibrahim@iskraemeco.com>","Closed","CI; Software; Tanta; vending","1/25/2026 6:13:25 PM","1/25/2026 3:56:40 PM"
"18645","Bug","New Giza: Missing Invoices","Aya Mahmoud <aya.mahmoud@iskraemeco.com>","Closed","Newgiza; PI; Smart; Software","1/25/2026 6:00:30 PM","1/25/2026 5:24:50 PM"
"18648","Bug","Cleopatra Mall: New Vending deployment","Salma Ibrahim <salma.ibrahim@iskraemeco.com>","Closed","Cleopatra; PI; Software; vending","1/27/2026 3:47:51 PM","1/26/2026 1:49:58 PM"
"18649","Bug","Light Sharm Capella: Vending down","Salma Ibrahim <salma.ibrahim@iskraemeco.com>","Closed","Capella; CI; Light Sharm; vending","1/26/2026 1:01:20 PM","1/26/2026 12:06:08 PM"
"18650","Bug","New Giza: Balance Transfer","Aya Mahmoud <aya.mahmoud@iskraemeco.com>","Closed","Newgiza; PI; Smart; Software","1/26/2026 12:39:31 PM","1/26/2026 12:15:15 PM"
"18657","Bug","Emaar - Uptown - Incorrect balance","Aya Mahmoud <aya.mahmoud@iskraemeco.com>","Closed","Emaar; PI; Smart; Software","1/26/2026 5:02:46 PM","1/26/2026 4:25:13 PM"
"18662","Bug","Epower - Sync meter billing issue","Maryam Khaled <maryam.khaled@iskraemeco.com>","Closed","Epower; PI; Smart; Software","1/26/2026 4:53:45 PM","1/26/2026 4:29:32 PM"
"18668","Bug","Epower - Badya - Synhronization issues","Khadija Eltantawy <khadija.eltantawy@iskraemeco.com>","Closed","Epower; PI; Smart; Software","1/27/2026 4:59:43 PM","1/27/2026 4:35:21 PM"
"18670","Bug","Scdc - Tanta - Delete charge","Ahmed Salam <ahmed.salam@iskraemeco.com>","Closed","CI; Software; Tanta; Utility; vending","1/27/2026 10:17:18 AM","1/27/2026 10:17:18 AM"
"18673","Bug","Tiba View: Upgrading Aqua System to 1.3","Maryam Khaled <maryam.khaled@iskraemeco.com>","Closed","aqua; PI; Software; Tiba","1/28/2026 3:17:44 PM","1/27/2026 11:17:57 AM"
"18674","Bug","Tatweer - Fouka Bay - Edit activation date and delete balance","Khadija Eltantawy <khadija.eltantawy@iskraemeco.com>","Closed","CI; Smart; Software; Tatweer","1/27/2026 1:33:16 PM","1/27/2026 1:07:24 PM"
"18675","Bug","Zimbabwe - Upload customer","Salma Ibrahim <salma.ibrahim@iskraemeco.com>","Closed","CI; Smart; Software; Zimbabwe","1/28/2026 8:12:11 PM","1/27/2026 11:27:22 AM"
"18678","Bug","Capital Galleria- Collection Card Problem","Salma Ibrahim <salma.ibrahim@iskraemeco.com>","Closed","Capital Galleria; CI; Software; vending","1/28/2026 1:15:26 PM","1/27/2026 3:48:05 PM"
"18680","Bug","UEDC: Charge Deletion","Ahmed Salam <ahmed.salam@iskraemeco.com>","Closed","CI; Software; UEDC; vending","1/27/2026 3:55:02 PM","1/27/2026 2:06:28 PM"
"18682","Bug","Alexandria: Old vending adding new users","Maryam Khaled <maryam.khaled@iskraemeco.com>","Closed","Alex; CI; Software; Utility; vending","1/27/2026 1:50:39 PM","1/27/2026 12:48:23 PM"
"18684","Bug","Mena Oasis - Activating 3 phase meters on vending system","Ahmed Salam <ahmed.salam@iskraemeco.com>","Closed","Mena Oasis; PI; Software; vending","1/27/2026 1:30:54 PM","1/27/2026 1:30:54 PM"
"18700","Bug","Roayaa - Add Unit No","Khadija Eltantawy <khadija.eltantawy@iskraemeco.com>","Closed","PI; Roayaa; Smart; Software","1/28/2026 10:04:12 AM","1/28/2026 9:31:09 AM"
"18706","Bug","Uptown - Check Meter balance","Aya Mahmoud <aya.mahmoud@iskraemeco.com>","Closed","Emaar; PI; Smart; Software","1/28/2026 12:22:54 PM","1/28/2026 11:35:36 AM"
"18707","Bug","SCDC - Tanta - Delete charge","Ahmed Salam <ahmed.salam@iskraemeco.com>","Closed","CI; SDDC; Software; vending","1/28/2026 11:34:52 AM","1/28/2026 11:23:43 AM"
"18708","Bug","Emaar Marassi: Check Meter Balance","Maryam Khaled <maryam.khaled@iskraemeco.com>","Closed","Emaar; PI; Smart; Software","1/28/2026 12:23:32 PM","1/28/2026 11:46:29 AM"
"18715","Bug","Prime- Remove Power Factor settlement","Maryam Khaled <maryam.khaled@iskraemeco.com>","Closed","PI; Prime; Software; vending","1/28/2026 4:12:42 PM","1/28/2026 3:29:05 PM"
"18717","Bug","New Giza: Balance Issue","Khadija Eltantawy <khadija.eltantawy@iskraemeco.com>","Closed","CI; Newgiza; Smart; Software","1/29/2026 8:55:48 AM","1/29/2026 8:50:16 AM"
"18804","Bug","Alamin: Vending Down","Ahmed Salam <ahmed.salam@iskraemeco.com>","Closed","Alamin; CI; Software; vending","2/1/2026 9:23:17 AM","2/1/2026 9:21:00 AM"
"18805","Bug","Light power - Update meter types in software","Salma Ibrahim <salma.ibrahim@iskraemeco.com>","Closed","CI; Lightpower; Software; vending","2/1/2026 10:40:35 AM","2/1/2026 9:35:23 AM"
"18821","Bug","Zimbabwe: Change Meter Balance","Salma Ibrahim <salma.ibrahim@iskraemeco.com>","Closed","CI; Smart; Software; Zimbabwe","2/1/2026 10:38:33 AM","2/1/2026 10:25:13 AM"
"18826","Bug","Light Power - Error while reading or writing on card","Salma Ibrahim <salma.ibrahim@iskraemeco.com>","Closed","CI; Lightpower; Software; vending","2/1/2026 4:00:12 PM","2/1/2026 3:13:02 PM"
"18831","Bug","Light Power - Delete charges from database","Maryam Khaled <maryam.khaled@iskraemeco.com>","Closed","CI; Lightpower; Software; vending","2/1/2026 5:03:22 PM","2/1/2026 4:01:44 PM"
"18832","Bug","Light Power - Change in port number","Salma Ibrahim <salma.ibrahim@iskraemeco.com>","Closed","CI; Lightpower; Software; vending","2/4/2026 3:59:40 PM","2/4/2026 3:51:50 PM"
"18835","Bug","Tanta - Edit Script","Ahmed Salam <ahmed.salam@iskraemeco.com>","Closed","CI; SDDC; Software; vending","2/1/2026 5:02:41 PM","2/1/2026 5:02:37 PM"
"18836","Bug","Alamin Report Issue Investigation","Ahmed Salam <ahmed.salam@iskraemeco.com>","Closed","Alamin; CI; Software; vending","2/1/2026 5:03:05 PM","2/1/2026 5:03:05 PM"
"18837","Bug","Scandeck: Old vending removing charge","Salma Ibrahim <salma.ibrahim@iskraemeco.com>","Closed","CI; ScanDeck; vending","2/2/2026 10:26:11 AM","2/2/2026 9:47:20 AM"
"18839","Bug","Light Power - Activate all types of meters on system","Salma Ibrahim <salma.ibrahim@iskraemeco.com>","Closed","CI; Lightpower; Software; vending","2/2/2026 10:26:26 AM","2/2/2026 9:46:41 AM"
"18841","Bug","New Giza: Repeated Invoices","Maryam Khaled <maryam.khaled@iskraemeco.com>","Closed","Newgiza; PI; Smart; Software","2/2/2026 10:00:09 AM","2/2/2026 9:42:42 AM"
"18842","Bug","New Giza: Repeated Invoices","Khadija Eltantawy <khadija.eltantawy@iskraemeco.com>","Closed","Newgiza; PI; Smart; Software","2/2/2026 9:56:25 AM","2/2/2026 9:42:33 AM"
"18844","Bug","Somabay - Relay Status Problem","Aya Mahmoud <aya.mahmoud@iskraemeco.com>","Closed","PI; Smart; Software; Somabay","2/2/2026 10:27:59 AM","2/2/2026 9:59:17 AM"
"18845","Bug","Kattameya Heights - Upgrade Aqua software from 1.2 to 1.3","Salma Ibrahim <salma.ibrahim@iskraemeco.com>","Closed","aqua; Kattameya; PI; Software","2/2/2026 12:19:05 PM","2/2/2026 11:57:29 AM"
"18846","Bug","ORA: Aqua Upgrade from 1.2 to 1.3 latest","Maryam Khaled <maryam.khaled@iskraemeco.com>","Closed","aqua; Ora; PI; Software","2/2/2026 11:59:28 AM","2/2/2026 11:03:39 AM"
"18848","Bug","Epower - Icity October - Delete Charge","Ahmed Salam <ahmed.salam@iskraemeco.com>","Closed","aqua; CI; Epower; Software","2/2/2026 11:57:48 AM","2/2/2026 11:14:52 AM"
"18853","Bug","New Giza: Missing Invoices","Aya Mahmoud <aya.mahmoud@iskraemeco.com>","Closed","Newgiza; PI; Smart; Software","2/2/2026 12:39:57 PM","2/2/2026 12:14:07 PM"
"18855","Bug","Veranda: Upgrading Aqua system to 1.3 Latest","Khadija Eltantawy <khadija.eltantawy@iskraemeco.com>","Closed","aqua; PI; Software; Veranda","2/2/2026 2:26:05 PM","2/2/2026 2:01:41 PM"
"18858","Bug","Sheraton Sharm: Upgrading Aqua system to 1.3 Latest","Salma Ibrahim <salma.ibrahim@iskraemeco.com>","Closed","aqua; PI; Sheraton Sharm; Software","2/2/2026 4:06:15 PM","2/2/2026 2:38:37 PM"
"18861","Bug","New Giza: Missing Invoice","Maryam Khaled <maryam.khaled@iskraemeco.com>","Closed","CI; Newgiza; Smart; Software","2/2/2026 3:43:16 PM","2/2/2026 3:31:09 PM"
"18863","Bug","Seaview- Update Aqua to 1.3 latest","Aya Mahmoud <aya.mahmoud@iskraemeco.com>","Closed","aqua; PI; Seaview; Software","2/2/2026 3:09:31 PM","2/2/2026 2:52:12 PM"
"18864","Bug","Suncapital- Check meter payments from database","Khadija Eltantawy <khadija.eltantawy@iskraemeco.com>","Closed","CI; SEM; Software; Suncapital","2/2/2026 2:57:41 PM","2/2/2026 2:41:40 PM"
"18912","Bug","New Giza: Update License","Maryam Khaled <maryam.khaled@iskraemeco.com>","Closed","CI; Newgiza; Smart; Software","2/3/2026 9:54:13 AM","2/3/2026 9:44:08 AM"
"18918","Bug","Elkhamayel- delete charges from database","Ahmed Salam <ahmed.salam@iskraemeco.com>","Closed","aqua; CI; ElKhamayl; Software","2/3/2026 1:12:38 PM","2/3/2026 1:12:38 PM"
"18921","Bug","Zimbabwe: Initial Balance Update","Maryam Khaled <maryam.khaled@iskraemeco.com>","Closed","PI; Smart; Software; Zimbabwe","2/3/2026 2:37:16 PM","2/3/2026 2:02:29 PM"
"18925","Bug","Marassi Emaar: Wrong Meters Synchronization","Aya Mahmoud <aya.mahmoud@iskraemeco.com>","Closed","Emaar; PI; Smart; Software","2/3/2026 6:09:42 PM","2/3/2026 5:33:23 PM"
"18926","Bug","Souma Bay: Meters with date and balances issues","Aya Mahmoud <aya.mahmoud@iskraemeco.com>","Closed","PI; Smart; Software; Somabay","2/3/2026 6:32:12 PM","2/3/2026 5:33:14 PM"
"18943","Bug","Zimbabwe - Revise Meter readings","Khadija Eltantawy <khadija.eltantawy@iskraemeco.com>","Closed","CI; Smart; Software; Zimbabwe","2/4/2026 2:06:27 PM","2/4/2026 1:44:59 PM"
"18944","Bug","5A Utilities: Fawry Deployment","Salma Ibrahim <salma.ibrahim@iskraemeco.com>","Closed","5A; Fawry; PI; vending","2/4/2026 2:36:53 PM","2/4/2026 1:43:33 PM"
"18945","Bug","Point 90 Utilities: Fawry Deployment","Salma Ibrahim <salma.ibrahim@iskraemeco.com>","Closed","Fawry; PI; Point90; vending","2/4/2026 2:36:07 PM","2/4/2026 1:44:10 PM"
"18946","Bug","Ahl Masr Utilities: Deployment fawry","Aya Mahmoud <aya.mahmoud@iskraemeco.com>","Closed","Ahl Masr; PI; Software; vending","2/4/2026 2:05:26 PM","2/4/2026 1:43:19 PM"
"18947","Bug","Alamin - Elsewedy utilities fawry deployment","Khadija Eltantawy <khadija.eltantawy@iskraemeco.com>","Closed","Fawry; PI; Software; vending","2/4/2026 2:00:58 PM","2/4/2026 1:44:00 PM"
"18948","Bug","Oneway- Elsewedy utilities fawry deployment","Salma Ibrahim <salma.ibrahim@iskraemeco.com>","Closed","Fawry; OneWay; PI; Software; vending","2/4/2026 2:37:09 PM","2/4/2026 1:43:10 PM"
"18949","Bug","Ahl Misr - E Finance Deployment","Salma Ibrahim <salma.ibrahim@iskraemeco.com>","Closed","Ahl Masr; efinance; PI; vending","2/4/2026 2:57:05 PM","2/4/2026 2:36:45 PM"
"18956","Bug","Utilities Alamin: Settlement Issue","Salma Ibrahim <salma.ibrahim@iskraemeco.com>","Closed","Alamin; CI; Software; vending","2/4/2026 3:51:00 PM","2/4/2026 2:56:36 PM"
"18961","Bug","Zimbabwe - Change Activation date","Salma Ibrahim <salma.ibrahim@iskraemeco.com>","Closed","billing; CI; Smart; Zimbabwe","2/4/2026 3:59:26 PM","2/4/2026 3:53:56 PM"
"18966","Bug","Somabay- No updated readings in meters","Aya Mahmoud <aya.mahmoud@iskraemeco.com>","Closed","PI; Smart; Software; Somabay","2/5/2026 12:51:02 PM","2/5/2026 9:34:07 AM"
"18967","Bug","Somabay- Status error in meters","Aya Mahmoud <aya.mahmoud@iskraemeco.com>","Closed","PI; Smart; Software; Somabay","2/5/2026 12:50:39 PM","2/5/2026 9:34:23 AM"
"18968","Bug","Somabay- Wrong activation date and no data in meters","Aya Mahmoud <aya.mahmoud@iskraemeco.com>","Closed","PI; Smart; Software; Somabay","2/5/2026 12:50:07 PM","2/5/2026 9:34:35 AM"
"18970","Bug","New Giza: Missing Invoices","Maryam Khaled <maryam.khaled@iskraemeco.com>","Closed","CI; Newgiza; Smart; Software","2/5/2026 1:52:39 PM","2/5/2026 1:29:55 PM"
"18971","Bug","New Giza: Missing Invoice","Maryam Khaled <maryam.khaled@iskraemeco.com>","Closed","CI; Newgiza; Smart; Software","2/5/2026 1:29:22 PM","2/5/2026 12:36:03 PM"
"18972","Bug","Roaya: Switching Meters","Maryam Khaled <maryam.khaled@iskraemeco.com>","Closed","CI; Roayaa; Smart; Software","2/5/2026 12:26:57 PM","2/5/2026 12:20:37 PM"
"18974","Bug","Zimbabwe: Remove Account","Ahmed Salam <ahmed.salam@iskraemeco.com>","Closed","CI; Smart; Software; Zimbabwe","2/5/2026 12:25:11 PM","2/5/2026 12:22:50 PM"
"18979","Bug","Alamin Utilities: Editing Reports in Vending","Salma Ibrahim <salma.ibrahim@iskraemeco.com>","Closed","Alamin; CI; Software; vending","2/5/2026 2:51:23 PM","2/5/2026 1:43:42 PM"
"18980","Bug","New Giza: Missing Invoice","Maryam Khaled <maryam.khaled@iskraemeco.com>","Closed","Newgiza; PI; Smart; Software","2/5/2026 4:33:10 PM","2/5/2026 4:16:02 PM"
"18981","Bug","Alamin Utilities: Acquiring System Number","Salma Ibrahim <salma.ibrahim@iskraemeco.com>","Closed","Alamin; CI; Software; vending","2/5/2026 3:56:49 PM","2/5/2026 3:40:12 PM"
"18982","Bug","Zimbabwe: Adding New Tarrif","Salma Ibrahim <salma.ibrahim@iskraemeco.com>","Closed","CI; Smart; Software; Zimbabwe","2/5/2026 3:56:37 PM","2/5/2026 3:40:24 PM"
"18983","Bug","LaVie: Vending Deployment","Salma Ibrahim <salma.ibrahim@iskraemeco.com>","Closed","lavie; PI; Software; vending","2/5/2026 5:35:37 PM","2/5/2026 3:39:57 PM"
"18985","Bug","New Giza: Missing Invoice","Maryam Khaled <maryam.khaled@iskraemeco.com>","Closed","CI; Newgiza; Smart; Software","2/5/2026 5:48:29 PM","2/5/2026 4:33:52 PM"
"18987","Bug","Somabay edit unit number","Aya Mahmoud <aya.mahmoud@iskraemeco.com>","Closed","PI; Smart; Software; Somabay","2/5/2026 5:27:55 PM","2/5/2026 4:55:23 PM"
"18988","Bug","Waterway vending deployment","Ahmed Salam <ahmed.salam@iskraemeco.com>","Closed","CI; PI; Software; Waterway","2/5/2026 5:18:35 PM","2/5/2026 5:18:35 PM"
"19057","Bug","Somabay- Edit meter name","Aya Mahmoud <aya.mahmoud@iskraemeco.com>","Closed","CI; Smart; Software; Somabay","2/8/2026 10:40:50 AM","2/8/2026 10:32:43 AM"
"19070","Bug","New Giza: Repeated Invoices","Khadija Eltantawy <khadija.eltantawy@iskraemeco.com>","Closed","Newgiza; PI; Smart; Software","2/8/2026 12:49:51 PM","2/8/2026 12:00:16 PM"
"19076","Bug","New Giza: Missing Invoice","Aya Mahmoud <aya.mahmoud@iskraemeco.com>","Closed","Newgiza; PI; Smart; Software","2/8/2026 5:02:52 PM","2/8/2026 2:51:50 PM"
"19077","Bug","Fouka: Wrong Meters added to the units","Khadija Eltantawy <khadija.eltantawy@iskraemeco.com>","Closed","CI; Fouka; Smart; Software","2/8/2026 5:02:44 PM","2/8/2026 4:40:04 PM"
"19078","Bug","Lightpower- Dropdown of subdivision is not working","Salma Ibrahim <salma.ibrahim@iskraemeco.com>","Closed","Lightpower; PI; Software; vending","2/8/2026 3:08:25 PM","2/8/2026 2:41:25 PM"
"19079","Bug","New Gizza: Missing Invoice","Aya Mahmoud <aya.mahmoud@iskraemeco.com>","Closed","Newgiza; PI; Smart; Software","2/8/2026 5:01:17 PM","2/8/2026 2:52:01 PM"
"19080","Bug","New Giza: Missing Invoice","Aya Mahmoud <aya.mahmoud@iskraemeco.com>","Closed","Newgiza; PI; Smart; Software","2/8/2026 4:56:36 PM","2/8/2026 2:52:10 PM"
"19082","Bug","KAI: Aqua removing charges from database","Salma Ibrahim <salma.ibrahim@iskraemeco.com>","Closed","aqua; CI; KAI; Software","2/8/2026 4:07:45 PM","2/8/2026 3:34:08 PM"
"19083","Bug","KAI: Aqua removing meter from database","Salma Ibrahim <salma.ibrahim@iskraemeco.com>","Closed","aqua; CI; KAI; Software","2/8/2026 4:07:27 PM","2/8/2026 3:33:57 PM"
"19087","Bug","Epower - Bo Island -  Billing configurations","Maryam Khaled <maryam.khaled@iskraemeco.com>","Closed","Bo Island; Epower; PI; Smart; Software","2/8/2026 5:42:56 PM","2/8/2026 5:32:19 PM"
"19088","Bug","Epower - Chillout -  Billing configurations","Maryam Khaled <maryam.khaled@iskraemeco.com>","Closed","chillout; PI; Smart; Software","2/8/2026 5:05:36 PM","2/8/2026 4:44:50 PM"
"19089","Bug","Epower - Sodic VYE - Billing configurations","Maryam Khaled <maryam.khaled@iskraemeco.com>","Closed","PI; Smart; Sodic VYE; Software","2/8/2026 5:31:28 PM","2/8/2026 5:11:46 PM"
"19099","Bug","New Giza: Invoice Issue","Aya Mahmoud <aya.mahmoud@iskraemeco.com>","Closed","Newgiza; PI; Smart; Software","2/9/2026 12:44:28 PM","2/9/2026 11:56:59 AM"
"19100","Bug","New Giza: Issue with Invoice","Khadija Eltantawy <khadija.eltantawy@iskraemeco.com>","Closed","CI; Newgiza; Smart; Software","2/9/2026 4:49:51 PM","2/9/2026 4:49:51 PM"
"19101","Bug","Sea View - Cannot read card to charge for customer or make mend card","Salma Ibrahim <salma.ibrahim@iskraemeco.com>","Closed","aqua; PI; Seaview; Software","2/9/2026 2:33:23 PM","2/9/2026 1:34:24 PM"
"19102","Bug","Emaar- Change irrigation tariff","Maryam Khaled <maryam.khaled@iskraemeco.com>","Closed","Emaar; PI; Smart; Software","2/9/2026 3:42:07 PM","2/9/2026 1:51:50 PM"
"19103","Bug","Emaar- Change Sewage tariff","Maryam Khaled <maryam.khaled@iskraemeco.com>","Closed","Emaar; PI; Smart; Software","2/9/2026 3:54:19 PM","2/9/2026 1:51:44 PM"
"19104","Bug","SDDC- Delete Settlements","Salma Ibrahim <salma.ibrahim@iskraemeco.com>","Closed","PI; Software; Tanta; vending","2/9/2026 2:12:00 PM","2/9/2026 1:35:58 PM"
"19106","Bug","Taqa- Problem in customer address","Khadija Eltantawy <khadija.eltantawy@iskraemeco.com>","Closed","PI; Smart; Software; Taqa","2/10/2026 10:09:36 AM","2/9/2026 4:46:17 PM"
"19107","Bug","New Giza: Invoice Issues","Aya Mahmoud <aya.mahmoud@iskraemeco.com>","Closed","Newgiza; PI; Smart; Software","2/9/2026 1:57:40 PM","2/9/2026 1:51:20 PM"
"19109","Bug","New Giza: Issues with Invoices","Khadija Eltantawy <khadija.eltantawy@iskraemeco.com>","Closed","CI; Newgiza; Smart; Software","2/9/2026 3:36:18 PM","2/9/2026 3:32:00 PM"
"19113","Bug","Tatweer - Sync meter from billing to symbiot","Khadija Eltantawy <khadija.eltantawy@iskraemeco.com>","Closed","PI; Smart; Software; Tatweer","2/9/2026 4:21:15 PM","2/9/2026 4:21:15 PM"
"19115","Bug","Zimbabwe: Editing Balance","Salma Ibrahim <salma.ibrahim@iskraemeco.com>","Closed","CI; Smart; Software; Zimbabwe","2/9/2026 4:35:08 PM","2/9/2026 4:19:33 PM"
"19117","Bug","New Giza: Invoice Issue","Aya Mahmoud <aya.mahmoud@iskraemeco.com>","Closed","Newgiza; PI; Smart; Software","2/9/2026 4:54:23 PM","2/9/2026 4:44:05 PM"
"19118","Bug","New Giza: Invoice Issue","Aya Mahmoud <aya.mahmoud@iskraemeco.com>","Closed","Newgiza; PI; Smart; Software","2/9/2026 5:00:51 PM","2/9/2026 4:43:37 PM"
"19119","Bug","New Giza: Invoice Issues","Aya Mahmoud <aya.mahmoud@iskraemeco.com>","Closed","Newgiza; PI; Smart; Software","2/9/2026 5:06:40 PM","2/9/2026 4:51:21 PM"
"19120","Bug","New Giza: Invoice Issue","Aya Mahmoud <aya.mahmoud@iskraemeco.com>","Closed","Newgiza; PI; Smart; Software","2/9/2026 4:53:03 PM","2/9/2026 4:46:33 PM"
"19121","Bug","New Giza: Invoice Issue","Khadija Eltantawy <khadija.eltantawy@iskraemeco.com>","Closed","CI; Newgiza; Smart; Software","2/9/2026 5:03:44 PM","2/9/2026 5:03:44 PM"
"19122","Bug","Prime Energy: Aqua 1.3 Deployment","Salma Ibrahim <salma.ibrahim@iskraemeco.com>","Closed","aqua; PI; Prime; Software","2/10/2026 10:09:04 AM","2/10/2026 9:13:49 AM"
"19126","Bug","ElAbd: Aqua Upgrade from 1.2 to 1.3 latest","Salma Ibrahim <salma.ibrahim@iskraemeco.com>","Closed","aqua; ElAbd; PI; Software","2/10/2026 12:45:21 PM","2/10/2026 12:15:22 PM"
"19134","Bug","Somabay- Meters with Negative balance","Aya Mahmoud <aya.mahmoud@iskraemeco.com>","Closed","PI; Smart; Software; Somabay","2/10/2026 1:38:39 PM","2/10/2026 11:07:44 AM"
"19137","Bug","Prime Energy: Aqua 1.3 Deployment","Salma Ibrahim <salma.ibrahim@iskraemeco.com>","Closed","aqua; PI; Prime; Software","2/10/2026 2:52:44 PM","2/10/2026 12:57:59 PM"
"19139","Bug","ElAbd: Rollback of System Aqua Upgrade","Salma Ibrahim <salma.ibrahim@iskraemeco.com>","Closed","aqua; ElAbd; PI; Software","2/10/2026 1:02:19 PM","2/10/2026 12:52:56 PM"
"19142","Bug","Emaar - Uptown - Uptown balance issue","Maryam Khaled <maryam.khaled@iskraemeco.com>","Closed","CI; Emaar; Smart; Software","2/10/2026 2:16:47 PM","2/10/2026 1:51:38 PM"
"19143","Bug","Korra- Reading Card General Error","Salma Ibrahim <salma.ibrahim@iskraemeco.com>","Closed","Cleopatra; Korra; PI; vending","2/10/2026 3:05:09 PM","2/10/2026 2:53:03 PM"
"19145","Bug","Zimbabwe - meter reading issue","Salma Ibrahim <salma.ibrahim@iskraemeco.com>","Closed","CI; Smart; Software; Zimbabwe","2/10/2026 2:20:25 PM","2/10/2026 2:08:05 PM"
"19148","Bug","Roayaa- change in receipt","Salma Ibrahim <salma.ibrahim@iskraemeco.com>","Closed","PI; Roayaa; Software; vending","2/10/2026 4:28:48 PM","2/10/2026 3:57:51 PM"
"19151","Bug","Emaar - Uptown - Tariff","Maryam Khaled <maryam.khaled@iskraemeco.com>","Closed","Emaar; PI; Smart; Software","2/10/2026 3:53:35 PM","2/10/2026 3:23:48 PM"
"19153","Bug","New Giza: Invoices Issues","Aya Mahmoud <aya.mahmoud@iskraemeco.com>","Closed","CI; Newgiza; Smart; Software","2/10/2026 4:53:34 PM","2/10/2026 4:07:47 PM"
"19154","Bug","New Giza: Invoices Issue","Khadija Eltantawy <khadija.eltantawy@iskraemeco.com>","Closed","CI; Newgiza; Smart; Software","2/10/2026 4:54:23 PM","2/10/2026 4:54:23 PM"
"19155","Bug","New Giza: Invoices Issues","Aya Mahmoud <aya.mahmoud@iskraemeco.com>","Closed","CI; Newgiza; Smart; Software","2/10/2026 4:53:49 PM","2/10/2026 4:10:04 PM"
"19156","Bug","New Giza: Invoice Issue","Khadija Eltantawy <khadija.eltantawy@iskraemeco.com>","Closed","CI; Newgiza; Smart; Software","2/10/2026 5:33:57 PM","2/10/2026 4:55:12 PM"
"19157","Bug","New Giza: Invoice Issue","Aya Mahmoud <aya.mahmoud@iskraemeco.com>","Closed","CI; Newgiza; Smart; Software","2/10/2026 4:53:23 PM","2/10/2026 4:16:27 PM"
"19158","Bug","New Giza: Invoice Issue","Khadija Eltantawy <khadija.eltantawy@iskraemeco.com>","Closed","CI; Newgiza; Smart; Software","2/10/2026 5:37:36 PM","2/10/2026 4:55:03 PM"
"19159","Bug","New Giza: Invoice Issue","Aya Mahmoud <aya.mahmoud@iskraemeco.com>","Closed","CI; Newgiza; Smart; Software","2/10/2026 4:53:07 PM","2/10/2026 4:17:51 PM"
"19160","Bug","New Giza: Invoice Issue","Khadija Eltantawy <khadija.eltantawy@iskraemeco.com>","Closed","CI; Newgiza; Smart; Software","2/10/2026 5:42:41 PM","2/10/2026 4:54:52 PM"
"19161","Bug","New Giza: Issue Invoice","Aya Mahmoud <aya.mahmoud@iskraemeco.com>","Closed","CI; Newgiza; Smart; Software","2/10/2026 4:52:51 PM","2/10/2026 4:29:04 PM"
"19162","Bug","New Giza: Invoice Issue","Khadija Eltantawy <khadija.eltantawy@iskraemeco.com>","Closed","CI; Newgiza; Smart; Software","2/10/2026 5:30:11 PM","2/10/2026 4:54:43 PM"
"19163","Bug","New Giza: Invoice Issue","Khadija Eltantawy <khadija.eltantawy@iskraemeco.com>","Closed","CI; Newgiza; Smart; Software","2/10/2026 5:30:44 PM","2/10/2026 4:54:35 PM"
"19165","Bug","New Giza: Invoice Issue","Maryam Khaled <maryam.khaled@iskraemeco.com>","Closed","CI; Newgiza; Smart; Software","2/10/2026 5:54:56 PM","2/10/2026 4:37:58 PM"
"19166","Bug","New Giza: Invoice Issue","Khadija Eltantawy <khadija.eltantawy@iskraemeco.com>","Closed","CI; Newgiza; Smart; Software","2/10/2026 5:23:41 PM","2/10/2026 4:55:28 PM"
"19167","Bug","New Giza: Invoice Issue","Aya Mahmoud <aya.mahmoud@iskraemeco.com>","Closed","CI; Newgiza; Smart; Software","2/10/2026 5:29:36 PM","2/10/2026 5:01:03 PM"
"19179","Bug","SDDC- Delete charge","Salma Ibrahim <salma.ibrahim@iskraemeco.com>","Closed","CI; Software; Tanta; vending","2/11/2026 11:22:02 AM","2/11/2026 11:00:52 AM"
"19182","Bug","New Giza: Invoice Issue","Aya Mahmoud <aya.mahmoud@iskraemeco.com>","Closed","Newgiza; PI; Smart; Software","2/11/2026 1:44:46 PM","2/11/2026 1:18:48 PM"
"19186","Bug","Suncapital- Move batch 2 to negative groip","Khadija Eltantawy <khadija.eltantawy@iskraemeco.com>","Closed","CI; Smart; Software; Suncapital","2/11/2026 6:44:02 PM","2/11/2026 6:28:57 PM"
"19187","Bug","Sun capital- Relay Status","Khadija Eltantawy <khadija.eltantawy@iskraemeco.com>","Closed","CI; Smart; Software; Suncapital","2/11/2026 10:28:01 PM","2/11/2026 9:49:35 PM"
"19188","Bug","Sun capital - Relay Status","Maryam Khaled <maryam.khaled@iskraemeco.com>","Closed","CI; Smart; Software; Suncapital","2/11/2026 9:48:20 PM","2/11/2026 8:15:11 PM"
"19192","Bug","Roayaa- Last Reading and Lats Reading value not available in report","Salma Ibrahim <salma.ibrahim@iskraemeco.com>","Closed","billing; PI; Report; Roayaa","2/12/2026 11:05:15 AM","2/12/2026 10:58:11 AM"
"19194","Bug","SDDC- Delete Charge","Salma Ibrahim <salma.ibrahim@iskraemeco.com>","Closed","CI; SDDC; Software; vending","2/12/2026 11:47:01 AM","2/12/2026 11:27:13 AM"
"19195","Bug","New Giza: Missing Invoice","Maryam Khaled <maryam.khaled@iskraemeco.com>","Closed","CI; Newgiza; Smart; Software","2/12/2026 1:17:47 PM","2/12/2026 12:52:39 PM"
"19196","Bug","Sun Capital- Connect Order to meters","Khadija Eltantawy <khadija.eltantawy@iskraemeco.com>","Closed","PI; Smart; Software; Suncapital","2/12/2026 4:25:50 PM","2/12/2026 3:59:06 PM"
"19198","Bug","Sun Capital- Connect order to meters","Maryam Khaled <maryam.khaled@iskraemeco.com>","Closed","PI; Smart; Software; Suncapital","2/12/2026 1:42:05 PM","2/12/2026 1:19:13 PM"
"19199","Bug","Sun Capital- Meter disconnected and has credit","Maryam Khaled <maryam.khaled@iskraemeco.com>","Closed","PI; Smart; Software; Suncapital","2/12/2026 2:55:55 PM","2/12/2026 2:39:50 PM"
"19206","Bug","Carliton - Upgrade aqua software from 1.2 to 1.3 latest","Aya Mahmoud <aya.mahmoud@iskraemeco.com>","Closed","aqua; Carliton; PI; Software","2/12/2026 4:01:18 PM","2/12/2026 3:24:52 PM"
"19210","Bug","Sun Capital- Meter Relay Status","Maryam Khaled <maryam.khaled@iskraemeco.com>","Closed","CI; Smart; Software; Suncapital","2/13/2026 12:15:12 PM","2/13/2026 11:50:31 AM"
"19211","Bug","Sun Capital- Meter Relay Status","Maryam Khaled <maryam.khaled@iskraemeco.com>","Closed","CI; Smart; Software; Suncapital","2/13/2026 12:16:11 PM","2/13/2026 11:50:07 AM"
"19212","Bug","Sun Capital- Meter Relay Status","Khadija Eltantawy <khadija.eltantawy@iskraemeco.com>","Closed","PI; Smart; Software; Suncapital","2/12/2026 7:10:59 PM","2/12/2026 6:57:32 PM"
"19213","Bug","Sun Capital- Meter Relay Status","Khadija Eltantawy <khadija.eltantawy@iskraemeco.com>","Closed","PI; Smart; Software; Suncapital","2/12/2026 7:10:03 PM","2/12/2026 6:57:55 PM"
"19216","Bug","SDDC- Delete charge","Maryam Khaled <maryam.khaled@iskraemeco.com>","Closed","CI; Software; Tanta; vending","2/15/2026 10:14:00 AM","2/15/2026 9:59:57 AM"
"19219","Bug","New Giza: Missing Invoice","Aya Mahmoud <aya.mahmoud@iskraemeco.com>","Closed","CI; Newgiza; Smart; Software","2/15/2026 1:14:40 PM","2/15/2026 10:52:05 AM"
"19233","Bug","Sun capital- Water meters wrong units","Khadija Eltantawy <khadija.eltantawy@iskraemeco.com>","Closed","CI; Hardware; Suncapital; SWM","2/15/2026 3:10:37 PM","2/15/2026 2:52:16 PM"
"19242","Bug","Zimbabwe - Change Tariff","Salma Ibrahim <salma.ibrahim@iskraemeco.com>","Closed","billing; CI; Smart; Zimbabwe","2/15/2026 1:02:34 PM","2/15/2026 12:21:53 PM"
"19243","Bug","Taqa: Change Meter Name","Maryam Khaled <maryam.khaled@iskraemeco.com>","Closed","CI; Smart; Software; Taqa","2/15/2026 12:56:46 PM","2/15/2026 12:12:51 PM"
"19246","Bug","Sun Capital- Move batch 3 to group negative","Khadija Eltantawy <khadija.eltantawy@iskraemeco.com>","Closed","CI; Smart; Software; Suncapital","2/15/2026 5:05:51 PM","2/15/2026 4:40:22 PM"
"19247","Bug","Emaar - Marassi- Rub bill cycle error","Aya Mahmoud <aya.mahmoud@iskraemeco.com>","Closed","Emaar; Marassi; PI; Smart; Software","2/15/2026 5:09:50 PM","2/15/2026 4:37:24 PM"
"19249","Bug","Taqa: Upgrade Billing","Maryam Khaled <maryam.khaled@iskraemeco.com>","Closed","PI; Smart; Software; Taqa","2/15/2026 5:42:41 PM","2/15/2026 4:48:35 PM"
"19251","Bug","Sun capital- Check Meter Status and send connect","Khadija Eltantawy <khadija.eltantawy@iskraemeco.com>","Closed","CI; Smart; Software; Suncapital","2/16/2026 5:54:09 PM","2/16/2026 4:23:00 PM"
"19259","Bug","Boho - Upgrade aqua software from 1.2 to 1.3 latest","Salma Ibrahim <salma.ibrahim@iskraemeco.com>","Closed","aqua; Bohoo; PI; Software","2/16/2026 2:53:24 PM","2/16/2026 1:24:19 PM"
"19262","Bug","Sun Capital- Check meter connected or not","Khadija Eltantawy <khadija.eltantawy@iskraemeco.com>","Closed","CI; Smart; Software; Suncapital","2/16/2026 5:52:27 PM","2/16/2026 4:24:20 PM"
"19263","Bug","Sun Capital- Meter first reading date","Khadija Eltantawy <khadija.eltantawy@iskraemeco.com>","Closed","CI; Smart; Software; Suncapital","2/16/2026 5:53:46 PM","2/16/2026 4:23:31 PM"
"19272","Bug","Sun Capital- Check Tasks Priority","Khadija Eltantawy <khadija.eltantawy@iskraemeco.com>","Closed","PI; SEM; Smart; Suncapital","2/17/2026 11:02:53 AM","2/17/2026 10:48:14 AM"
"19273","Bug","ElAbd - Aqua upgrade from 1.2 to 1.3 latest","Maryam Khaled <maryam.khaled@iskraemeco.com>","Closed","aqua; ElAbd; PI; Software","2/17/2026 11:22:09 AM","2/17/2026 10:55:24 AM"
"19277","Bug","Zimababwe- Check Readings","Maryam Khaled <maryam.khaled@iskraemeco.com>","Closed","PI; Smart; Software; Zimbabwe","2/17/2026 2:06:36 PM","2/17/2026 11:49:23 AM"
"19278","Bug","Zimbabwe- Check Readings","Salma Ibrahim <salma.ibrahim@iskraemeco.com>","Closed","CI; Smart; Software; Zimbabwe","2/17/2026 2:46:40 PM","2/17/2026 2:21:00 PM"
"19279","Bug","Zimbabwe - Check readings","Aya Mahmoud <aya.mahmoud@iskraemeco.com>","Closed","PI; Smart; Software; Zimbabwe","2/17/2026 2:17:02 PM","2/17/2026 12:17:06 PM"
"19284","Bug","Sun capital- Meters waiting to disconnect","Khadija Eltantawy <khadija.eltantawy@iskraemeco.com>","Closed","PI; Smart; Software; Suncapital","2/17/2026 7:57:12 PM","2/17/2026 7:49:00 PM"
"19288","Bug","Alex - Restart Backend","Maryam Khaled <maryam.khaled@iskraemeco.com>","Closed","Alex; PI; Software; Utility; vending","2/17/2026 3:46:41 PM","2/17/2026 2:41:06 PM"
"19289","Bug","Emaar- Marassi- tariff customer service issue","Aya Mahmoud <aya.mahmoud@iskraemeco.com>","Closed","CI; Emaar; Marassi; Smart","2/17/2026 3:02:10 PM","2/17/2026 2:31:02 PM"
"19290","Bug","Zimbabwe- Chage meter tariff","Salma Ibrahim <salma.ibrahim@iskraemeco.com>","Closed","CI; Smart; Software; Zimbabwe","2/17/2026 3:19:39 PM","2/17/2026 2:46:53 PM"
"19301","Bug","Taqa: Changing Invoice Format","Maryam Khaled <maryam.khaled@iskraemeco.com>","Closed","PI; Smart; Software; Taqa","2/17/2026 6:22:26 PM","2/17/2026 6:09:18 PM"
"19302","Bug","New Giza: Missing Invoice","Aya Mahmoud <aya.mahmoud@iskraemeco.com>","Closed","CI; Newgiza; Smart; Software","2/17/2026 8:30:31 PM","2/17/2026 4:39:03 PM"
"19305","Bug","Sun capital- No reading in billing","Khadija Eltantawy <khadija.eltantawy@iskraemeco.com>","Closed","PI; Smart; Software; Suncapital","2/17/2026 7:57:44 PM","2/17/2026 7:47:17 PM"
"19306","Bug","Epower report عمليت استرجاع شحنة bug","Salma Ibrahim <salma.ibrahim@iskraemeco.com>","Closed","CI; Epower; Software; vending","2/17/2026 5:18:16 PM","2/17/2026 5:05:37 PM"
"19349","Bug","Injaz: Aqua Update to latest version","Maryam Khaled <maryam.khaled@iskraemeco.com>","Closed","aqua; Injaz; PI; Software","2/18/2026 12:26:39 PM","2/18/2026 11:26:42 AM"
"19350","Bug","Florenza & Scandeck : System Down","Maryam Khaled <maryam.khaled@iskraemeco.com>","Closed","CI; Florenza; Software; vending","2/18/2026 11:17:44 AM","2/18/2026 10:49:21 AM"
"19351","Bug","Zimbabwe - delete meter","Salma Ibrahim <salma.ibrahim@iskraemeco.com>","Closed","CI; Smart; Software; Zimbabwe","2/18/2026 11:27:50 AM","2/18/2026 10:47:32 AM"
"19353","Bug","Epower - inquiry about a deleted charge","Salma Ibrahim <salma.ibrahim@iskraemeco.com>","Closed","Epower; PI; Software; vending","2/18/2026 11:43:04 AM","2/18/2026 11:28:09 AM"
"19363","Bug","Zimbabwe- Sync Readings","Salma Ibrahim <salma.ibrahim@iskraemeco.com>","Closed","billing; CI; Smart; Zimbabwe","2/19/2026 9:09:17 AM","2/18/2026 4:11:40 PM"
"19364","Bug","Zimbabwe- Sync Readings","Salma Ibrahim <salma.ibrahim@iskraemeco.com>","Closed","CI; Smart; Software; Zimbabwe","2/18/2026 4:12:37 PM","2/18/2026 3:12:30 PM"
"19365","Bug","Sun Capital- Change customer's meter","Khadija Eltantawy <khadija.eltantawy@iskraemeco.com>","Closed","CI; Smart; Software; Suncapital","2/18/2026 3:38:02 PM","2/18/2026 2:41:57 PM"
"19366","Bug","Sun Capital - Relay Status","Khadija Eltantawy <khadija.eltantawy@iskraemeco.com>","Closed","CI; Smart; Software; Suncapital","2/18/2026 3:40:59 PM","2/18/2026 2:40:34 PM"
"19367","Bug","Roayaa- Change unit number","Maryam Khaled <maryam.khaled@iskraemeco.com>","Closed","CI; Roayaa; Smart; Software","2/18/2026 3:12:15 PM","2/18/2026 2:58:30 PM"
"19370","Bug","LightPower- Check charge from database","Salma Ibrahim <salma.ibrahim@iskraemeco.com>","Closed","Lightpower; PI; Software; vending","2/19/2026 9:09:06 AM","2/18/2026 4:11:57 PM"
"19372","Bug","New Giza: Old system Installments Investigation","Ahmed Salam <ahmed.salam@iskraemeco.com>","Closed","CI; Newgiza; Smart; Software","2/18/2026 5:03:30 PM","2/18/2026 5:03:30 PM"
"19378","Bug","Somabay- sync meter","Aya Mahmoud <aya.mahmoud@iskraemeco.com>","Closed","PI; Smart; Software; Somabay","2/18/2026 5:03:34 PM","2/18/2026 4:30:36 PM"
"19379","Bug","Somabay- negative balance disconnect","Aya Mahmoud <aya.mahmoud@iskraemeco.com>","Closed","PI; Smart; Software; Somabay","2/18/2026 5:01:48 PM","2/18/2026 4:30:50 PM"
"19380","Bug","Epower - Merge meter","Maryam Khaled <maryam.khaled@iskraemeco.com>","Closed","CI; Epower; Smart; Software","2/19/2026 1:52:56 PM","2/18/2026 4:41:54 PM"
"19385","Bug","Fouka: Change Unit Name","Khadija Eltantawy <khadija.eltantawy@iskraemeco.com>","Closed","CI; Fouka; Smart; Software","3/2/2026 1:43:21 PM","3/2/2026 1:43:21 PM"
"19413","Bug","Epower - Recharge rollback Report","Salma Ibrahim <salma.ibrahim@iskraemeco.com>","Closed","Epower; PI; Software; vending","2/22/2026 10:24:36 AM","2/22/2026 10:08:36 AM"
"19414","Bug","Zimbabwe: Readings Issue","Salma Ibrahim <salma.ibrahim@iskraemeco.com>","Closed","PI; Smart; Software; Zimbabwe","2/22/2026 12:55:22 PM","2/22/2026 10:24:42 AM"
"19415","Bug","Zimbabwe: Editing Meter Name","Salma Ibrahim <salma.ibrahim@iskraemeco.com>","Closed","CI; Smart; Software; Zimbabwe","2/22/2026 11:51:34 AM","2/22/2026 10:24:51 AM"
"19418","Bug","Zimbabwe - Readings Issue","Salma Ibrahim <salma.ibrahim@iskraemeco.com>","Closed","billing; PI; Smart; Zimbabwe","2/23/2026 12:25:42 PM","2/22/2026 11:15:34 AM"
"19419","Bug","New Giza: Changing Meters Name","Aya Mahmoud <aya.mahmoud@iskraemeco.com>","Closed","CI; Newgiza; Smart; Software","2/22/2026 12:34:24 PM","2/22/2026 11:10:27 AM"
"19426","Bug","Sun Capital - Check meter last reading","Khadija Eltantawy <khadija.eltantawy@iskraemeco.com>","Closed","CI; Smart; Suncapital","2/22/2026 1:24:36 PM","2/22/2026 1:18:00 PM"
"19427","Bug","Epower - postpaid site down","Maryam Khaled <maryam.khaled@iskraemeco.com>","Closed","Epower; PI; Software; vending","2/22/2026 2:05:01 PM","2/22/2026 1:25:24 PM"
"19429","Bug","Sun capital- Change meter name","Khadija Eltantawy <khadija.eltantawy@iskraemeco.com>","Closed","PI; Smart; Software; Suncapital","2/23/2026 2:10:22 PM","2/23/2026 1:00:04 PM"
"19435","Bug","Epower - Reset meter from database","Maryam Khaled <maryam.khaled@iskraemeco.com>","Closed","aqua; CI; Epower; Software","2/23/2026 11:59:59 AM","2/23/2026 11:53:24 AM"
"19436","Bug","Zimbabwe - Change meter name","Salma Ibrahim <salma.ibrahim@iskraemeco.com>","Closed","billing; CI; Smart; Zimbabwe","2/23/2026 12:16:20 PM","2/23/2026 11:36:58 AM"
"19437","Bug","New Giza - Missing invoice","Khadija Eltantawy <khadija.eltantawy@iskraemeco.com>","Closed","Newgiza; PI; Smart; Software","2/23/2026 2:10:37 PM","2/23/2026 12:58:41 PM"
"19440","Bug","New Giza- No invoices for meters","Aya Mahmoud <aya.mahmoud@iskraemeco.com>","Closed","CI; Newgiza; Smart; Software","2/23/2026 1:51:27 PM","2/23/2026 12:17:40 PM"
"19441","Bug","New Giza- No invoices for meters","Aya Mahmoud <aya.mahmoud@iskraemeco.com>","Closed","CI; Newgiza; Smart; Software","2/23/2026 1:48:59 PM","2/23/2026 12:17:52 PM"
"19442","Bug","New Giza- No invoices for meters","Aya Mahmoud <aya.mahmoud@iskraemeco.com>","Closed","CI; Newgiza; Smart; Software","2/23/2026 1:53:11 PM","2/23/2026 12:17:29 PM"
"19443","Bug","New Giza- Add user in billing","Maryam Khaled <maryam.khaled@iskraemeco.com>","Closed","Newgiza; PI; Smart; Software","2/23/2026 12:42:24 PM","2/23/2026 12:34:04 PM"
"19448","Bug","Zimbabwe - check meter balance","Salma Ibrahim <salma.ibrahim@iskraemeco.com>","Closed","billing; CI; Smart; Zimbabwe","2/24/2026 11:41:58 AM","2/24/2026 9:48:28 AM"
"19450","Bug","New Giza: Missing Invoice","Maryam Khaled <maryam.khaled@iskraemeco.com>","Closed","CI; Newgiza; Smart; Software","2/24/2026 12:51:48 PM","2/24/2026 10:36:22 AM"
"19454","Bug","New Giza: Missing Invoice","Aya Mahmoud <aya.mahmoud@iskraemeco.com>","Closed","CI; Newgiza; Smart; Software","2/24/2026 10:13:08 AM","2/24/2026 10:00:12 AM"
"19455","Bug","New Giza: Missing Invoice","Khadija Eltantawy <khadija.eltantawy@iskraemeco.com>","Closed","CI; Newgiza; Smart; Software","2/24/2026 11:34:38 AM","2/24/2026 10:01:25 AM"
"19456","Bug","SomaBay - Meters Not Appearing in Billing","Khadija Eltantawy <khadija.eltantawy@iskraemeco.com>","Closed","CI; Smart; Software; Somabay","2/24/2026 2:38:44 PM","2/24/2026 12:27:44 PM"
"19458","Bug","Zimbabwe - Check Readings","Salma Ibrahim <salma.ibrahim@iskraemeco.com>","Closed","billing; CI; Smart; Zimbabwe","2/24/2026 1:13:15 PM","2/24/2026 12:53:32 PM"
"19459","Bug","Korra - General Error","Salma Ibrahim <salma.ibrahim@iskraemeco.com>","Closed","CI; Cleopatra; Korra; vending","2/24/2026 1:23:52 PM","2/24/2026 1:13:45 PM"
"19461","Bug","Zimbabwe- Check Readings","Salma Ibrahim <salma.ibrahim@iskraemeco.com>","Closed","billing; CI; Smart; Zimbabwe","2/24/2026 1:23:47 PM","2/24/2026 1:12:39 PM"
"19462","Bug","Zimbabwe- Check Readings","Salma Ibrahim <salma.ibrahim@iskraemeco.com>","Closed","billing; CI; Smart; Zimbabwe","2/24/2026 2:10:53 PM","2/24/2026 1:25:22 PM"
"19464","Bug","Kattameya Heights - Charge reports appear empty","Salma Ibrahim <salma.ibrahim@iskraemeco.com>","Closed","aqua; CI; Kattameya; Software","2/25/2026 9:23:37 AM","2/24/2026 2:38:29 PM"
"19465","Bug","Emaar Marassi - Edit tariff","Aya Mahmoud <aya.mahmoud@iskraemeco.com>","Closed","CI; Emaar; Smart; Software","2/24/2026 3:08:36 PM","2/24/2026 2:52:22 PM"
"19470","Bug","Epower - October - Unusual Jan consumption","Maryam Khaled <maryam.khaled@iskraemeco.com>","Closed","CI; Epower; Smart; Software","2/25/2026 11:06:14 AM","2/25/2026 10:10:18 AM"
"19473","Bug","Zimbabwe- Review Balance","Salma Ibrahim <salma.ibrahim@iskraemeco.com>","Closed","billing; CI; Smart; Zimbabwe","2/25/2026 2:51:52 PM","2/25/2026 1:23:48 PM"
"19474","Bug","Zimbabwe- Edit Readings","Salma Ibrahim <salma.ibrahim@iskraemeco.com>","Closed","billing; CI; Smart; Zimbabwe","2/25/2026 2:31:44 PM","2/25/2026 1:23:55 PM"
"19476","Bug","New Giza: Missing Invoice","Khadija Eltantawy <khadija.eltantawy@iskraemeco.com>","Closed","CI; Newgiza; Smart; Software","2/25/2026 2:53:02 PM","2/25/2026 2:39:27 PM"
"19477","Bug","New Giza: Adding Settlement","Maryam Khaled <maryam.khaled@iskraemeco.com>","Closed","Newgiza; PI; Smart; Software","2/25/2026 4:40:20 PM","2/25/2026 4:36:29 PM"
"19482","Bug","Sun Capital- Reset Password for 360","Ahmed Salam <ahmed.salam@iskraemeco.com>","Closed","PI; Smart; Software; Suncapital","2/25/2026 2:04:53 PM","2/25/2026 2:04:53 PM"
"19483","Bug","Mena Oasis - Upgrade vending software","Maryam Khaled <maryam.khaled@iskraemeco.com>","Closed","Mena Oasis; PI; Software; vending","2/26/2026 12:11:57 PM","2/26/2026 10:08:17 AM"
"19484","Bug","Tatweer - foukabay - error 500 with billing system","Khadija Eltantawy <khadija.eltantawy@iskraemeco.com>","Closed","Fouka; PI; Smart; Software","2/25/2026 2:52:32 PM","2/25/2026 2:41:06 PM"
"19485","Bug","SDDC - Remove charge from database","Salma Ibrahim <salma.ibrahim@iskraemeco.com>","Closed","CI; SDDC; Software; Utility; vending","2/26/2026 9:59:06 AM","2/26/2026 9:39:35 AM"
"19488","Bug","Scandeck - Vending removing a charge","Salma Ibrahim <salma.ibrahim@iskraemeco.com>","Closed","CI; ScanDeck; Software; vending","2/26/2026 11:39:52 AM","2/26/2026 11:24:52 AM"
"19491","Bug","Emaar- Invoice Issue","Maryam Khaled <maryam.khaled@iskraemeco.com>","Closed","CI; Emaar; Smart; Software","2/26/2026 1:19:24 PM","2/26/2026 11:58:04 AM"
"19492","Bug","Emaar- Tariff Issue","Aya Mahmoud <aya.mahmoud@iskraemeco.com>","Closed","CI; Emaar; Smart; Software","2/26/2026 1:25:51 PM","2/26/2026 11:50:48 AM"
"19494","Bug","New Heliopolis - Change tariff start date","Salma Ibrahim <salma.ibrahim@iskraemeco.com>","Closed","aqua; CI; New Heliopolis; Software","2/26/2026 12:23:41 PM","2/26/2026 12:14:12 PM"
"19496","Bug","Epower - Server Access","Maryam Khaled <maryam.khaled@iskraemeco.com>","Closed","aqua; Epower; PI; Software","2/26/2026 1:48:13 PM","2/26/2026 1:23:32 PM"
"19502","Bug","New Giza - Old system not working","Salma Ibrahim <salma.ibrahim@iskraemeco.com>","Closed","Newgiza; PI; Smart; Software","3/1/2026 10:22:44 AM","3/1/2026 9:45:22 AM"
"19507","Bug","AL Daw: Update Aqua to 1.3 Latest","Maryam Khaled <maryam.khaled@iskraemeco.com>","Closed","aqua; eldaw; PI; Software","3/1/2026 11:42:10 AM","3/1/2026 10:43:36 AM"
"19512","Bug","SomaBay- Meters not in billing","Khadija Eltantawy <khadija.eltantawy@iskraemeco.com>","Closed","PI; Smart; Software; Somabay","3/1/2026 1:57:48 PM","3/1/2026 1:40:45 PM"
"19513","Bug","Epower - Backup for aqua software","Salma Ibrahim <salma.ibrahim@iskraemeco.com>","Closed","aqua; Epower; PI; Software","3/1/2026 1:54:23 PM","3/1/2026 1:43:04 PM"
"19514","Bug","Carliton - Change tariff start date","Salma Ibrahim <salma.ibrahim@iskraemeco.com>","Closed","aqua; Carliton; CI; Software","3/1/2026 2:06:56 PM","3/1/2026 1:55:22 PM"
"19517","Bug","Epower - October: January invoices","Maryam Khaled <maryam.khaled@iskraemeco.com>","Closed","CI; Epower; Smart; Software","3/1/2026 2:12:49 PM","3/1/2026 2:02:34 PM"
"19519","Bug","New Giza- Invoice Issue","Aya Mahmoud <aya.mahmoud@iskraemeco.com>","Closed","CI; Newgiza; Smart; Software; Utility","3/2/2026 10:40:48 AM","3/2/2026 10:04:12 AM"
"19520","Bug","Alex - Offline server staging restart","Salma Ibrahim <salma.ibrahim@iskraemeco.com>","Closed","Alex; PI; Software; Utility; vending","3/2/2026 10:39:21 AM","3/2/2026 10:23:39 AM"
"19522","Bug","New Giza-Invoice Issue","Aya Mahmoud <aya.mahmoud@iskraemeco.com>","Closed","Newgiza; PI; Smart; Software","3/2/2026 1:16:59 PM","3/2/2026 11:49:39 AM"
"19528","Bug","Epower - Delete Customer from database and reset meter","Salma Ibrahim <salma.ibrahim@iskraemeco.com>","Closed","aqua; CI; Epower; Software","3/2/2026 1:12:05 PM","3/2/2026 1:07:19 PM"
"19534","Bug","SDDC- Delete charge","Maryam Khaled <maryam.khaled@iskraemeco.com>","Closed","CI; SDDC; Software; vending","3/2/2026 2:21:35 PM","3/2/2026 2:10:43 PM"
"19537","Bug","Florenza- System not working","Ahmed Salam <ahmed.salam@iskraemeco.com>","Closed","CI; Florenza; Software; vending","3/2/2026 4:42:02 PM","3/2/2026 2:34:13 PM"
"19548","Bug","New Giza- Invoice Issue","Aya Mahmoud <aya.mahmoud@iskraemeco.com>","Closed","CI; Newgiza; Smart; Software","3/3/2026 11:05:52 AM","3/3/2026 10:24:26 AM"
"19552","Bug","Epower - Visa server sql issue","Salma Ibrahim <salma.ibrahim@iskraemeco.com>","Closed","Epower; PI; Software; Visa","3/3/2026 12:05:41 PM","3/3/2026 11:48:46 AM"
"19553","Bug","Epower - station system number","Salma Ibrahim <salma.ibrahim@iskraemeco.com>","Closed","Epower; PI; Software; vending","3/3/2026 12:06:14 PM","3/3/2026 11:49:25 AM"
"19557","Bug","New Giza- Invoice Issue","Aya Mahmoud <aya.mahmoud@iskraemeco.com>","Closed","CI; Newgiza; Smart; Software","3/3/2026 2:19:44 PM","3/3/2026 1:59:24 PM"
"19567","Bug","New Giza-Invoice Issue","Salma Ibrahim <salma.ibrahim@iskraemeco.com>","Closed","billing; CI; New giza; Smart","3/4/2026 12:23:53 PM","3/4/2026 12:11:28 PM"
"19568","Bug","New Giza-Invoice Issue","Aya Mahmoud <aya.mahmoud@iskraemeco.com>","Closed","CI; Newgiza; Smart; Software","3/4/2026 1:01:48 PM","3/4/2026 12:22:38 PM"
"19569","Bug","New Giza-Invoice Issue","Khadija Eltantawy <khadija.eltantawy@iskraemeco.com>","Closed","New giza; PI; Smart; Software","3/4/2026 12:58:54 PM","3/4/2026 12:47:39 PM"
"19570","Bug","New Giza-Invoice Issue","Maryam Khaled <maryam.khaled@iskraemeco.com>","Closed","New giza; PI; Smart; Software","3/4/2026 12:27:44 PM","3/4/2026 12:13:13 PM"
"19571","Bug","Emaar - Uptown - System Down","Salma Ibrahim <salma.ibrahim@iskraemeco.com>","Closed","billing; Emaar; PI; Smart","3/4/2026 1:24:31 PM","3/4/2026 1:11:02 PM"
"19574","Bug","New Giza- Invoice Issue","Aya Mahmoud <aya.mahmoud@iskraemeco.com>","Closed","CI; Newgiza; Smart; Software","3/4/2026 3:11:16 PM","3/4/2026 2:25:33 PM"
"19575","Bug","New Giza- Invoice Issue","Maryam Khaled <maryam.khaled@iskraemeco.com>","Closed","CI; New giza; Smart; Software","3/4/2026 3:32:26 PM","3/4/2026 3:21:30 PM"
"19582","Bug","Malibu - Reports Not Appearing in Aqua","Salma Ibrahim <salma.ibrahim@iskraemeco.com>","Closed","aqua; Malibu; PI; Software","3/5/2026 2:17:12 PM","3/5/2026 12:49:22 PM"
"19584","Bug","Somabay- Meters not in billing","Khadija Eltantawy <khadija.eltantawy@iskraemeco.com>","Closed","CI; Smart; Software; Somabay","3/8/2026 11:25:45 PM","3/8/2026 3:46:31 PM"
"19699","Bug","Park View - Sql Setup","Salma Ibrahim <salma.ibrahim@iskraemeco.com>","Closed","Park View; PI; Software; Sql","3/8/2026 12:13:35 PM","3/8/2026 11:42:37 AM"
"19700","Bug","Somabay- Meters not in billing","Khadija Eltantawy <khadija.eltantawy@iskraemeco.com>","Closed","CI; Smart; Software; Somabay","3/8/2026 3:30:52 PM","3/8/2026 3:22:11 PM"
"19711","Bug","Epower - October - Missing readings","Maryam Khaled <maryam.khaled@iskraemeco.com>","Closed","CI; Epower; Smart; Software","3/8/2026 4:25:33 PM","3/8/2026 3:46:40 PM"
"19712","Bug","Epower - Sodic VYE - Invoices issue","Aya Mahmoud <aya.mahmoud@iskraemeco.com>","Closed","CI; Epower; Smart; Sodic VYE","3/8/2026 3:58:11 PM","3/8/2026 3:30:21 PM"
"19713","Bug","New Giza- Invoice Issue","Aya Mahmoud <aya.mahmoud@iskraemeco.com>","Closed","CI; Newgiza; Smart; Software","3/9/2026 10:23:32 AM","3/9/2026 9:51:24 AM"
"19717","Bug","New Giza- Invoice Issue","Maryam Khaled <maryam.khaled@iskraemeco.com>","Closed","New giza; PI; Smart; Software","3/10/2026 11:03:49 AM","3/10/2026 10:52:47 AM"
"19720","Bug","South Delta- Edit number from database","Salma Ibrahim <salma.ibrahim@iskraemeco.com>","Closed","CI; Software; Tanta; vending","3/9/2026 11:51:01 AM","3/9/2026 11:29:17 AM"
"19725","Bug","Adc reset user password","Salma Ibrahim <salma.ibrahim@iskraemeco.com>","Closed","ADC; CI; Utility; vending","3/9/2026 1:01:07 PM","3/9/2026 12:49:29 PM"
"19727","Bug","Roayaa- Change service provider in 360","Salma Ibrahim <salma.ibrahim@iskraemeco.com>","Closed","billing; CI; Roayaa; Smart","3/9/2026 1:59:33 PM","3/9/2026 1:01:36 PM"
"19728","Bug","Epower delete charges","Maryam Khaled <maryam.khaled@iskraemeco.com>","Closed","aqua; CI; Epower; Software","3/9/2026 2:07:33 PM","3/9/2026 1:28:47 PM"
"19730","Bug","New Giza- Delete Charge from database","Maryam Khaled <maryam.khaled@iskraemeco.com>","Closed","New giza; PI; Software; vending","3/10/2026 11:03:27 AM","3/10/2026 10:52:30 AM"
"19738","Bug","Taqa- Change Customer Name","Salma Ibrahim <salma.ibrahim@iskraemeco.com>","Closed","CI; Smart; Software; Taqa","3/9/2026 3:25:49 PM","3/9/2026 2:57:49 PM"
"19745","Bug","Epower - Change charge date","Maryam Khaled <maryam.khaled@iskraemeco.com>","Closed","CI; Epower; Software; vending","3/10/2026 10:52:08 AM","3/10/2026 10:17:31 AM"
"19746","Bug","South Delta - Delete Charge","Salma Ibrahim <salma.ibrahim@iskraemeco.com>","Closed","CI; SDDC; Software; Utility; vending","3/10/2026 11:07:49 AM","3/10/2026 10:21:22 AM"
"19750","Bug","Epower - Change superadmin password","Salma Ibrahim <salma.ibrahim@iskraemeco.com>","Closed","aqua; Epower; PI; Software","3/10/2026 2:07:27 PM","3/10/2026 12:33:27 PM"
"19754","Bug","Elkhamayel - Delete initial charge from database","Maryam Khaled <maryam.khaled@iskraemeco.com>","Closed","aqua; CI; Khamayel; Software","3/10/2026 2:40:30 PM","3/10/2026 2:03:31 PM"
"19755","Bug","Sun Capital Checking Meter Readings","Aya Mahmoud <aya.mahmoud@iskraemeco.com>","Closed","CI; Smart; Software; Suncapital","3/10/2026 2:28:56 PM","3/10/2026 1:50:39 PM"
"19760","Bug","Epower - October - Water and electricity missing readings","Maryam Khaled <maryam.khaled@iskraemeco.com>","Closed","CI; Epower; Smart; Software","3/11/2026 11:12:08 AM","3/11/2026 9:35:28 AM"
"19765","Bug","New giza- Invoice issue","Khadija Eltantawy <khadija.eltantawy@iskraemeco.com>","Closed","Hardware; New giza; PI; Smart","3/11/2026 12:57:42 PM","3/11/2026 12:45:38 PM"
"19766","Bug","New giza- Invoice issue","Aya Mahmoud <aya.mahmoud@iskraemeco.com>","Closed","Hardware; New giza; PI; Smart","3/11/2026 11:46:08 AM","3/11/2026 11:24:55 AM"
"19776","Bug","Tatweer - Monte Galala - Billing deployment","Maryam Khaled <maryam.khaled@iskraemeco.com>","Closed","Monte elgalala; PI; Smart; Software","3/12/2026 2:10:40 PM","3/12/2026 12:55:14 PM"
"19779","Bug","Elsewedy Utilities- Point 90- Delete Charge","Salma Ibrahim <salma.ibrahim@iskraemeco.com>","Closed","CI; Point90; Software; vending","3/12/2026 1:18:20 PM","3/12/2026 1:02:45 PM"
"19798","Bug","Lavie- Activity name does not appear","Salma Ibrahim <salma.ibrahim@iskraemeco.com>","Closed","CI; lavie; Software; vending","3/15/2026 10:19:34 AM","3/15/2026 9:46:13 AM"
"19800","Bug","New Giza - Invoice Issue","Khadija Eltantawy <khadija.eltantawy@iskraemeco.com>","Closed","CI; New giza; Smart; Software","3/15/2026 12:40:37 PM","3/15/2026 12:21:27 PM"
"19801","Bug","New Giza- Invoice Issue","Aya Mahmoud <aya.mahmoud@iskraemeco.com>","Closed","CI; Newgiza; Smart; Software","3/15/2026 11:17:21 AM","3/15/2026 10:20:18 AM"
"19808","Bug","Epower - Difference in charge","Salma Ibrahim <salma.ibrahim@iskraemeco.com>","Closed","Epower; PI; Software; vending","3/15/2026 11:18:14 AM","3/15/2026 10:56:17 AM"
"19810","Bug","Alex - Delete meter that has a settlement","Salma Ibrahim <salma.ibrahim@iskraemeco.com>","Closed","Alex; PI; Software; vending","3/15/2026 11:17:54 AM","3/15/2026 10:57:17 AM"
"19816","Bug","Kattameya Heights - Delete Charge from database","Ahmed Salam <ahmed.salam@iskraemeco.com>","Closed","aqua; CI; Kattameya; Software","3/15/2026 11:52:59 AM","3/15/2026 11:52:59 AM"
"19824","Bug","Epower - Aqua system is down","Ahmed Salam <ahmed.salam@iskraemeco.com>","Closed","aqua; Epower; PI; Software","3/16/2026 12:08:51 PM","3/16/2026 12:08:51 PM"
"19833","Bug","Emaar - Uptown - Change meter status","Aya Mahmoud <aya.mahmoud@iskraemeco.com>","Closed","CI; Emaar; Smart; Software","3/16/2026 12:52:35 PM","3/16/2026 12:01:14 PM"
"19834","Bug","Sun capital - No reading in billing","Aya Mahmoud <aya.mahmoud@iskraemeco.com>","Closed","CI; Smart; Software; Suncapital","3/16/2026 1:38:40 PM","3/16/2026 12:39:52 PM"
"19836","Bug","New Giza- Old system issue","Salma Ibrahim <salma.ibrahim@iskraemeco.com>","Closed","New giza; PI; Smart; Software","3/16/2026 12:47:19 PM","3/16/2026 12:11:09 PM"
"19837","Bug","Epower - Settlement issue","Salma Ibrahim <salma.ibrahim@iskraemeco.com>","Closed","Epower; PI; Software; vending","3/16/2026 2:32:10 PM","3/16/2026 12:47:33 PM"
"19839","Bug","Fanadir- Delete Charge from database","Maryam Khaled <maryam.khaled@iskraemeco.com>","Closed","CI; Fanadir; Software; vending","3/16/2026 1:58:20 PM","3/16/2026 1:45:44 PM"
"19840","Bug","Florenza&Scandeck- Delete Charge from database","Maryam Khaled <maryam.khaled@iskraemeco.com>","Closed","CI; Florenza; Software; vending","3/16/2026 2:46:54 PM","3/16/2026 2:13:05 PM"
"19843","Bug","Fanadir- V5 from database","Salma Ibrahim <salma.ibrahim@iskraemeco.com>","Closed","Fanadir; PI; Software; vending","3/16/2026 2:58:56 PM","3/16/2026 2:32:26 PM"
"19845","Bug","Epower - Delete charge","Maryam Khaled <maryam.khaled@iskraemeco.com>","Closed","CI; Epower; Software; vending","3/17/2026 10:00:27 AM","3/17/2026 9:47:34 AM"
"19851","Bug","New Giza- Invoice Issue","Khadija Eltantawy <khadija.eltantawy@iskraemeco.com>","Closed","New giza; PI; Smart; Software","3/17/2026 2:06:04 PM","3/17/2026 1:50:55 PM"
"19852","Bug","Fouka- System down","Maryam Khaled <maryam.khaled@iskraemeco.com>","Closed","Fouka; PI; Smart; Software","3/17/2026 1:49:42 PM","3/17/2026 1:41:28 PM"
"19854","Bug","New giza- Meters not in billing","Maryam Khaled <maryam.khaled@iskraemeco.com>","Closed","CI; New giza; Smart; Software","3/17/2026 2:05:08 PM","3/17/2026 1:57:19 PM"
"19862","Bug","Epower - delete charge","Maryam Khaled <maryam.khaled@iskraemeco.com>","Closed","CI; Epower; Software; vending","3/18/2026 12:25:55 PM","3/18/2026 12:16:19 PM"
"19909","Bug","Elkhamayel - Change settlement duration from database","Salma Ibrahim <salma.ibrahim@iskraemeco.com>","Closed","aqua; Khamayel; PI; Software","3/18/2026 5:46:52 PM","3/18/2026 4:09:38 PM"
"19918","Bug","SDDC- Delete charges","Salma Ibrahim <salma.ibrahim@iskraemeco.com>","Closed","CI; SDDC; Software; vending","3/24/2026 10:00:42 AM","3/24/2026 9:31:44 AM"
"19943","Bug","New Giza- Invoice Issue","Aya Mahmoud <aya.mahmoud@iskraemeco.com>","Closed","New giza; PI; Smart; Software","3/24/2026 3:33:07 PM","3/24/2026 2:38:15 PM"
"19953","Bug","Ona Electric Vending Deployment","Maryam Khaled <maryam.khaled@iskraemeco.com>","Closed","Ona; PI; Software; vending","3/25/2026 3:12:14 PM","3/25/2026 12:09:00 PM"
"19954","Bug","Epower - merge water meter","Salma Ibrahim <salma.ibrahim@iskraemeco.com>","Closed","Epower; PI; Smart; Software","3/25/2026 11:30:20 AM","3/25/2026 10:42:57 AM"
"19969","Bug","Emaar- Marassi and uptonw certificate issue","Aya Mahmoud <aya.mahmoud@iskraemeco.com>","Closed","Emaar; PI; Smart; Software","3/25/2026 2:07:21 PM","3/25/2026 1:33:47 PM"
"19973","Bug","Sun Capital: Adding New Tarrif","Aya Mahmoud <aya.mahmoud@iskraemeco.com>","Closed","CI; Smart; Software; Suncapital","3/25/2026 4:56:08 PM","3/25/2026 3:46:19 PM"
"19975","Bug","new giza relay status","Maryam Khaled <maryam.khaled@iskraemeco.com>","Closed","New giza; PI; Smart; Software","3/25/2026 8:10:55 PM","3/25/2026 6:56:45 PM"
"19976","Bug","Test server - issue with the billing services on the test server","Aya Mahmoud <aya.mahmoud@iskraemeco.com>","Closed","PI; Smart; Software; Test Server","3/25/2026 6:37:53 PM","3/25/2026 6:01:50 PM"
"19977","Bug","customer POC","Khadija Eltantawy <khadija.eltantawy@iskraemeco.com>","Closed","Arkan; PI; Smart; Software","3/26/2026 9:16:01 AM","3/25/2026 7:23:58 PM"
"19978","Bug","New Giza- Check Meter Balance","Khadija Eltantawy <khadija.eltantawy@iskraemeco.com>","Closed","CI; New giza; Smart; Software","3/26/2026 10:24:30 AM","3/26/2026 10:13:26 AM"
"19983","Bug","Somabay- Change relay status","Khadija Eltantawy <khadija.eltantawy@iskraemeco.com>","Closed","PI; Smart; Software; Somabay","3/26/2026 1:30:11 PM","3/26/2026 1:10:57 PM"
"19988","Bug","Emaar- Marassi- Change Meter Serial Number","Khadija Eltantawy <khadija.eltantawy@iskraemeco.com>","Closed","CI; Emaar; Smart; Software","3/26/2026 1:29:52 PM","3/26/2026 1:12:50 PM"
"19999","Bug","Somabay- Change relay status","Aya Mahmoud <aya.mahmoud@iskraemeco.com>","Closed","PI; Smart; Software; Somabay","3/26/2026 3:00:15 PM","3/26/2026 2:46:14 PM"
"20007","Bug","Roaya - change serial number of meter","Maryam Khaled <maryam.khaled@iskraemeco.com>","Closed","CI; Roayaa; Smart; Software","3/26/2026 5:37:21 PM","3/26/2026 5:18:33 PM"
"20011","Bug","Sun Capital: Missing Readings","Salma Ibrahim <salma.ibrahim@iskraemeco.com>","Closed","CI; Smart; Software; Suncapital","3/29/2026 4:32:50 PM","3/29/2026 3:42:58 PM"
"20014","Bug","New Heliopolis: Reports Issue","Salma Ibrahim <salma.ibrahim@iskraemeco.com>","Closed","aqua; New Heliopolis; PI; Software","3/29/2026 12:06:03 PM","3/29/2026 11:49:49 AM"
"20020","Bug","Elkhamayel - Backup for database","Khadija Eltantawy <khadija.eltantawy@iskraemeco.com>","Closed","aqua; ElKhamayl; PI; Software","3/29/2026 1:51:10 PM","3/29/2026 1:22:41 PM"
"20021","Bug","Avex mall - Database backup","Khadija Eltantawy <khadija.eltantawy@iskraemeco.com>","Closed","Avex; CI; Software; vending","3/29/2026 3:41:47 PM","3/29/2026 3:32:27 PM"
"20023","Bug","Sun Capital: Missing Readings","Maryam Khaled <maryam.khaled@iskraemeco.com>","Closed","PI; Smart; Software; Suncapital","3/29/2026 5:09:37 PM","3/29/2026 4:57:05 PM"
"20027","Bug","Somabay- Meter Sync Issue","Aya Mahmoud <aya.mahmoud@iskraemeco.com>","Closed","PI; Smart; Software; Somabay","3/29/2026 3:48:18 PM","3/29/2026 2:51:51 PM"
"20028","Bug","Somabay- Meter Sync Issue","Khadija Eltantawy <khadija.eltantawy@iskraemeco.com>","Closed","PI; Smart; Software; Somabay","3/30/2026 7:58:53 AM","3/29/2026 3:41:25 PM"
"20032","Bug","Sun Capital: Water Meter","Maryam Khaled <maryam.khaled@iskraemeco.com>","Closed","CI; Smart; Software; Suncapital","3/29/2026 5:09:57 PM","3/29/2026 4:54:50 PM"
"20034","Bug","Epower - remove charge","Salma Ibrahim <salma.ibrahim@iskraemeco.com>","Closed","aqua; CI; Epower; Software","3/30/2026 8:37:13 AM","3/29/2026 4:56:53 PM"
"20041","Bug","Avex mall - Upgrade aqua software to 1.3 latest","Maryam Khaled <maryam.khaled@iskraemeco.com>","Closed","aqua; Avex; PI; Software","3/30/2026 11:25:10 AM","3/30/2026 10:57:08 AM"
"20048","Bug","Sun Capital: 360 App user issue","Salma Ibrahim <salma.ibrahim@iskraemeco.com>","Closed","360 API; CI; Smart; Suncapital","3/30/2026 11:11:11 AM","3/30/2026 10:39:16 AM"
"20054","Bug","Ora - Delete charge","Salma Ibrahim <salma.ibrahim@iskraemeco.com>","Closed","aqua; Ora; PI; Software","3/30/2026 11:23:10 AM","3/30/2026 11:15:49 AM"
"20055","Bug","Epower - Estates 360","Salma Ibrahim <salma.ibrahim@iskraemeco.com>","Closed","360 API; Epower; PI","3/30/2026 11:33:51 AM","3/30/2026 11:15:22 AM"
"20058","Bug","Emaar-Marassi- Positive balance and disconnected meters","Aya Mahmoud <aya.mahmoud@iskraemeco.com>","Closed","Emaar; PI; Smart; Software","3/30/2026 1:58:11 PM","3/30/2026 12:00:47 PM"
"20062","Bug","Sun Capital: Changing Meter Sertial","Khadija Eltantawy <khadija.eltantawy@iskraemeco.com>","Closed","CI; Smart; Software; Suncapital","3/30/2026 4:28:19 PM","3/30/2026 4:02:31 PM"
"20064","Bug","Emaar-Marassi- Meters don't connect automatically","Aya Mahmoud <aya.mahmoud@iskraemeco.com>","Closed","Emaar; PI; Smart; Software","3/30/2026 5:29:27 PM","3/30/2026 2:42:41 PM"
"20069","Bug","Emaar-Marassi- Change Meter Name","Aya Mahmoud <aya.mahmoud@iskraemeco.com>","Closed","CI; Emaar; Smart; Software","3/30/2026 3:09:13 PM","3/30/2026 2:59:15 PM"
"20072","Bug","New Giza- Invoice Issue","Khadija Eltantawy <khadija.eltantawy@iskraemeco.com>","Closed","New giza; PI; Smart; Software","3/30/2026 4:32:54 PM","3/30/2026 4:28:29 PM"
"20093","Bug","Emaar- Marassi- Meter Recalculations","Aya Mahmoud <aya.mahmoud@iskraemeco.com>","Closed","CI; Emaar; Smart; Software","3/31/2026 12:39:54 PM","3/31/2026 12:08:25 PM"
"20094","Bug","New Giza- User login failure in old billing","Maryam Khaled <maryam.khaled@iskraemeco.com>","Closed","CI; New giza; Smart; Software","3/31/2026 3:06:29 PM","3/31/2026 2:10:45 PM"
"20099","Bug","South Delta-Edit Meter Inspection number","Maryam Khaled <maryam.khaled@iskraemeco.com>","Closed","CI; SDDC; Software; vending","3/31/2026 3:07:49 PM","3/31/2026 2:10:28 PM"
"20100","Bug","South Delta Delete charges","Maryam Khaled <maryam.khaled@iskraemeco.com>","Closed","CI; SDDC; Software; vending","3/31/2026 2:10:10 PM","3/31/2026 1:55:01 PM"
"20101","Bug","South Delta - Delete charge","Maryam Khaled <maryam.khaled@iskraemeco.com>","Closed","CI; SDDC; Software; vending","3/31/2026 2:09:47 PM","3/31/2026 1:54:53 PM"
"20103","Bug","Emaar-Uptown- Edit water meter connection with electricity","Aya Mahmoud <aya.mahmoud@iskraemeco.com>","Closed","CI; Emaar; Smart; Software","3/31/2026 2:28:04 PM","3/31/2026 1:42:48 PM"
"20175","Bug","Amer group- billing configurations","Maryam Khaled <maryam.khaled@iskraemeco.com>","Closed","Amer group; PI; Smart; Software","3/31/2026 5:12:23 PM","3/31/2026 3:08:14 PM"
"20176","Bug","Sun Capital: Checking Meters Status","Khadija Eltantawy <khadija.eltantawy@iskraemeco.com>","Closed","CI; Smart; Software; Suncapital","3/31/2026 3:26:27 PM","3/31/2026 3:17:51 PM"
"20203","Bug","Epower - Uvenues - Delete meter","Khadija Eltantawy <khadija.eltantawy@iskraemeco.com>","Closed","CI; Epower; Smart; Software","4/1/2026 11:13:39 AM","4/1/2026 11:04:56 AM"
"20205","Bug","Somabay - Check dates for meters","Aya Mahmoud <aya.mahmoud@iskraemeco.com>","Closed","CI; Smart; Software; Somabay","4/1/2026 10:13:29 AM","4/1/2026 9:45:24 AM"
"20214","Bug","Utilities - ahl misr - depoly efinance service","Salma Ibrahim <salma.ibrahim@iskraemeco.com>","Closed","Ahl Masr; efinance; PI; Utilities","4/1/2026 2:31:00 PM","4/1/2026 11:29:19 AM"
"20216","Bug","transfer efinance service","Salma Ibrahim <salma.ibrahim@iskraemeco.com>","Closed","PI; Software; Test Server","4/1/2026 11:53:26 AM","4/1/2026 11:35:17 AM"
"20218","Bug","Ona Electric – Adding Icon and Name to the Vending (Site and Receipt)","Maryam Khaled <maryam.khaled@iskraemeco.com>","Closed","Ona; PI; Software; vending","4/1/2026 2:15:14 PM","4/1/2026 1:50:33 PM"
"20219","Bug","Roaaya - Uploading payment template","Khadija Eltantawy <khadija.eltantawy@iskraemeco.com>","Closed","CI; Roayaa; Smart; Software","4/1/2026 3:01:26 PM","4/1/2026 2:25:17 PM"
"20220","Bug","Roayaa - Change meter status to new","Khadija Eltantawy <khadija.eltantawy@iskraemeco.com>","Closed","CI; Roayaa; Smart; Software","4/1/2026 2:33:49 PM","4/1/2026 2:26:37 PM"
"20231","Bug","Epower - Device id and number of meters for each server","Maryam Khaled <maryam.khaled@iskraemeco.com>","Closed","aqua; CI; Epower; Smart; vending","4/1/2026 5:58:34 PM","4/1/2026 4:57:00 PM"
"20232","Bug","Epower - Delete charge","Maryam Khaled <maryam.khaled@iskraemeco.com>","Closed","CI; Epower; Software; vending","4/1/2026 4:56:41 PM","4/1/2026 4:02:38 PM"
"20233","Bug","New Giza - Can not generate reports for march","Aya Mahmoud <aya.mahmoud@iskraemeco.com>","Closed","CI; Newgiza; Smart; Software","4/1/2026 4:16:56 PM","4/1/2026 3:32:26 PM"
"20239","Bug","New Giza - Can not generate February invoices","Aya Mahmoud <aya.mahmoud@iskraemeco.com>","Closed","CI; Newgiza; Smart; Software","4/1/2026 5:38:51 PM","4/1/2026 4:49:34 PM"
"20247","Bug","South Delta- Delete charge","Maryam Khaled <maryam.khaled@iskraemeco.com>","Closed","CI; SDDC; Software; vending","4/2/2026 11:45:35 AM","4/2/2026 11:12:44 AM"
"20251","Bug","Dual Wallet deployment","Salma Ibrahim <salma.ibrahim@iskraemeco.com>","Closed","Iraq; PI; Smart; Software","4/8/2026 1:19:10 PM","4/5/2026 9:33:36 AM"
"20252","Bug","Dual Wallet- Move folders","Salma Ibrahim <salma.ibrahim@iskraemeco.com>","Closed","Iraq; Smart; Software","4/2/2026 2:46:38 PM","4/2/2026 12:02:31 PM"
"20253","Bug","Epower -Sodic - Payment report issue","Khadija Eltantawy <khadija.eltantawy@iskraemeco.com>","Closed","Epower; PI; Smart; Software","4/2/2026 5:09:03 PM","4/2/2026 12:55:40 PM"
"20254","Bug","Epower - Sodic - Zero consumption","Aya Mahmoud <aya.mahmoud@iskraemeco.com>","Closed","Epower; PI; Smart; Software","4/2/2026 1:05:37 PM","4/2/2026 12:07:54 PM"
"20257","Bug","New Giza- Invoice issue after changing tarrif","Aya Mahmoud <aya.mahmoud@iskraemeco.com>","Closed","CI; New giza; Smart; Software","4/2/2026 1:06:19 PM","4/2/2026 12:42:37 PM"
"20276","Bug","Alex - Changing Tariff","Salma Ibrahim <salma.ibrahim@iskraemeco.com>","Closed","Alex; PI; Software; vending","4/2/2026 5:06:37 PM","4/2/2026 4:21:02 PM"
"20277","Bug","Alex - Changing Tariff","Salma Ibrahim <salma.ibrahim@iskraemeco.com>","Closed","Alex; PI; Software; vending","4/2/2026 5:06:30 PM","4/2/2026 4:20:48 PM"
"20278","Bug","UEDC - Changing Tariff","Salma Ibrahim <salma.ibrahim@iskraemeco.com>","Closed","PI; Software; UEDC; vending","4/2/2026 4:52:22 PM","4/2/2026 4:20:24 PM"
"20279","Bug","UEDC - Changing Tariff","Salma Ibrahim <salma.ibrahim@iskraemeco.com>","Closed","PI; Software; UEDC; vending","4/2/2026 5:06:20 PM","4/2/2026 4:21:15 PM"
"20280","Bug","New Giza - Upload Solar Readings on billing","Maryam Khaled <maryam.khaled@iskraemeco.com>","Closed","CI; New giza; Smart; Software","4/7/2026 11:27:35 AM","4/6/2026 4:19:01 PM"
"20281","Bug","MG HQ- Vending Deployment","Maryam Khaled <maryam.khaled@iskraemeco.com>","Closed","Motawe Group; PI; Software; vending","4/5/2026 12:06:32 PM","4/5/2026 10:03:24 AM"
"22603","Bug","Somabay- Edit Activation Date for meters","Aya Mahmoud <aya.mahmoud@iskraemeco.com>","Closed","PI; Smart; Software; Somabay","4/5/2026 12:00:59 PM","4/5/2026 9:54:42 AM"
"22607","Bug","Icon: Check missing charge","Maryam Khaled <maryam.khaled@iskraemeco.com>","Closed","aqua; CI; Icon; Software","4/5/2026 11:34:30 AM","4/5/2026 11:04:35 AM"
"22611","Bug","New Giza- Edit Tariff in billing","Ahmed Salam <ahmed.salam@iskraemeco.com>","Closed","CI; New giza; Smart; Software","4/5/2026 2:09:41 PM","4/5/2026 2:09:41 PM"
"22612","Bug","Fouka Bay- Error 500 when making payment","Salma Ibrahim <salma.ibrahim@iskraemeco.com>","Closed","Fouka; PI; Smart; Software","4/5/2026 12:31:11 PM","4/5/2026 12:03:54 PM"
"22629","Bug","Epower - Acasa - Vending SW down","Salma Ibrahim <salma.ibrahim@iskraemeco.com>","Closed","Epower; PI; Software; vending","4/5/2026 1:32:14 PM","4/5/2026 1:07:10 PM"
"22639","Bug","SDDC- Delete charge","Salma Ibrahim <salma.ibrahim@iskraemeco.com>","Closed","CI; SDDC; Software; vending","4/5/2026 4:49:53 PM","4/5/2026 3:03:40 PM"
"22640","Bug","Elkhamayel - Backup from database","Salma Ibrahim <salma.ibrahim@iskraemeco.com>","Closed","aqua; ElKhamayl; PI; Software","4/5/2026 4:49:46 PM","4/5/2026 3:10:05 PM"
"22650","Bug","Travco - Billing system down","Khadija Eltantawy <khadija.eltantawy@iskraemeco.com>","Closed","Almaza bay; PI; Smart; Software","4/6/2026 11:15:41 AM","4/6/2026 10:47:02 AM"
"22679","Bug","Sun Capital: Synching Meter with Symbiot","Khadija Eltantawy <khadija.eltantawy@iskraemeco.com>","Closed","CI; Smart; Software; Suncapital","4/6/2026 12:09:00 PM","4/6/2026 11:53:18 AM"
"22681","Bug","Fouka: Investigating missing readings","Khadija Eltantawy <khadija.eltantawy@iskraemeco.com>","Closed","Fouka; PI; Smart; Software","4/6/2026 12:10:56 PM","4/6/2026 11:53:03 AM"
"22687","Bug","Tiba - Deleting meters from Database","Aya Mahmoud <aya.mahmoud@iskraemeco.com>","Closed","aqua; CI; Software; Tiba","4/6/2026 12:24:36 PM","4/6/2026 11:37:24 AM"
"22708","Bug","SDDC- Edit Customer data","Salma Ibrahim <salma.ibrahim@iskraemeco.com>","Closed","CI; SDDC; Software; vending","4/6/2026 1:58:33 PM","4/6/2026 12:53:35 PM"
"22773","Bug","Somabay- Missing Readings","Aya Mahmoud <aya.mahmoud@iskraemeco.com>","Closed","PI; Smart; Software; Somabay","4/6/2026 3:38:37 PM","4/6/2026 3:18:42 PM"
"22789","Bug","Alex - Vending adding new user","Salma Ibrahim <salma.ibrahim@iskraemeco.com>","Closed","Alex; PI; Utility; vending","4/7/2026 10:19:30 AM","4/7/2026 9:35:56 AM"
"22790","Bug","Alex - Check meter","Salma Ibrahim <salma.ibrahim@iskraemeco.com>","Closed","Alex; CI; Software; vending","4/7/2026 9:58:43 AM","4/7/2026 9:36:30 AM"
"22791","Bug","Travco - Meter disconnect issue","Aya Mahmoud <aya.mahmoud@iskraemeco.com>","Closed","PI; Smart; Software; Travco","4/7/2026 10:43:06 AM","4/7/2026 10:06:56 AM"
"22792","Bug","Libya - Check system properties","Salma Ibrahim <salma.ibrahim@iskraemeco.com>","Closed","CI; Lybia; Software; vending","4/7/2026 10:18:29 AM","4/7/2026 10:02:10 AM"
"22793","Bug","Sahl - Vending Deployement","Salma Ibrahim <salma.ibrahim@iskraemeco.com>","Closed","PI; Software; Test Server; vending","4/7/2026 10:45:12 AM","4/7/2026 9:59:13 AM"
"22796","Bug","Epower - Vending Software Down","Aya Mahmoud <aya.mahmoud@iskraemeco.com>","Closed","CI; Epower; Software; vending","4/7/2026 10:42:20 AM","4/7/2026 10:18:52 AM"
"22801","Bug","Libya - Tariff Card Bug","Salma Ibrahim <salma.ibrahim@iskraemeco.com>","Closed","Lybia; PI; Software; vending","4/7/2026 10:54:10 AM","4/7/2026 10:45:02 AM"
"22803","Bug","Tiba - Aqua License Update","Salma Ibrahim <salma.ibrahim@iskraemeco.com>","Closed","aqua; PI; Software; Tiba","4/7/2026 12:03:26 PM","4/7/2026 11:57:46 AM"
"22806","Bug","Tiba - View Site - Aqua License Upgrade from 1.2 to 1.3 Latest","Aya Mahmoud <aya.mahmoud@iskraemeco.com>","Closed","aqua; PI; Software; Tiba","4/7/2026 1:28:37 PM","4/7/2026 12:33:20 PM"
"22811","Bug","New Giza- Upload Solar Readings on billing","Maryam Khaled <maryam.khaled@iskraemeco.com>","Closed","New giza; PI; Smart; Software","4/8/2026 2:03:58 PM","4/7/2026 5:55:30 PM"
"22812","Bug","New Giza- Upload Solar Readings on billing","Maryam Khaled <maryam.khaled@iskraemeco.com>","Closed","New giza; PI; Smart; Software","4/7/2026 5:55:06 PM","4/7/2026 12:32:52 PM"
"22823","Bug","New Giza- Invoice Issue","Aya Mahmoud <aya.mahmoud@iskraemeco.com>","Closed","CI; New giza; Smart; Software","4/7/2026 2:19:56 PM","4/7/2026 1:55:42 PM"
"22951","Bug","Travco - Meter Disconnect Issue","Aya Mahmoud <aya.mahmoud@iskraemeco.com>","Closed","PI; Smart; Software; Travco","4/7/2026 3:14:13 PM","4/7/2026 2:56:55 PM"
"22956","Bug","Somabay- Check relay status","Aya Mahmoud <aya.mahmoud@iskraemeco.com>","Closed","PI; Smart; Software; Somabay","4/7/2026 3:12:24 PM","4/7/2026 2:56:48 PM"
"22959","Bug","New Giza- Invoice Issue","Aya Mahmoud <aya.mahmoud@iskraemeco.com>","Closed","New giza; PI; Smart; Software","4/7/2026 4:36:07 PM","4/7/2026 3:36:27 PM"
"22970","Bug","New Giza- Invoice Issue","Aya Mahmoud <aya.mahmoud@iskraemeco.com>","Closed","New giza; PI; Smart; Software","4/8/2026 10:05:59 AM","4/8/2026 9:49:23 AM"
"22971","Bug","Sun Capital: Checking Automatic connect & disconnect orders","Khadija Eltantawy <khadija.eltantawy@iskraemeco.com>","Closed","PI; Smart; Software; Suncapital","4/8/2026 11:21:04 AM","4/8/2026 10:51:11 AM"
"22974","Bug","Alex - Enable Activity Change Permission for Selected Users","Salma Ibrahim <salma.ibrahim@iskraemeco.com>","Closed","Alex; CI; Software; vending","4/8/2026 4:33:23 PM","4/8/2026 1:18:54 PM"
"22987","Bug","Sun Capital: Uploading manual readings template","Khadija Eltantawy <khadija.eltantawy@iskraemeco.com>","Closed","PI; Smart; Software; Suncapital","4/8/2026 3:53:27 PM","4/8/2026 2:46:35 PM"
"22988","Bug","validate uploading solar reading to billing - work around for New Giza","Maryam Khaled <maryam.khaled@iskraemeco.com>","Closed","New giza; PI; Smart; Software","4/8/2026 5:08:12 PM","4/8/2026 4:39:26 PM"
"22989","Bug","validate uploading solar reading to billing - work around for New Giza","Maryam Khaled <maryam.khaled@iskraemeco.com>","Closed","New giza; PI; Smart; Software","4/8/2026 4:39:13 PM","4/8/2026 3:28:24 PM"
"22990","Bug","validate uploading solar reading to billing - work around for New Giza","Maryam Khaled <maryam.khaled@iskraemeco.com>","Closed","New giza; PI; Smart; Software","4/8/2026 3:28:00 PM","4/8/2026 3:02:50 PM"
"22992","Bug","Elsewedy Utilities - Ahl Misr - Deleting a charge","Salma Ibrahim <salma.ibrahim@iskraemeco.com>","Closed","Ahl Masr; PI; Software; vending","4/8/2026 4:48:12 PM","4/8/2026 4:33:11 PM"
"22995","Bug","Korra - Vending User Issue","Salma Ibrahim <salma.ibrahim@iskraemeco.com>","Closed","CI; Korra; Software; vending","4/8/2026 4:56:23 PM","4/8/2026 4:48:20 PM"
"22996","Bug","Vending Test Server Issue","Salma Ibrahim <salma.ibrahim@iskraemeco.com>","Closed","PI; Software; Test Server; vending","4/8/2026 5:44:14 PM","4/8/2026 4:56:29 PM"
"22997","Bug","Sun Capital - Readings sopped since beginning of the month","Khadija Eltantawy <khadija.eltantawy@iskraemeco.com>","Closed","PI; Smart; Software; Suncapital","4/9/2026 10:00:02 AM","4/9/2026 10:00:02 AM"
"23003","Bug","SDDC- Edit User Permissions","Salma Ibrahim <salma.ibrahim@iskraemeco.com>","Closed","CI; SDDC; Software; vending","4/9/2026 2:33:13 PM","4/9/2026 2:12:22 PM"
"23004","Bug","New Giza- Invoice Issue","Aya Mahmoud <aya.mahmoud@iskraemeco.com>","Closed","New giza; PI; Smart; Software; Somabay","4/9/2026 2:35:41 PM","4/9/2026 1:11:52 PM"
"23005","Bug","New Giza- Invoice Issue","Khadija Eltantawy <khadija.eltantawy@iskraemeco.com>","Closed","CI; New giza; Smart; Software","4/9/2026 3:22:05 PM","4/9/2026 2:56:01 PM"
"23006","Bug","New Giza- Invoice Issue","Aya Mahmoud <aya.mahmoud@iskraemeco.com>","Closed","CI; New giza; Smart; Software","4/9/2026 2:39:52 PM","4/9/2026 1:52:14 PM"
"23007","Bug","New Giza- Invoice Issue","Khadija Eltantawy <khadija.eltantawy@iskraemeco.com>","Closed","CI; New giza; Smart; Software","4/9/2026 3:24:17 PM","4/9/2026 2:56:44 PM"
"23008","Bug","New Giza- Invoice Issue","Aya Mahmoud <aya.mahmoud@iskraemeco.com>","Closed","CI; New giza; Smart; Software","4/9/2026 2:45:49 PM","4/9/2026 1:52:21 PM"
"23009","Bug","New Giza- Invoice Issue","Khadija Eltantawy <khadija.eltantawy@iskraemeco.com>","Closed","CI; New giza; Smart; Software","4/9/2026 3:23:53 PM","4/9/2026 2:56:32 PM"
"23010","Bug","New Giza - Invoice Issue","Khadija Eltantawy <khadija.eltantawy@iskraemeco.com>","Closed","CI; New giza; Smart; Software","4/9/2026 3:23:24 PM","4/9/2026 2:56:20 PM"
"23011","Bug","New Giza - Invoice Issue","Aya Mahmoud <aya.mahmoud@iskraemeco.com>","Closed","CI; New giza; Smart; Software","4/9/2026 2:45:34 PM","4/9/2026 1:52:28 PM"
"23012","Bug","New Giza - Invoice Issue","Khadija Eltantawy <khadija.eltantawy@iskraemeco.com>","Closed","CI; New giza; Smart; Software","4/9/2026 3:22:51 PM","4/9/2026 2:56:09 PM"
"23014","Bug","Alex - Checking Activity Change Permission for Selected Users","Salma Ibrahim <salma.ibrahim@iskraemeco.com>","Closed","Alex; PI; Software; vending","4/9/2026 2:12:16 PM","4/9/2026 1:23:52 PM"
"23017","Bug","Mena Oasis - Difference in charge between system and meter","Salma Ibrahim <salma.ibrahim@iskraemeco.com>","Closed","Mena Oasis; PI; Software; vending","4/9/2026 4:00:12 PM","4/9/2026 2:41:49 PM"
"23018","Bug","Mena Oasis - Delete charge from database","Salma Ibrahim <salma.ibrahim@iskraemeco.com>","Closed","Mena Oasis; PI; Software; vending","4/9/2026 3:59:59 PM","4/9/2026 2:41:30 PM"
"23021","Bug","New Giza Invoice Issue","Khadija Eltantawy <khadija.eltantawy@iskraemeco.com>","Closed","New giza; PI; Smart; Software","4/9/2026 4:41:55 PM","4/9/2026 4:41:17 PM"
"23026","Bug","sun capital update relay status","Khadija Eltantawy <khadija.eltantawy@iskraemeco.com>","Closed","PI; Smart; Software; Suncapital","4/9/2026 5:30:57 PM","4/9/2026 5:05:27 PM"
"23027","Bug","Elsewedy Utilities - eFinance Report","Ahmed Salam <ahmed.salam@iskraemeco.com>","Closed","PI; Software; Utilities; vending","4/9/2026 5:02:31 PM","4/9/2026 5:02:31 PM"
"23028","Bug","Suncapital Synch meters from symbiot to billing","Khadija Eltantawy <khadija.eltantawy@iskraemeco.com>","Closed","CI; Smart; Software; Suncapital","4/9/2026 5:37:12 PM","4/9/2026 5:33:30 PM"
"23029","Bug","SDDC - Change admin user","Ahmed Salam <ahmed.salam@iskraemeco.com>","Closed","CI; SDDC; Software; vending","4/14/2026 10:02:41 AM","4/14/2026 9:57:30 AM"
"23035","Bug","MEDC adding tariff and change activity privilege","Salma Ibrahim <salma.ibrahim@iskraemeco.com>","Closed","MEDC; PI; Software; Utility; vending","4/14/2026 11:25:28 AM","4/14/2026 10:36:41 AM"
"23036","Bug","SDDC adding tariff commercial","Ahmed Salam <ahmed.salam@iskraemeco.com>","Closed","PI; SDDC; Software; Utility; vending","4/14/2026 10:03:20 AM","4/14/2026 9:57:43 AM"
"23037","Bug","Mena Oasis - IC cards give general error on system","Salma Ibrahim <salma.ibrahim@iskraemeco.com>","Closed","Mena Oasis; PI; Software; vending","4/14/2026 10:19:24 AM","4/14/2026 10:07:17 AM"
"23039","Bug","Travco almaza bay - meter synch.","Aya Mahmoud <aya.mahmoud@iskraemeco.com>","Closed","PI; Smart; Software; Travco","4/14/2026 10:46:08 AM","4/14/2026 10:10:03 AM"
"23040","Bug","Utilities delete charge","Salma Ibrahim <salma.ibrahim@iskraemeco.com>","Closed","Alamin; PI; Software; vending","4/14/2026 10:36:31 AM","4/14/2026 10:19:47 AM"
"23043","Bug","Elkhamayl - delete settlments","Aya Mahmoud <aya.mahmoud@iskraemeco.com>","Closed","aqua; CI; ElKhamayl; Software","4/14/2026 11:53:57 AM","4/14/2026 11:21:22 AM"
"23050","Bug","Epower - Delete charge","Maryam Khaled <maryam.khaled@iskraemeco.com>","Closed","CI; Epower; Software; vending","4/14/2026 11:04:33 AM","4/14/2026 10:44:16 AM"
"23052","Bug","MG deployment Billing","Aya Mahmoud <aya.mahmoud@iskraemeco.com>","Closed","CI; MG; PI; Smart","4/14/2026 3:15:53 PM","4/14/2026 2:02:04 PM"
"23053","Bug","New Giza - Missing Invoices","Maryam Khaled <maryam.khaled@iskraemeco.com>","Closed","CI; Newgiza; Smart; Software","4/14/2026 2:20:56 PM","4/14/2026 2:00:19 PM"
"23054","Bug","New Giza - Missing Invoice","Salma Ibrahim <salma.ibrahim@iskraemeco.com>","Closed","CI; Newgiza; Smart; Software","4/14/2026 1:27:05 PM","4/14/2026 12:24:19 PM"
"23055","Bug","New Giza - Missing invoices","Maryam Khaled <maryam.khaled@iskraemeco.com>","Closed","CI; New giza; Newgiza; Smart","4/14/2026 1:58:56 PM","4/14/2026 1:51:14 PM"
"23060","Bug","Korra -Amwaj - update area code with 01 and account with 01 from database","Salma Ibrahim <salma.ibrahim@iskraemeco.com>","Closed","Amwaj; PI; Software; vending","4/14/2026 4:13:38 PM","4/14/2026 2:41:27 PM"
"23062","Bug","New Giza - Missing invoices","Maryam Khaled <maryam.khaled@iskraemeco.com>","Closed","Newgiza; PI; Smart; Software","4/14/2026 5:03:21 PM","4/14/2026 4:16:18 PM"
"23079","Bug","Epower - Change meter name","Aya Mahmoud <aya.mahmoud@iskraemeco.com>","Closed","CI; Epower; Smart; Software","4/14/2026 4:35:34 PM","4/14/2026 4:17:21 PM"
"23088","Bug","MEDC - the number of IC meters installed on system identifications","Salma Ibrahim <salma.ibrahim@iskraemeco.com>","Closed","MEDC; PI; Software; Utility","4/15/2026 12:54:17 PM","4/15/2026 11:19:23 AM"
"23108","Bug","new giza - solar report","Salma Ibrahim <salma.ibrahim@iskraemeco.com>","Closed","New giza; PI; Smart; Software","4/15/2026 5:23:07 PM","4/15/2026 4:49:45 PM"
"23109","Bug","Emaar - Marasi - Meters last reading","Salma Ibrahim <salma.ibrahim@iskraemeco.com>","Closed","Marassi; PI; Smart; Software","4/15/2026 5:13:53 PM","4/15/2026 4:48:54 PM"
"23110","Bug","SCDC - Check tariff","Salma Ibrahim <salma.ibrahim@iskraemeco.com>","Closed","CI; Scdc; Software; vending","4/15/2026 4:48:27 PM","4/15/2026 4:39:23 PM"
"23111","Bug","Iraq - Al-Safa - check meter readings","Salma Ibrahim <salma.ibrahim@iskraemeco.com>","Closed","Iraq; PI; Smart; Software","4/15/2026 4:48:48 PM","4/15/2026 4:36:38 PM"
"23113","Bug","New Giza- Invoice Issue","Maryam Khaled <maryam.khaled@iskraemeco.com>","Closed","CI; New giza; Smart; Software","4/16/2026 11:25:28 AM","4/16/2026 10:18:31 AM"
"23121","Bug","Elsewedy Utilities - Ahl Misr - Deleting tariff from database","Salma Ibrahim <salma.ibrahim@iskraemeco.com>","Closed","Ahl Masr; PI; Software; vending","4/16/2026 2:14:46 PM","4/16/2026 1:42:42 PM"
"23123","Bug","New Giza- Add Solar Customer Group","Maryam Khaled <maryam.khaled@iskraemeco.com>","Closed","New giza; PI; Smart; Software","4/16/2026 1:50:08 PM","4/16/2026 12:03:53 PM"
"23126","Bug","Sun Capital: Relay Status","Khadija Eltantawy <khadija.eltantawy@iskraemeco.com>","Closed","PI; Smart; Software; Suncapital","4/16/2026 1:29:00 PM","4/16/2026 1:13:19 PM"
"23127","Bug","Fouka: Error 500 with billing","Khadija Eltantawy <khadija.eltantawy@iskraemeco.com>","Closed","CI; Fouka; Smart; Software","4/16/2026 1:28:44 PM","4/16/2026 1:12:54 PM"
"23129","Bug","Mountain View - Changing Tariff","Salma Ibrahim <salma.ibrahim@iskraemeco.com>","Closed","Mountain View; PI; Software; vending","4/16/2026 4:17:04 PM","4/16/2026 3:02:29 PM"
"23130","Bug","Sun Capital: 360 users issue","Maryam Khaled <maryam.khaled@iskraemeco.com>","Closed","CI; Smart; Software; Suncapital","4/16/2026 8:37:57 PM","4/16/2026 5:48:58 PM"
"23135","Bug","Epower - Change meter name","Aya Mahmoud <aya.mahmoud@iskraemeco.com>","Closed","CI; Epower; Smart; Software","4/16/2026 4:56:19 PM","4/16/2026 4:50:30 PM"
"23140","Bug","Epower - Estates - Solar calculation","Maryam Khaled <maryam.khaled@iskraemeco.com>","Closed","Epower; PI; Smart; Software","4/16/2026 8:35:37 PM","4/16/2026 5:49:18 PM"
"23142","Bug","Alex - Change users' Privileges","Ahmed Salam <ahmed.salam@iskraemeco.com>","Closed","ADC; CI; Software; vending","4/19/2026 9:08:51 AM","4/19/2026 9:08:51 AM"
"23143","Bug","New Giza-Invoice Issue","Khadija Eltantawy <khadija.eltantawy@iskraemeco.com>","Closed","New giza; PI; Smart; Software","4/19/2026 9:26:30 AM","4/19/2026 9:12:50 AM"
"23153","Bug","SCDC - delete recharge","Salma Ibrahim <salma.ibrahim@iskraemeco.com>","Closed","CI; Scdc; Utility; vending","4/19/2026 10:53:54 AM","4/19/2026 10:16:46 AM"
"23184","Bug","New Giza - Missing Invoices","Khadija Eltantawy <khadija.eltantawy@iskraemeco.com>","Closed","CI; Newgiza; Smart; Software","4/19/2026 1:50:47 PM","4/19/2026 12:50:51 PM"
"23185","Bug","New Giza - Missing Invoices","Khadija Eltantawy <khadija.eltantawy@iskraemeco.com>","Closed","CI; Newgiza; Smart; Software","4/19/2026 1:51:37 PM","4/19/2026 12:50:45 PM"
"23187","Bug","New Giza - Missing Invoices","Khadija Eltantawy <khadija.eltantawy@iskraemeco.com>","Closed","Newgiza; PI; Smart; Software","4/19/2026 1:48:14 PM","4/19/2026 12:50:39 PM"
"23188","Bug","New Giza - Missing Invoices","Khadija Eltantawy <khadija.eltantawy@iskraemeco.com>","Closed","CI; Newgiza; PI; Smart","4/19/2026 1:49:24 PM","4/19/2026 12:55:25 PM"
"23189","Bug","New Giza - Missing Invoices","Khadija Eltantawy <khadija.eltantawy@iskraemeco.com>","Closed","Newgiza; PI; Smart; Software","4/19/2026 1:49:40 PM","4/19/2026 12:53:47 PM"
"23191","Bug","New Giza - Missing Invoices","Khadija Eltantawy <khadija.eltantawy@iskraemeco.com>","Closed","CI; Newgiza; Smart; Software","4/19/2026 1:48:53 PM","4/19/2026 12:55:34 PM"
"23192","Bug","New Giza - Missing Invoices","Khadija Eltantawy <khadija.eltantawy@iskraemeco.com>","Closed","Newgiza; PI; Smart; Software","4/19/2026 1:50:30 PM","4/19/2026 12:53:37 PM"
"23193","Bug","Epower - Mountain View - Icity - Card can not be read on system from charging tab","Salma Ibrahim <salma.ibrahim@iskraemeco.com>","Closed","aqua; Epower; PI; Software","4/19/2026 2:50:33 PM","4/19/2026 1:11:49 PM"
"23197","Bug","Sun Capital: Invoices Issue","Aya Mahmoud <aya.mahmoud@iskraemeco.com>","Closed","CI; Smart; Software; Suncapital","4/19/2026 4:15:00 PM","4/19/2026 3:45:03 PM"
"23198","Bug","MG HQ - Vending Invoice Error","Salma Ibrahim <salma.ibrahim@iskraemeco.com>","Closed","CI; MG; Software; vending","4/19/2026 5:21:44 PM","4/19/2026 4:31:57 PM"
"23199","Bug","New Giza - Solar report","Maryam Khaled <maryam.khaled@iskraemeco.com>","Closed","Newgiza; PI; Smart; Software","4/19/2026 6:38:58 PM","4/19/2026 6:25:13 PM"
"23224","Bug","Epower - Sodic - Merge Water Meters","Salma Ibrahim <salma.ibrahim@iskraemeco.com>","Closed","CI; Epower; Smart; Software","4/20/2026 10:43:44 AM","4/20/2026 10:21:29 AM"
"23226","Bug","Sun Capital: Invoices Issue","Salma Ibrahim <salma.ibrahim@iskraemeco.com>","Closed","360 API; Smart; Software; Suncapital","4/20/2026 12:56:13 PM","4/20/2026 11:39:31 AM"
"23227","Bug","New Giza: Invoice Issue","Aya Mahmoud <aya.mahmoud@iskraemeco.com>","Closed","CI; New giza; Smart; Software","4/20/2026 1:31:01 PM","4/20/2026 1:07:05 PM"
"23298","Bug","epower merge duplicated meters","Khadija Eltantawy <khadija.eltantawy@iskraemeco.com>","Closed","CI; Epower; Smart; Software","4/20/2026 5:13:52 PM","4/20/2026 5:00:22 PM"
"23299","Bug","Panorama: Vending Deployment","Salma Ibrahim <salma.ibrahim@iskraemeco.com>","Closed","Panorama; PI; Software; vending","4/21/2026 10:19:22 AM","4/21/2026 8:53:40 AM"
"23301","Bug","Emdad - Changing Settlement starting date from Database","Ahmed Salam <ahmed.salam@iskraemeco.com>","Closed","aqua; CI; Emdad; Software","4/20/2026 5:27:08 PM","4/20/2026 5:27:08 PM"
"23308","Bug","New Giza - Missing Invoices","Khadija Eltantawy <khadija.eltantawy@iskraemeco.com>","Closed","CI; Newgiza; Smart; Software","4/21/2026 3:26:27 PM","4/21/2026 10:05:02 AM"
"23309","Bug","New Giza - Missing Invoices","Aya Mahmoud <aya.mahmoud@iskraemeco.com>","Closed","CI; Newgiza; Smart; Software","4/21/2026 10:20:26 AM","4/21/2026 10:04:09 AM"
"23311","Bug","Sun Capital: Relay Status","Maryam Khaled <maryam.khaled@iskraemeco.com>","Closed","CI; Smart; Software; Suncapital","4/21/2026 1:03:01 PM","4/21/2026 11:27:36 AM"
"23345","Bug","Sun Capital: Relay Status","Maryam Khaled <maryam.khaled@iskraemeco.com>","Closed","PI; Smart; Software; Suncapital","4/21/2026 3:07:54 PM","4/21/2026 2:06:04 PM"
"23357","Bug","New Giza - Invoice issue for may","Aya Mahmoud <aya.mahmoud@iskraemeco.com>","Closed","Newgiza; PI; Smart; Software","4/21/2026 2:13:17 PM","4/21/2026 1:58:03 PM"
"23368","Bug","Sun Capital - Changing Meter Serial Number","Khadija Eltantawy <khadija.eltantawy@iskraemeco.com>","Closed","CI; Smart; Software; Suncapital","4/21/2026 2:56:00 PM","4/21/2026 2:56:00 PM"
"23388","Bug","Travco: Connect Orders from Billing","Aya Mahmoud <aya.mahmoud@iskraemeco.com>","Closed","CI; Smart; Software; Travco","4/21/2026 5:15:37 PM","4/21/2026 4:53:26 PM"
"23410","Bug","Sun Capital - Tariff Version","Maryam Khaled <maryam.khaled@iskraemeco.com>","Closed","CI; Smart; Software; Suncapital","4/22/2026 12:08:57 PM","4/22/2026 11:20:20 AM"
"23433","Bug","New Giza - Invoice Issue","Aya Mahmoud <aya.mahmoud@iskraemeco.com>","Closed","CI; Newgiza; Smart; Software","4/22/2026 1:28:05 PM","4/22/2026 12:38:47 PM"
"23434","Bug","New Giza - Invoice Issue","Aya Mahmoud <aya.mahmoud@iskraemeco.com>","Closed","Newgiza; PI; Smart; Software","4/22/2026 12:57:10 PM","4/22/2026 12:38:59 PM"
"23467","Bug","New Giza - Upload solar readings","Maryam Khaled <maryam.khaled@iskraemeco.com>","Closed","Newgiza; PI; Smart; Software","4/23/2026 11:03:41 AM","4/23/2026 9:40:19 AM"
"23469","Bug","Epower- Upload readings issue","Aya Mahmoud <aya.mahmoud@iskraemeco.com>","Closed","CI; Epower; Smart; Software","4/23/2026 11:51:25 AM","4/23/2026 10:35:47 AM"
"23476","Bug","Sun Capital - Connect/Disconnect Issue","Khadija Eltantawy <khadija.eltantawy@iskraemeco.com>","Closed","PI; Smart; Software; Suncapital","4/23/2026 5:27:26 PM","4/23/2026 3:00:13 PM"
"23483","Bug","Emdad - Checking Deleting a Deposit","Salma Ibrahim <salma.ibrahim@iskraemeco.com>","Closed","Emdad; PI; Software; vending","4/23/2026 4:09:55 PM","4/23/2026 3:54:43 PM"
"23517","Bug","Travco: Relay Status","Aya Mahmoud <aya.mahmoud@iskraemeco.com>","Closed","PI; Smart; Software; Travco","4/26/2026 11:08:38 AM","4/26/2026 9:53:19 AM"
"23526","Bug","Alex - Edit User permissions","Salma Ibrahim <salma.ibrahim@iskraemeco.com>","Closed","ADC; Software; Utility; vending","4/26/2026 1:17:36 PM","4/26/2026 12:40:12 PM"
"23531","Bug","Fouka: Changing unit names","Khadija Eltantawy <khadija.eltantawy@iskraemeco.com>","Closed","CI; Fouka; Smart; Software","4/26/2026 4:35:26 PM","4/26/2026 1:30:13 PM"
"23532","Bug","New Giza - Missing Invoice","Aya Mahmoud <aya.mahmoud@iskraemeco.com>","Closed","CI; Newgiza; Smart; Software","4/26/2026 3:36:13 PM","4/26/2026 3:28:16 PM"
"23618","Bug","Light power - Difference in value of charge between report and invoice","Salma Ibrahim <salma.ibrahim@iskraemeco.com>","Closed","Lightpower; PI; Software; vending","4/27/2026 11:07:00 AM","4/26/2026 4:45:08 PM"
"23621","Bug","Taqa- Energy 360 sign up","Salma Ibrahim <salma.ibrahim@iskraemeco.com>","Closed","CI; Smart; Software; Taqa","4/26/2026 7:28:28 PM","4/26/2026 6:20:54 PM"
"23626","Bug","New Giza - Missing Invoices","Khadija Eltantawy <khadija.eltantawy@iskraemeco.com>","Closed","CI; Newgiza; Smart; Software","4/27/2026 11:03:47 AM","4/27/2026 11:00:36 AM"
"23627","Bug","New Giza - Old system down","Khadija Eltantawy <khadija.eltantawy@iskraemeco.com>","Closed","Newgiza; PI; Smart; Software","4/27/2026 11:03:37 AM","4/27/2026 11:00:22 AM"
"23628","Bug","Sun Capital - Connect/Disconnect Issue","Aya Mahmoud <aya.mahmoud@iskraemeco.com>","Closed","PI; Smart; Software; Suncapital","4/27/2026 12:23:35 PM","4/27/2026 11:54:11 AM"
"23630","Bug","Relantecs - Upgrade aqua software from 1.2 to 1.3 latest","Maryam Khaled <maryam.khaled@iskraemeco.com>","Closed","aqua; PI; Relantecs; Software","4/27/2026 12:49:41 PM","4/27/2026 12:13:49 PM"
"23631","Bug","Elsewedy Utilities settlements","Salma Ibrahim <salma.ibrahim@iskraemeco.com>","Closed","Alamin; PI; Utilities; vending","4/27/2026 2:15:56 PM","4/27/2026 1:42:03 PM"
"23634","Bug","Epower- Change Tariff date from database","Salma Ibrahim <salma.ibrahim@iskraemeco.com>","Closed","aqua; CI; Epower; Software","4/27/2026 3:18:21 PM","4/27/2026 3:02:06 PM"
"23635","Bug","Epower- Edit fixed step fees checkbox","Salma Ibrahim <salma.ibrahim@iskraemeco.com>","Closed","aqua; CI; Epower; Software","4/27/2026 3:34:18 PM","4/27/2026 3:25:20 PM"
"23636","Bug","New Giza - Missing Invoices","Aya Mahmoud <aya.mahmoud@iskraemeco.com>","Closed","CI; Newgiza; PI; Smart","4/27/2026 4:02:27 PM","4/27/2026 3:45:42 PM"
"23637","Bug","New Giza - Invoice Issue","Aya Mahmoud <aya.mahmoud@iskraemeco.com>","Closed","CI; Newgiza; Smart; Software","4/27/2026 4:18:48 PM","4/27/2026 4:18:48 PM"
"23638","Bug","Relantecs - Can no read customer card from charging tab","Salma Ibrahim <salma.ibrahim@iskraemeco.com>","Closed","aqua; PI; Relantecs; Software","4/27/2026 4:31:25 PM","4/27/2026 4:07:37 PM"
"23639","Bug","El-Khamayel: Uploaing Back up from data base","Salma Ibrahim <salma.ibrahim@iskraemeco.com>","Closed","aqua; Khamayel; PI; Software","4/27/2026 4:39:49 PM","4/27/2026 4:31:31 PM"
"23640","Bug","New Giza - Missing Invoice","Aya Mahmoud <aya.mahmoud@iskraemeco.com>","Closed","CI; Newgiza; Smart; Software","4/27/2026 5:12:59 PM","4/27/2026 4:40:03 PM"
"23642","Bug","Taqa- Energy 360 sign up","Maryam Khaled <maryam.khaled@iskraemeco.com>","Closed","CI; Smart; Software; Taqa","4/28/2026 11:42:54 AM","4/28/2026 11:18:43 AM"
"23644","Bug","New Giza - Invoice Issue","Maryam Khaled <maryam.khaled@iskraemeco.com>","Closed","Newgiza; PI; Smart; Software","4/28/2026 11:42:12 AM","4/28/2026 11:18:34 AM"
"23645","Bug","Sun Capital - Missing Readings","Khadija Eltantawy <khadija.eltantawy@iskraemeco.com>","Closed","PI; Smart; Software; Suncapital","4/28/2026 10:16:56 AM","4/28/2026 9:56:17 AM"
"23649","Bug","Travco: Relay Status","Khadija Eltantawy <khadija.eltantawy@iskraemeco.com>","Closed","PI; Smart; Software; Travco","4/28/2026 10:16:14 AM","4/28/2026 9:56:47 AM"
"23650","Bug","Sun Capital - Missing Readings","Aya Mahmoud <aya.mahmoud@iskraemeco.com>","Closed","CI; Smart; Software; Suncapital","4/28/2026 10:50:21 AM","4/28/2026 9:59:32 AM"
"23652","Bug","New Giza - Invoice Issue","Khadija Eltantawy <khadija.eltantawy@iskraemeco.com>","Closed","CI; Newgiza; Smart; Software","4/28/2026 10:59:50 AM","4/28/2026 10:53:02 AM"
"23653","Bug","New Giza - Invoice inquiry","Khadija Eltantawy <khadija.eltantawy@iskraemeco.com>","Closed","CI; New giza; Newgiza; Smart","4/28/2026 4:20:47 PM","4/28/2026 4:08:45 PM"
"23657","Bug","Scope - Restoring Vending Software","Ahmed Salam <ahmed.salam@iskraemeco.com>","Closed","CI; Scope; Software; vending","4/28/2026 12:18:36 PM","4/28/2026 12:18:36 PM"
"23663","Bug","New Giza - Invoice Issue","Maryam Khaled <maryam.khaled@iskraemeco.com>","Closed","Newgiza; PI; Smart; Software","4/28/2026 3:21:25 PM","4/28/2026 3:09:56 PM"
"23666","Bug","Sun Capital - Wrong readings incorrect time zone","Aya Mahmoud <aya.mahmoud@iskraemeco.com>","Closed","CI; Smart; Software; Suncapital","4/28/2026 4:21:47 PM","4/28/2026 4:04:03 PM"
"23667","Bug","Sun Capital - Wrong readings incorrect time zone","Khadija Eltantawy <khadija.eltantawy@iskraemeco.com>","Closed","CI; Smart; Software; Suncapital","4/28/2026 4:20:57 PM","4/28/2026 4:08:26 PM"
"23668","Bug","Sun Capital - Wrong readings incorrect time zone","Maryam Khaled <maryam.khaled@iskraemeco.com>","Closed","CI; Smart; Software; Suncapital","4/28/2026 4:27:46 PM","4/28/2026 4:10:43 PM"
"23669","Bug","Prime: Deleting Last Action on vending","Maryam Khaled <maryam.khaled@iskraemeco.com>","Closed","PI; Prime; Software; vending","4/28/2026 4:57:25 PM","4/28/2026 4:28:03 PM"
"23670","Bug","travco checking billing services","Aya Mahmoud <aya.mahmoud@iskraemeco.com>","Closed","CI; Smart; Software; Travco","4/28/2026 5:43:17 PM","4/28/2026 5:12:02 PM"
"23679","Bug","Khamayel: Reports Down","Salma Ibrahim <salma.ibrahim@iskraemeco.com>","Closed","aqua; Khamayel; PI; Software","4/29/2026 10:36:34 AM","4/29/2026 10:22:38 AM"
"23680","Bug","New Giza - Old System Down","Maryam Khaled <maryam.khaled@iskraemeco.com>","Closed","Newgiza; PI; Software; vending","4/29/2026 11:38:20 AM","4/29/2026 10:58:44 AM"
"23686","Bug","Epower- Move Charge from West Park to West Mark","Salma Ibrahim <salma.ibrahim@iskraemeco.com>","Closed","CI; Epower; Software; vending","4/29/2026 5:44:31 PM","4/29/2026 5:44:31 PM"
"23688","Bug","Sun Capital - Monthly Consumption Report Issue","Maryam Khaled <maryam.khaled@iskraemeco.com>","Closed","CI; Smart; Software; Suncapital","4/29/2026 3:06:32 PM","4/29/2026 2:46:38 PM"
"23689","Bug","Sun Capital - Consumption Steps Details Report Issue","Maryam Khaled <maryam.khaled@iskraemeco.com>","Closed","PI; Smart; Software; Suncapital","4/29/2026 3:19:52 PM","4/29/2026 2:46:26 PM"
"23692","Bug","Epower- Add DLLs to solve the error in card read failure","Salma Ibrahim <salma.ibrahim@iskraemeco.com>","Closed","aqua; Epower; PI; Software","4/29/2026 4:34:27 PM","4/29/2026 4:07:05 PM"
"23694","Bug","MG - Meters Sync Issue","Aya Mahmoud <aya.mahmoud@iskraemeco.com>","Closed","CI; MG; Smart; Software","4/29/2026 5:34:14 PM","4/29/2026 4:39:58 PM"
"23695","Bug","New Giza - Edit Tariff","Maryam Khaled <maryam.khaled@iskraemeco.com>","Closed","CI; Newgiza; Smart; Software","4/29/2026 7:18:16 PM","4/29/2026 5:13:40 PM"
"23696","Bug","Taqa - billing issue","Aya Mahmoud <aya.mahmoud@iskraemeco.com>","Closed","PI; Smart; Software; Taqa","4/29/2026 5:51:01 PM","4/29/2026 5:21:48 PM"
"23701","Bug","Sun Capital - Missing Readings","Khadija Eltantawy <khadija.eltantawy@iskraemeco.com>","Closed","PI; Smart; Software; Suncapital","4/30/2026 2:07:44 PM","4/30/2026 10:28:34 AM"
"23720","Bug","Fouka: Changing meters unit","Aya Mahmoud <aya.mahmoud@iskraemeco.com>","Closed","CI; Fouka; Smart; Software","4/30/2026 12:47:46 PM","4/30/2026 12:12:04 PM"
"23723","Bug","Prime: Updating Tariff","Salma Ibrahim <salma.ibrahim@iskraemeco.com>","Closed","CI; Prime; Software; vending","4/30/2026 2:53:43 PM","4/30/2026 2:15:51 PM"
"23724","Bug","NCDC: Updating Tariff","Salma Ibrahim <salma.ibrahim@iskraemeco.com>","Closed","NCDC; Software; Utility; vending","5/3/2026 10:26:52 AM","5/3/2026 9:39:37 AM"
"23725","Bug","Soma Bay - Activating Tariff from Database","Maryam Khaled <maryam.khaled@iskraemeco.com>","Closed","PI; Smart; Software; Somabay","4/30/2026 1:37:31 PM","4/30/2026 1:26:40 PM"
"23726","Bug","Roayaa - Energy360 System Down","Ahmed Salam <ahmed.salam@iskraemeco.com>","Closed","360 API; PI; Roayaa; Smart","4/30/2026 1:44:53 PM","4/30/2026 1:18:47 PM"
"23731","Bug","Epower- Delete Meters","Aya Mahmoud <aya.mahmoud@iskraemeco.com>","Closed","CI; Epower; Smart; Software","4/30/2026 4:02:04 PM","4/30/2026 3:53:03 PM"
"23735","Bug","Epower- Meter Reading Sync Issue","Khadija Eltantawy <khadija.eltantawy@iskraemeco.com>","Closed","CI; Epower; Smart; Software","4/30/2026 4:48:07 PM","4/30/2026 4:46:58 PM"
"23736","Bug","Sun Capital - Missing Readings","Khadija Eltantawy <khadija.eltantawy@iskraemeco.com>","Closed","PI; Smart; Software; Suncapital","4/30/2026 5:21:38 PM","4/30/2026 5:01:04 PM"
"23737","Bug","Sun Capital - Missing Readings","Khadija Eltantawy <khadija.eltantawy@iskraemeco.com>","Closed","PI; Smart; Software; Suncapital","4/30/2026 5:22:38 PM","4/30/2026 5:00:57 PM"
"23738","Bug","Sun Capital - Missing Readings","Khadija Eltantawy <khadija.eltantawy@iskraemeco.com>","Closed","PI; Smart; Software; Suncapital","4/30/2026 5:23:32 PM","4/30/2026 5:00:47 PM"
"23739","Bug","Sun Capital - Missing Readings","Khadija Eltantawy <khadija.eltantawy@iskraemeco.com>","Closed","PI; Smart; Software; Suncapital","4/30/2026 5:20:37 PM","4/30/2026 5:00:39 PM"
"23741","Bug","New Giza - Upload solar readings","Maryam Khaled <maryam.khaled@iskraemeco.com>","Closed","Newgiza; PI; Smart; Software","4/30/2026 6:51:37 PM","4/30/2026 6:02:31 PM"
"23742","Bug","New Giza - Upload solar readings","Maryam Khaled <maryam.khaled@iskraemeco.com>","Closed","Newgiza; PI; Smart; Software","4/30/2026 6:52:32 PM","4/30/2026 6:02:18 PM"
"23743","Bug","KAI - Deleting and Reseting Meters from Database","Aya Mahmoud <aya.mahmoud@iskraemeco.com>","Closed","aqua; CI; KAI; Software","4/30/2026 7:31:04 PM","4/30/2026 7:17:14 PM"
"23748","Bug","New Giza - Invoice issue for the new month","Khadija Eltantawy <khadija.eltantawy@iskraemeco.com>","Closed","CI; Newgiza; Smart; Software","5/3/2026 4:49:31 PM","5/3/2026 4:49:31 PM"
"23751","Bug","Avex Mall - New Device Aqua Deployment","Maryam Khaled <maryam.khaled@iskraemeco.com>","Closed","aqua; Avex; PI; Software","5/3/2026 3:21:35 PM","5/3/2026 2:44:22 PM"
"23752","Bug","Epower -Vending delete charges","Maryam Khaled <maryam.khaled@iskraemeco.com>","Closed","CI; Epower; Software; vending","5/3/2026 2:43:48 PM","5/3/2026 1:00:40 PM"
"23756","Bug","Florenza and Scandeck- Delete charge from database","Ahmed Salam <ahmed.salam@iskraemeco.com>","Closed","CI; Florenza; SMS; Software","5/3/2026 4:11:53 PM","5/3/2026 4:11:53 PM"
"23759","Bug","Epower- Merge Duplicated Meters","Maryam Khaled <maryam.khaled@iskraemeco.com>","Closed","CI; Epower; Smart; Software","5/3/2026 4:40:25 PM","5/3/2026 4:32:00 PM"
"23760","Bug","Epower- Merge Duplicated Meters","Maryam Khaled <maryam.khaled@iskraemeco.com>","Closed","CI; Epower; Smart; Software","5/3/2026 4:31:45 PM","5/3/2026 3:29:18 PM"
"23762","Bug","Emdad- Change Settlement date","Salma Ibrahim <salma.ibrahim@iskraemeco.com>","Closed","aqua; CI; Emdad; Software","5/3/2026 4:22:20 PM","5/3/2026 4:13:30 PM"
"23770","Bug","Change Monthly Consumption Steps Report- Epower","Salma Ibrahim <salma.ibrahim@iskraemeco.com>","Closed","Epower; PI; Smart; Software","5/4/2026 2:30:37 PM","5/4/2026 11:03:47 AM"
"23771","Bug","New Giza - Solar invoices","Maryam Khaled <maryam.khaled@iskraemeco.com>","Closed","Newgiza; PI; Smart; Software","5/4/2026 1:42:33 PM","5/4/2026 12:41:06 PM"
"23772","Bug","New Giza - Solar invoices","Maryam Khaled <maryam.khaled@iskraemeco.com>","Closed","CI; Newgiza; Smart; Software","5/4/2026 12:40:53 PM","5/4/2026 11:55:07 AM"
"23773","Bug","New Giza - Solar invoices","Maryam Khaled <maryam.khaled@iskraemeco.com>","Closed","Newgiza; PI; Smart; Software","5/4/2026 11:54:20 AM","5/4/2026 11:32:49 AM"
"23777","Bug","Change Monthly Consumption Steps Report- Taqa","Maryam Khaled <maryam.khaled@iskraemeco.com>","Closed","PI; Smart; Software; Taqa","5/4/2026 2:42:18 PM","5/4/2026 1:46:06 PM"
"23778","Bug","Change Monthly Consumption Steps Report-Roayaa","Khadija Eltantawy <khadija.eltantawy@iskraemeco.com>","Closed","PI; Roayaa; Smart; Software","5/4/2026 2:12:43 PM","5/4/2026 2:03:24 PM"
"23781","Bug","Sun Capital - Missing Readings","Khadija Eltantawy <khadija.eltantawy@iskraemeco.com>","Closed","PI; Smart; Software; Suncapital","5/4/2026 3:31:16 PM","5/4/2026 2:39:13 PM"
"23782","Bug","Sun Capital - Missing Readings","Khadija Eltantawy <khadija.eltantawy@iskraemeco.com>","Closed","PI; Smart; Software; Suncapital","5/4/2026 3:33:33 PM","5/4/2026 2:38:34 PM"
"23783","Bug","Sun Capital - Connect/ Disconnect Meters","Khadija Eltantawy <khadija.eltantawy@iskraemeco.com>","Closed","PI; Smart; Software; Suncapital","5/4/2026 3:32:02 PM","5/4/2026 2:39:02 PM"
"23785","Bug","Sun Capital - Monthly Consumption Steps Report","Maryam Khaled <maryam.khaled@iskraemeco.com>","Closed","PI; Smart; Software; Suncapital","5/4/2026 4:07:52 PM","5/4/2026 3:19:14 PM"
"23786","Bug","LaVista - Monthly Consumption Steps Report","Salma Ibrahim <salma.ibrahim@iskraemeco.com>","Closed","Lavista; PI; Smart; Software","5/4/2026 3:57:18 PM","5/4/2026 3:01:25 PM"
"23787","Bug","Soma Bay - Monthly Consumption Steps Report","Salma Ibrahim <salma.ibrahim@iskraemeco.com>","Closed","PI; Smart; Software; Somabay","5/4/2026 3:57:32 PM","5/4/2026 3:02:35 PM"
"23788","Bug","HQ MG - Monthly Consumption Steps Report","Salma Ibrahim <salma.ibrahim@iskraemeco.com>","Closed","MG; PI; Smart; Software","5/4/2026 3:57:43 PM","5/4/2026 3:02:46 PM"
"23789","Bug","New Giza - Monthly Consumption Steps Report","Maryam Khaled <maryam.khaled@iskraemeco.com>","Closed","Newgiza; PI; Smart; Software","5/4/2026 4:08:48 PM","5/4/2026 3:20:33 PM"
"23790","Bug","Prime - Monthly Consumption Steps Report","Maryam Khaled <maryam.khaled@iskraemeco.com>","Closed","PI; Prime; Smart; Software","5/4/2026 3:18:55 PM","5/4/2026 3:01:41 PM"
"23791","Bug","Iraq - Alsafa - Monthly Consumption Steps Report","Salma Ibrahim <salma.ibrahim@iskraemeco.com>","Closed","Iraq; PI; Smart; Software","5/4/2026 3:57:56 PM","5/4/2026 3:02:56 PM"
"23829","Bug","Fanadir- Delete Charge from database","Maryam Khaled <maryam.khaled@iskraemeco.com>","Closed","CI; Fanadir; Software; vending","5/4/2026 4:38:29 PM","5/4/2026 4:08:58 PM"
"23830","Bug","Tatweer- Fouka Bay- Billing System Down","Khadija Eltantawy <khadija.eltantawy@iskraemeco.com>","Closed","Fouka; PI; Smart; Software","5/5/2026 9:46:37 AM","5/5/2026 8:57:15 AM"
"23838","Bug","New Giza: Missing Invoices","Aya Mahmoud <aya.mahmoud@iskraemeco.com>","Closed","New giza; PI; Smart; Software","5/5/2026 12:37:31 PM","5/5/2026 11:09:00 AM"
"23839","Bug","Korra: Checking Fawry Inquiries","Salma Ibrahim <salma.ibrahim@iskraemeco.com>","Closed","Korra; PI; Software; vending","5/5/2026 10:52:42 AM","5/5/2026 10:23:42 AM"
"23840","Bug","ADC: Changing users POS","Salma Ibrahim <salma.ibrahim@iskraemeco.com>","Closed","Alex; CI; Software; vending","5/5/2026 11:42:24 AM","5/5/2026 11:12:40 AM"
"23899","Bug","New Giza-Invoice Issue","Salma Ibrahim <salma.ibrahim@iskraemeco.com>","Closed","New giza; PI; Smart; Software","5/6/2026 1:53:52 PM","5/6/2026 11:22:40 AM"
"23913","Bug","Taqa: Service Tariffs","Salma Ibrahim <salma.ibrahim@iskraemeco.com>","Closed","PI; Smart; Software; Taqa","5/6/2026 3:20:51 PM","5/6/2026 1:54:10 PM"
"23914","Bug","New Giza- Activate Invoice Filter","Ahmed Salam <ahmed.salam@iskraemeco.com>","Closed","New giza; PI; Smart; Software","5/6/2026 12:42:42 PM","5/6/2026 12:42:42 PM"
"23917","Bug","New Giza- Check date and time for meters","Aya Mahmoud <aya.mahmoud@iskraemeco.com>","Closed","CI; New giza; Smart; Software","5/6/2026 2:31:27 PM","5/6/2026 1:31:57 PM"
"23937","Bug","New Giza - Invoices","Aya Mahmoud <aya.mahmoud@iskraemeco.com>","Closed","CI; Newgiza; Smart; Software","5/10/2026 10:21:51 AM","5/10/2026 9:58:43 AM"
"23938","Bug","SDDC - Delete charge","Maryam Khaled <maryam.khaled@iskraemeco.com>","Closed","CI; SDDC; Software; vending","5/10/2026 1:07:03 PM","5/10/2026 12:55:46 PM"
"23944","Bug","New Giza - Invoice Issue","Aya Mahmoud <aya.mahmoud@iskraemeco.com>","Closed","Newgiza; PI; Smart; Software","5/10/2026 10:41:49 AM","5/10/2026 10:29:29 AM"
"23946","Bug","Elsewedy utilities - alamin - delete recharge and meter","Salma Ibrahim <salma.ibrahim@iskraemeco.com>","Closed","CI; Software; Utilities; vending","5/10/2026 11:47:24 AM","5/10/2026 11:28:23 AM"
"24011","Bug","New Giza - Invoice Issue","Merna Hussein <merna.hussein@iskraemeco.com>","Closed","Newgiza; PI; Smart; Software","5/10/2026 10:07:58 PM","5/10/2026 1:18:32 PM"
"24018","Bug","New Giza - Edit meter name on billing software","Aya Mahmoud <aya.mahmoud@iskraemeco.com>","Closed","CI; Newgiza; Smart; Software","5/10/2026 4:07:09 PM","5/10/2026 3:31:14 PM"
"24019","Bug","Concord - Aqua software deployement","Khadija Eltantawy <khadija.eltantawy@iskraemeco.com>","Closed","aqua; Concord; PI; Software","5/11/2026 7:35:44 AM","5/10/2026 6:09:52 PM"
"24021","Bug","Amexico - Sms deployment","Salma Ibrahim <salma.ibrahim@iskraemeco.com>","Closed","CI; Farghaly; Software; STS","5/11/2026 9:38:13 AM","5/11/2026 9:18:35 AM"
"24112","Bug","SDDC - Delete Settlement","Maryam Khaled <maryam.khaled@iskraemeco.com>","Closed","CI; SDDC; Software; vending","5/11/2026 10:46:12 AM","5/11/2026 9:48:08 AM"
"24124","Bug","Sun Capital: Changing Meter Number","Aya Mahmoud <aya.mahmoud@iskraemeco.com>","Closed","CI; Smart; Software; Suncapital","5/11/2026 10:27:28 AM","5/11/2026 10:06:20 AM"
"24128","Bug","Light power - Delete Charge","Salma Ibrahim <salma.ibrahim@iskraemeco.com>","Closed","CI; Lightpower; Software; vending","5/11/2026 11:53:53 AM","5/11/2026 11:06:58 AM"
"24139","Bug","Iraq - the dutch billing installations","Merna Hussein <merna.hussein@iskraemeco.com>","Closed","Iraq; PI; Smart; Software","5/12/2026 11:44:20 AM","5/12/2026 11:13:13 AM"
"24140","Bug","Suncapital tariff change","Maryam Khaled <maryam.khaled@iskraemeco.com>","Closed","CI; Smart; Software; Suncapital","5/11/2026 9:29:52 PM","5/11/2026 5:23:59 PM"
"24141","Bug","Suncapital tariff change commercial","Khadija Eltantawy <khadija.eltantawy@iskraemeco.com>","Closed","CI; Smart; Software; Suncapital","5/12/2026 8:50:12 AM","5/12/2026 8:40:18 AM"
"24148","Bug","ADC- Add new customer on IC system","Salma Ibrahim <salma.ibrahim@iskraemeco.com>","Closed","ADC; CI; Software; vending","5/12/2026 11:25:44 AM","5/12/2026 10:58:51 AM"
"24149","Bug","New Giza- Edit Meter Name","Aya Mahmoud <aya.mahmoud@iskraemeco.com>","Closed","CI; New giza; Smart; Software","5/12/2026 11:10:54 AM","5/12/2026 10:33:06 AM"
"24150","Bug","Epower- Delete Meters","Merna Hussein <merna.hussein@iskraemeco.com>","Closed","CI; Epower; Smart; Software","5/12/2026 4:52:48 PM","5/12/2026 4:20:42 PM"
"24190","Bug","South Delta- Delete charge","Salma Ibrahim <salma.ibrahim@iskraemeco.com>","Closed","CI; SDDC; Software; vending","5/12/2026 2:14:03 PM","5/12/2026 2:04:13 PM"
"24210","Bug","New Giza - Delete charge","Maryam Khaled <maryam.khaled@iskraemeco.com>","Closed","CI; Newgiza; Software; vending","5/12/2026 4:31:16 PM","5/12/2026 4:12:10 PM"
"24218","Bug","New Giza - Modify meter name","Aya Mahmoud <aya.mahmoud@iskraemeco.com>","Closed","CI; Newgiza; Smart; Software","5/13/2026 12:33:24 PM","5/13/2026 12:23:33 PM"
"24222","Bug","Epower- Delete Meters","Merna Hussein <merna.hussein@iskraemeco.com>","Closed","CI; Epower; Smart; Software","5/13/2026 1:47:00 PM","5/13/2026 1:40:11 PM"
"24224","Bug","New Giza - Invoice for solar meter","Merna Hussein <merna.hussein@iskraemeco.com>","Closed","CI; Newgiza; Smart; Software","5/13/2026 5:05:38 PM","5/13/2026 4:39:10 PM"
"24230","Bug","New Giza - Invoice Issue","Khadija Eltantawy <khadija.eltantawy@iskraemeco.com>","Closed","CI; Newgiza; Smart; Software","5/13/2026 5:07:49 PM","5/13/2026 5:06:05 PM"
"24263","Bug","New Giza - Invoice issue","Aya Mahmoud <aya.mahmoud@iskraemeco.com>","Closed","CI; Newgiza; Smart; Software","5/14/2026 9:45:59 AM","5/14/2026 9:26:45 AM"
"24264","Bug","New Giza - Invoice Issue","Merna Hussein <merna.hussein@iskraemeco.com>","Closed","CI; Newgiza; Smart; Software","5/14/2026 11:51:51 AM","5/14/2026 10:59:31 AM"
"24265","Bug","New Giza - Invoice Issue","Khadija Eltantawy <khadija.eltantawy@iskraemeco.com>","Closed","CI; Newgiza; Smart; Software","5/14/2026 11:19:00 AM","5/14/2026 9:41:41 AM"
"24266","Bug","Epower- delete meter","Merna Hussein <merna.hussein@iskraemeco.com>","Closed","CI; Epower; Smart; Software","5/14/2026 11:02:07 AM","5/14/2026 10:59:20 AM"
"24271","Bug","Epower- Delete Charge and then edit date when recharged","Maryam Khaled <maryam.khaled@iskraemeco.com>","Closed","CI; Epower; Software; vending","5/14/2026 12:41:04 PM","5/14/2026 11:49:01 AM"
"24275","Bug","Roayaa - Changing Meter Serial Number","Aya Mahmoud <aya.mahmoud@iskraemeco.com>","Closed","CI; Roayaa; Smart; Software","5/14/2026 3:08:50 PM","5/14/2026 2:21:38 PM"
"24281","Bug","Epower- Edit Charge date","Ahmed Salam <ahmed.salam@iskraemeco.com>","Closed","CI; Epower; Software; vending","5/14/2026 4:14:18 PM","5/14/2026 4:14:18 PM"
"24282","Bug","Epower-   solar readings","Maryam Khaled <maryam.khaled@iskraemeco.com>","Closed","CI; Epower; Smart; Software","5/14/2026 5:09:08 PM","5/14/2026 4:37:16 PM"
"24283","Bug","Epower- Edit Tariff","Khadija Eltantawy <khadija.eltantawy@iskraemeco.com>","Closed","Epower; PI; Smart; Software","5/14/2026 7:05:18 PM","5/14/2026 5:12:55 PM"
"24289","Bug","Utilities: Charge Deletion","Salma Ibrahim <salma.ibrahim@iskraemeco.com>","Closed","CI; Software; Utilities; vending","5/17/2026 9:59:21 AM","5/17/2026 9:36:53 AM"
"24291","Bug","Travco: Database Backup Stopped","Ahmed Salam <ahmed.salam@iskraemeco.com>","Closed","CI; Smart; Software; Travco","5/17/2026 9:33:40 AM","5/17/2026 9:33:17 AM"
"24292","Bug","Epower- Solar Calculations","Maryam Khaled <maryam.khaled@iskraemeco.com>","Closed","Epower; PI; Smart; Software","5/17/2026 12:13:34 PM","5/17/2026 10:02:26 AM"
"24355","Bug","Travco: Database Backup Stopped","Salma Ibrahim <salma.ibrahim@iskraemeco.com>","Closed","PI; Smart; Software; Travco","5/17/2026 2:54:08 PM","5/17/2026 11:14:00 AM"
"24356","Bug","Marassi - Changing Meter State","Khadija Eltantawy <khadija.eltantawy@iskraemeco.com>","Closed","CI; Marassi; Smart; Software","5/17/2026 12:11:53 PM","5/17/2026 12:07:32 PM"
"24357","Bug","Sun Capital - Deleting Logs from Database","Khadija Eltantawy <khadija.eltantawy@iskraemeco.com>","Closed","PI; Smart; Software; Suncapital","5/17/2026 12:10:02 PM","5/17/2026 12:07:04 PM"
"24359","Bug","New Giza - Meter on symbiot but not on billing software","Merna Hussein <merna.hussein@iskraemeco.com>","Closed","CI; Newgiza; Smart; Software","5/17/2026 1:03:00 PM","5/17/2026 1:02:03 PM"
"24362","Bug","Soma Bay - Checking Meter Status","Merna Hussein <merna.hussein@iskraemeco.com>","Closed","CI; Smart; Software; Somabay","5/17/2026 6:06:16 PM","5/17/2026 4:47:22 PM"
"24366","Bug","New Giza - No invoices are created after editing the activation date","Maryam Khaled <maryam.khaled@iskraemeco.com>","Closed","Newgiza; PI; Smart; Software","5/18/2026 7:04:39 PM","5/18/2026 9:46:33 AM"
"24368","Bug","Marassi - Enable Clustering","Salma Ibrahim <salma.ibrahim@iskraemeco.com>","Closed","Marassi; PI; Smart; Software","5/18/2026 10:32:43 AM","5/18/2026 9:25:47 AM"
"24382","Bug","Marassi - Removing A Duplicated Meter","Merna Hussein <merna.hussein@iskraemeco.com>","Closed","CI; Marassi; Smart; Software","5/18/2026 12:15:04 PM","5/18/2026 12:13:54 PM"
"24383","Bug","New Giza - New Solar meter","Salma Ibrahim <salma.ibrahim@iskraemeco.com>","Closed","CI; Newgiza; Smart; Software","5/18/2026 11:29:43 AM","5/18/2026 11:18:20 AM"
"24386","Bug","Epower- Uvenues- Add Tariff","Khadija Eltantawy <khadija.eltantawy@iskraemeco.com>","Closed","Epower; PI; Smart; Software","5/18/2026 2:29:43 PM","5/18/2026 12:49:33 PM"
"24388","Bug","Alex - New charging account","Salma Ibrahim <salma.ibrahim@iskraemeco.com>","Closed","Alex; CI; Software; Utility; vending","5/18/2026 1:20:59 PM","5/18/2026 12:51:15 PM"
"24390","Bug","Sun Capital - Checking Readings","Merna Hussein <merna.hussein@iskraemeco.com>","Closed","CI; Smart; Software; Suncapital","5/18/2026 3:36:56 PM","5/18/2026 3:32:17 PM"
"24391","Bug","Marassi - Deleting a Duplicated Meter","Merna Hussein <merna.hussein@iskraemeco.com>","Closed","CI; Marassi; Smart; Software","5/18/2026 2:33:42 PM","5/18/2026 2:23:24 PM"
"24395","Bug","Roayaa - Meter Reading and Relay Issue","Merna Hussein <merna.hussein@iskraemeco.com>","Closed","CI; Roayaa; Smart; Software","5/18/2026 3:31:20 PM","5/18/2026 2:21:47 PM"
"24397","Bug","Soma Bay - Checking Readings","Khadija Eltantawy <khadija.eltantawy@iskraemeco.com>","Closed","PI; Smart; Software; Somabay","5/18/2026 4:54:19 PM","5/18/2026 4:04:08 PM"
"24398","Bug","Epower- estates water meters relay status issue","Maryam Khaled <maryam.khaled@iskraemeco.com>","Closed","Epower; PI; Smart; Software","5/18/2026 5:46:56 PM","5/18/2026 4:42:15 PM"
"24401","Bug","Light power - Inquiry about the date of a settlement","Salma Ibrahim <salma.ibrahim@iskraemeco.com>","Closed","CI; Lightpower; Software; vending","5/18/2026 5:23:38 PM","5/18/2026 4:43:52 PM"
"24406","Bug","Sun Capital - Missing Readings","Khadija Eltantawy <khadija.eltantawy@iskraemeco.com>","Closed","Smart; Suncapital","5/19/2026 10:51:44 AM","5/19/2026 10:22:51 AM"
"24412","Bug","Sun Capital - Repeated Connect/Disconnect Commands","Merna Hussein <merna.hussein@iskraemeco.com>","Closed","CI; Smart; Software; Suncapital","5/19/2026 11:38:57 AM","5/19/2026 11:09:14 AM"
"24413","Bug","SDDC- Delete Charge","Salma Ibrahim <salma.ibrahim@iskraemeco.com>","Closed","CI; SDDC; Software; vending","5/19/2026 12:00:33 PM","5/19/2026 11:47:33 AM"
"24415","Bug","New Giza - invoice issue","Khadija Eltantawy <khadija.eltantawy@iskraemeco.com>","Closed","Newgiza; PI; Smart; Software","5/19/2026 2:22:04 PM","5/19/2026 2:18:45 PM"
"24418","Bug","New Heliopolis - Checking Number of Active Meters","Salma Ibrahim <salma.ibrahim@iskraemeco.com>","Closed","aqua; New Heliopolis; PI; Software","5/19/2026 4:26:25 PM","5/19/2026 3:24:17 PM"
"24422","Bug","Utilities: Deleting Charge","Salma Ibrahim <salma.ibrahim@iskraemeco.com>","Closed","CI; Software; Utilities; vending","5/19/2026 4:48:02 PM","5/19/2026 4:26:31 PM"
"24429","Bug","New Giza: Error with customer cards when charging","Salma Ibrahim <salma.ibrahim@iskraemeco.com>","Closed","New giza; PI; Software; vending","5/20/2026 12:56:48 PM","5/20/2026 11:15:49 AM"
"24432","Bug","ADC: Editing User Roles","Salma Ibrahim <salma.ibrahim@iskraemeco.com>","Closed","ADC; CI; Software; vending","5/20/2026 12:56:02 PM","5/20/2026 10:48:05 AM"
"24433","Bug","ADC: Deleting User","Salma Ibrahim <salma.ibrahim@iskraemeco.com>","Closed","ADC; CI; Software; vending","5/20/2026 1:00:41 PM","5/20/2026 12:56:13 PM"
"24437","Bug","New Giza: Solar Readings","Maryam Khaled <maryam.khaled@iskraemeco.com>","Closed","New giza; PI; Smart; Software","5/20/2026 5:12:35 PM","5/20/2026 12:10:20 PM"
"24444","Bug","Family house - Aqua software deployement","Merna Hussein <merna.hussein@iskraemeco.com>","Closed","aqua; Family House; Software","5/20/2026 5:21:34 PM","5/20/2026 5:18:46 PM"
"24447","Bug","Soma Bay - Updating Relay Status","Khadija Eltantawy <khadija.eltantawy@iskraemeco.com>","Closed","PI; Smart; Software; Somabay","5/20/2026 6:13:09 PM","5/20/2026 5:32:01 PM"
"24452","Bug","New Giza - Inquiry about aggregated readings report","Khadija Eltantawy <khadija.eltantawy@iskraemeco.com>","Closed","Newgiza; Smart; Software","5/21/2026 12:08:05 PM","5/21/2026 10:20:56 AM"
"24453","Bug","Alex - Change permission of one of the users","Salma Ibrahim <salma.ibrahim@iskraemeco.com>","Closed","Alex; CI; Software; vending","5/21/2026 11:04:08 AM","5/21/2026 10:49:18 AM"
"24458","Bug","Florenza - Delete Charge","Maryam Khaled <maryam.khaled@iskraemeco.com>","Closed","CI; Florenza; Software; vending","5/21/2026 12:34:24 PM","5/21/2026 12:17:22 PM"
"24471","Bug","New Giza - Solar meter readings","Maryam Khaled <maryam.khaled@iskraemeco.com>","Closed","Newgiza; Smart; Software","5/21/2026 5:46:13 PM","5/21/2026 2:46:51 PM"
"24474","Bug","Sun Capital - Checking Relay Status","Khadija Eltantawy <khadija.eltantawy@iskraemeco.com>","Closed","PI; Smart; Software; Suncapital","5/21/2026 4:04:35 PM","5/21/2026 3:56:15 PM"
"24476","Bug","Emaar - Billing Deployment on Test Server","Merna Hussein <merna.hussein@iskraemeco.com>","Closed","Emaar; PI; Smart; Software","5/21/2026 9:53:04 PM","5/21/2026 5:41:40 PM"
"24477","Bug","MV- Check Meter Settlement from Database","Salma Ibrahim <salma.ibrahim@iskraemeco.com>","Closed","Mountain View; PI; Software; vending","5/21/2026 5:56:42 PM","5/21/2026 3:56:02 PM"
"24495","Bug","Utilities: Deleting Charge","Salma Ibrahim <salma.ibrahim@iskraemeco.com>","Closed","PI; Software; Utilities; vending","5/21/2026 6:12:07 PM","5/21/2026 5:56:52 PM"
"24498","Bug","Marassi - Changing Meter Status","Merna Hussein <merna.hussein@iskraemeco.com>","Closed","CI; Marassi; PI; Smart","5/21/2026 9:52:09 PM","5/21/2026 5:41:53 PM"
"24500","Bug","SDDC- Delete Charge","Salma Ibrahim <salma.ibrahim@iskraemeco.com>","Closed","CI; SDDC; Software; vending","5/21/2026 9:11:44 PM","5/21/2026 6:12:16 PM"
"24512","Bug","Marassi - Checking Tariff ID","Khadija Eltantawy <khadija.eltantawy@iskraemeco.com>","Closed","Marassi; PI; Smart; Software","5/24/2026 10:47:14 AM","5/24/2026 10:40:29 AM"
"24519","Bug","Emaar-Uptown-Check Tariff ID","Khadija Eltantawy <khadija.eltantawy@iskraemeco.com>","Closed","CI; Emaar; Smart; Software","5/24/2026 11:55:40 AM","5/24/2026 10:49:45 AM"
"24520","Bug","Florenza Delete Charge","Maryam Khaled <maryam.khaled@iskraemeco.com>","Closed","CI; Florenza; Software; vending","5/24/2026 11:27:07 AM","5/24/2026 10:58:56 AM"
"24521","Bug","Emaar - Check Service on Test Server","Salma Ibrahim <salma.ibrahim@iskraemeco.com>","Closed","CI; Emaar; Smart; Software","5/24/2026 11:16:47 AM","5/24/2026 10:54:14 AM"
"24523","Bug","Emaar- Uptown- Duplicated meter","Merna Hussein <merna.hussein@iskraemeco.com>","Closed","CI; Emaar; Smart; Software","5/24/2026 12:16:48 PM","5/24/2026 12:15:53 PM"
"24527","Bug","Edelma - Inquiry about settlements for this month","Salma Ibrahim <salma.ibrahim@iskraemeco.com>","Closed","Edelma; Software; vending","5/24/2026 3:31:25 PM","5/24/2026 2:31:21 PM"
"24579","Bug","MV- Open Privileges of adding deposit and settlement","Salma Ibrahim <salma.ibrahim@iskraemeco.com>","Closed","CI; Mountain View; Software; vending","5/24/2026 3:54:40 PM","5/24/2026 3:31:39 PM"
"24581","Bug","Utilities: Charges Report Issue","Ahmed Salam <ahmed.salam@iskraemeco.com>","Closed","CI; Software; Utilities; vending","5/24/2026 4:57:55 PM","5/24/2026 3:02:10 PM"
"24588","Bug","Kattameya: Deleting Depositions","Maryam Khaled <maryam.khaled@iskraemeco.com>","Closed","aqua; CI; Kattameya; Software","5/24/2026 4:15:48 PM","5/24/2026 3:19:25 PM"
"24694","Bug","Korra - Remove a batch of meters from the system","Khadija Eltantawy <khadija.eltantawy@iskraemeco.com>","Closed","aqua; CI; Korra; Software","5/25/2026 6:51:58 PM","5/25/2026 6:50:53 PM"
"24701","Bug","Lavista - Sync meters","Salma Ibrahim <salma.ibrahim@iskraemeco.com>","Closed","Lavista; Software","5/25/2026 11:43:35 AM","5/25/2026 11:18:11 AM"
"24705","Bug","Holand - Sync Meter","Maryam Khaled <maryam.khaled@iskraemeco.com>","Closed","Holand; Iraq; PI; Smart","5/25/2026 2:58:25 PM","5/25/2026 2:01:33 PM"
"24721","Bug","MV- Delete Meters from database -PVMS","Salma Ibrahim <salma.ibrahim@iskraemeco.com>","Closed","CI; Mountain View; PVMS; Software","5/25/2026 9:23:33 PM","5/25/2026 4:52:24 PM"
"24722","Bug","Emaar- Invoice Issue","Salma Ibrahim <salma.ibrahim@iskraemeco.com>","Closed","CI; Emaar; Smart; Software","5/25/2026 4:33:16 PM","5/25/2026 4:07:31 PM"
"25047","Bug","Khamayel: Updating Aqua ddls","Salma Ibrahim <salma.ibrahim@iskraemeco.com>","Closed","aqua; Khamayel; PI; Software","6/1/2026 10:42:19 AM","6/1/2026 10:26:44 AM"
"25048","Bug","Injaz- Check Fawry Rollback Status","Ahmed Salam <ahmed.salam@iskraemeco.com>","Closed","CI; Injaz; Software; vending","6/1/2026 10:34:09 AM","6/1/2026 10:34:09 AM"
"25052","Bug","Emdad - Updating Aqua dlls","Salma Ibrahim <salma.ibrahim@iskraemeco.com>","Closed","aqua; Emdad; PI; Software","6/1/2026 11:28:33 AM","6/1/2026 11:04:01 AM"
"25055","Bug","Qena Gardens - Updating Aqua ddls","Aya Mahmoud <aya.mahmoud@iskraemeco.com>","Closed","aqua; PI; Qena Gardens; Software","6/1/2026 12:26:14 PM","6/1/2026 12:07:37 PM"
"25056","Bug","Kattameya: Updating Aqua ddls","Aya Mahmoud <aya.mahmoud@iskraemeco.com>","Closed","aqua; Kattameya; PI; Software","6/1/2026 12:51:19 PM","6/1/2026 12:20:11 PM"
"25057","Bug","Iraq - Holand - Tariff update","Khadija Eltantawy <khadija.eltantawy@iskraemeco.com>","Closed","CI; Holand; Smart; Software","6/1/2026 2:26:08 PM","6/1/2026 12:36:05 PM"
"25058","Bug","Diwanya: Tariff Update","Khadija Eltantawy <khadija.eltantawy@iskraemeco.com>","Closed","CI; Iraq; Smart; Software","6/1/2026 2:27:47 PM","6/1/2026 12:35:46 PM"
"25064","Bug","Khamayel: Service Point Issue","Salma Ibrahim <salma.ibrahim@iskraemeco.com>","Closed","aqua; CI; Khamayel; Software","6/2/2026 11:18:18 AM","6/1/2026 3:48:24 PM"
"25070","Bug","New Giza - Invoice issues","Merna Hussein <merna.hussein@iskraemeco.com>","Closed","Newgiza; Smart","6/2/2026 2:05:15 PM","6/2/2026 10:46:45 AM"
"25071","Bug","Sky city - Can not read or write cards","Salma Ibrahim <salma.ibrahim@iskraemeco.com>","Closed","PI; Sky City; Software; vending","6/2/2026 11:41:41 AM","6/2/2026 10:55:51 AM"
"25072","Bug","Kattameya: Editing Tariff Date","Aya Mahmoud <aya.mahmoud@iskraemeco.com>","Closed","aqua; Kattameya; PI; Software","6/1/2026 4:04:08 PM","6/1/2026 3:56:37 PM"
"25076","Bug","New Giza - Delete charge from card and system","Maryam Khaled <maryam.khaled@iskraemeco.com>","Closed","CI; Newgiza; Software; vending","6/2/2026 1:32:58 PM","6/2/2026 1:21:03 PM"
"25142","Bug","Soma Bay - Invoices Issue","Khadija Eltantawy <khadija.eltantawy@iskraemeco.com>","Closed","PI; Smart; Software; Somabay","6/2/2026 12:17:28 PM","6/2/2026 11:20:39 AM"
"25143","Bug","Soma Bay - Change Relay Status","Khadija Eltantawy <khadija.eltantawy@iskraemeco.com>","Closed","PI; Smart; Software; Somabay","6/2/2026 12:13:08 PM","6/2/2026 11:20:48 AM"
"25147","Bug","Taqa: Resetting Billing Services","Salma Ibrahim <salma.ibrahim@iskraemeco.com>","Closed","PI; Smart; Software; Taqa","6/2/2026 11:41:31 AM","6/2/2026 11:28:35 AM"
"25148","Bug","Epower- Issue with Reading Synchronization – Sodic EDNC","Aya Mahmoud <aya.mahmoud@iskraemeco.com>","Closed","Epower; PI; Smart; Software","6/2/2026 12:40:29 PM","6/2/2026 11:32:06 AM"
"25181","Bug","South Delta- Delete charge","Maryam Khaled <maryam.khaled@iskraemeco.com>","Closed","CI; SDDC; Software; vending","6/2/2026 4:06:21 PM","6/2/2026 3:57:12 PM"
"25182","Bug","Utilites: Delete Charge","Maryam Khaled <maryam.khaled@iskraemeco.com>","Closed","CI; Software; Utilities; vending","6/2/2026 5:01:59 PM","6/2/2026 4:52:32 PM"
"25183","Bug","Marassi - Check readings","Khadija Eltantawy <khadija.eltantawy@iskraemeco.com>","Closed","CI; Marassi; Smart; Software","6/2/2026 8:26:02 PM","6/2/2026 5:28:51 PM"
"25184","Bug","Sun Capital - Disconnect Jobs","Khadija Eltantawy <khadija.eltantawy@iskraemeco.com>","Closed","PI; Smart; Software; Suncapital","6/2/2026 5:28:11 PM","6/2/2026 5:15:30 PM"
"25185","Bug","Sun Capital - Relay Status Issue","Maryam Khaled <maryam.khaled@iskraemeco.com>","Closed","PI; Smart; Software; Suncapital","6/2/2026 5:13:56 PM","6/2/2026 4:56:49 PM"
"25187","Bug","Diwanya - Synch Meters","Merna Hussein <merna.hussein@iskraemeco.com>","Closed","Iraq; PI; Smart; Software","6/3/2026 12:53:22 PM","6/3/2026 12:47:34 PM"
"25188","Bug","Sun Capital - Checking Relay Status","Aya Mahmoud <aya.mahmoud@iskraemeco.com>","Closed","CI; Smart; Software; Suncapital","6/3/2026 9:15:20 AM","6/3/2026 8:55:51 AM"
"25191","Bug","New Giza - Update customer balance","Maryam Khaled <maryam.khaled@iskraemeco.com>","Closed","CI; Newgiza; Smart; Software","6/3/2026 5:23:53 PM","6/3/2026 9:44:54 AM"
"25197","Bug","South Delta - Delete Charge","Salma Ibrahim <salma.ibrahim@iskraemeco.com>","Closed","CI; SDDC; Software; vending","6/3/2026 11:26:23 AM","6/3/2026 10:52:34 AM"
"25198","Bug","Epower- Check Meter Charge 499 Instead of 500","Salma Ibrahim <salma.ibrahim@iskraemeco.com>","Closed","aqua; CI; Epower; Software","6/3/2026 1:43:51 PM","6/3/2026 11:40:37 AM"
"25260","Bug","Juliana - Customer requires reports as excel instead pf pdf","Ahmed Salam <ahmed.salam@iskraemeco.com>","Closed","CI; juliana; Software; vending","6/3/2026 12:18:34 PM","6/3/2026 12:18:34 PM"
"25261","Bug","Sun Capital - Relay Status Issue","Aya Mahmoud <aya.mahmoud@iskraemeco.com>","Closed","CI; Smart; Software; Suncapital","6/3/2026 12:40:50 PM","6/3/2026 12:10:50 PM"
"25262","Bug","Roayaa - Wrong Readings","Maryam Khaled <maryam.khaled@iskraemeco.com>","Closed","CI; Roayaa; Smart; Software","6/3/2026 12:56:11 PM","6/3/2026 12:15:00 PM"
"25267","Bug","Epower- Synch Readings not working","Merna Hussein <merna.hussein@iskraemeco.com>","Closed","Epower; PI; Smart; Software","6/4/2026 2:17:27 AM","6/3/2026 4:10:47 PM"
"25268","Bug","Korra aqua - Difference between the actual value of the charge and the one present in report","Maryam Khaled <maryam.khaled@iskraemeco.com>","Closed","aqua; Korra; PI; Software","6/3/2026 5:28:58 PM","6/3/2026 4:36:43 PM"
"25270","Bug","Sodic Ednc Epower- May monthly readings issue","Aya Mahmoud <aya.mahmoud@iskraemeco.com>","Closed","Epower; PI; Smart; Software","6/3/2026 5:30:09 PM","6/3/2026 4:48:20 PM"
"25271","Bug","Epower EDNC- Monthly invoice report issue","Aya Mahmoud <aya.mahmoud@iskraemeco.com>","Closed","CI; Epower; Smart; Software","6/3/2026 5:29:53 PM","6/3/2026 4:48:31 PM"
"25278","Bug","South Delta- Delete Charge","Maryam Khaled <maryam.khaled@iskraemeco.com>","Closed","CI; SDDC; Software; vending","6/4/2026 9:58:24 AM","6/4/2026 9:40:16 AM"
"25279","Bug","Uilities: Charge Deletion","Salma Ibrahim <salma.ibrahim@iskraemeco.com>","Closed","CI; Software; Utilities; vending","6/4/2026 12:55:57 PM","6/4/2026 10:52:17 AM"
"25285","Bug","Sun Capital - Fawry Charging Issue","Salma Ibrahim <salma.ibrahim@iskraemeco.com>","Closed","CI; Smart; Software; Suncapital","6/4/2026 1:58:53 PM","6/4/2026 1:24:19 PM"
"25291","Bug","Roayaa - Edit Tariff","Khadija Eltantawy <khadija.eltantawy@iskraemeco.com>","Closed","PI; Roayaa; Smart; Software","6/4/2026 3:18:10 PM","6/4/2026 3:14:52 PM"
"25292","Bug","Korra aqua - Delete meter batches from database","Aya Mahmoud <aya.mahmoud@iskraemeco.com>","Closed","aqua; CI; Korra; Software","6/4/2026 3:14:29 PM","6/4/2026 2:48:00 PM"
"25295","Bug","Sun Capital - Disconnect Jobs","Khadija Eltantawy <khadija.eltantawy@iskraemeco.com>","Closed","CI; Smart; Software; Suncapital","6/4/2026 3:39:12 PM","6/4/2026 3:32:55 PM"
"25312","Bug","Florenza- Delete Charge","Maryam Khaled <maryam.khaled@iskraemeco.com>","Closed","CI; Florenza; Software; vending","6/7/2026 12:26:37 PM","6/7/2026 12:18:52 PM"
"25313","Bug","Florenza- Delete Charge","Maryam Khaled <maryam.khaled@iskraemeco.com>","Closed","CI; Florenza; Software; vending","6/7/2026 12:18:40 PM","6/7/2026 11:00:12 AM"
"25315","Bug","Epower- Update Aqua DLLs","Merna Hussein <merna.hussein@iskraemeco.com>","Closed","aqua; Epower; PI; Software","6/7/2026 2:29:09 PM","6/7/2026 1:55:10 PM"
"25316","Bug","Sheraton Sharm - Update Aqua dll","Khadija Eltantawy <khadija.eltantawy@iskraemeco.com>","Closed","aqua; PI; Sheraton Sharm; Software","6/7/2026 3:34:48 PM","6/7/2026 3:23:08 PM"
"25317","Bug","Korra - Update aqua dll","Aya Mahmoud <aya.mahmoud@iskraemeco.com>","Closed","aqua; Korra; PI; Software","6/7/2026 12:34:23 PM","6/7/2026 12:24:54 PM"
"25318","Bug","Ora- Update Aqua DLLs","Salma Ibrahim <salma.ibrahim@iskraemeco.com>","Closed","aqua; Ora; PI; Software","6/7/2026 1:13:16 PM","6/7/2026 12:17:49 PM"
"25320","Bug","Elbostan- Vending Deployment","Salma Ibrahim <salma.ibrahim@iskraemeco.com>","Closed","ElBostan; PI; Software; vending","6/8/2026 12:41:34 PM","6/8/2026 11:01:43 AM"
"25321","Bug","Red Carpet: Update Aqua to 1.3 Latest","Merna Hussein <merna.hussein@iskraemeco.com>","Closed","aqua; PI; red carpet; Software","6/7/2026 4:20:14 PM","6/7/2026 1:54:57 PM"
"25323","Bug","Sun Capital: Changing Meters Status on Billing","Aya Mahmoud <aya.mahmoud@iskraemeco.com>","Closed","PI; Smart; Software; Suncapital","6/7/2026 12:51:15 PM","6/7/2026 12:44:20 PM"
"25324","Bug","Utilities: Deleting Charge","Salma Ibrahim <salma.ibrahim@iskraemeco.com>","Closed","PI; Software; Utilities; vending","6/7/2026 3:35:13 PM","6/7/2026 2:44:21 PM"
"25373","Bug","Epower- Remove incorrect Settlement","Maryam Khaled <maryam.khaled@iskraemeco.com>","Closed","CI; Epower; Software; vending","6/7/2026 4:58:28 PM","6/7/2026 4:51:47 PM"
"25389","Bug","Relantecs - Update aqua dll files","Merna Hussein <merna.hussein@iskraemeco.com>","Closed","aqua; PI; Relantecs; Software","6/8/2026 12:51:37 PM","6/8/2026 11:04:10 AM"
"25414","Bug","Ecklat Portsaid - Delete charge","Maryam Khaled <maryam.khaled@iskraemeco.com>","Closed","CI; Ecklat; Software; vending","6/8/2026 12:06:47 PM","6/8/2026 11:22:45 AM"
"25416","Bug","Stone Heights - Update aqua dll files","Merna Hussein <merna.hussein@iskraemeco.com>","Closed","aqua; PI; Software; Stone Heights","6/8/2026 1:13:46 PM","6/8/2026 12:51:46 PM"
"25417","Bug","Ecklat Portsaid - Delete charge","Maryam Khaled <maryam.khaled@iskraemeco.com>","Closed","CI; Ecklat; Software; vending","6/8/2026 12:18:48 PM","6/8/2026 12:06:59 PM"
"25419","Bug","Ecklat Portsaid - Delete charge","Maryam Khaled <maryam.khaled@iskraemeco.com>","Closed","CI; Ecklat; Software; vending","6/8/2026 1:46:53 PM","6/8/2026 12:19:04 PM"
"25420","Bug","Alex - Open account","Salma Ibrahim <salma.ibrahim@iskraemeco.com>","Closed","Alex; CI; Software; vending","6/8/2026 1:22:52 PM","6/8/2026 12:49:55 PM"
"25424","Bug","New Heliopolis - Updating Aqua ddls","Aya Mahmoud <aya.mahmoud@iskraemeco.com>","Closed","aqua; New Heliopolis; PI; Software","6/8/2026 1:26:19 PM","6/8/2026 1:15:35 PM"
"25425","Bug","UEDC - Adding New Tariff","Ahmed Salam <ahmed.salam@iskraemeco.com>","Closed","CI; Software; UEDC; vending","6/8/2026 1:16:39 PM","6/8/2026 1:16:39 PM"
"25426","Bug","Sun Capital - Relay Status Issue","Khadija Eltantawy <khadija.eltantawy@iskraemeco.com>","Closed","CI; Smart; Software; Suncapital","6/8/2026 1:47:17 PM","6/8/2026 1:46:03 PM"
"25427","Bug","Ecklat Portsaid - Delete charge","Salma Ibrahim <salma.ibrahim@iskraemeco.com>","Closed","CI; Ecklat; Software; vending","6/8/2026 2:17:21 PM","6/8/2026 1:50:41 PM"
"25429","Bug","Travco: Deleting user from database","Salma Ibrahim <salma.ibrahim@iskraemeco.com>","Closed","CI; Software; Travco; Visa","6/8/2026 2:42:02 PM","6/8/2026 2:17:31 PM"
"25431","Bug","Epower - Delete charge","Maryam Khaled <maryam.khaled@iskraemeco.com>","Closed","aqua; Epower; PI; Software","6/8/2026 3:15:27 PM","6/8/2026 2:57:00 PM"
"25432","Bug","Injaz - Update dll aqua files","Khadija Eltantawy <khadija.eltantawy@iskraemeco.com>","Closed","aqua; Injaz; PI; Software","6/8/2026 8:24:16 PM","6/8/2026 4:11:41 PM"
"25434","Bug","Petra Gate - Delete power factor  debt settlement","Salma Ibrahim <salma.ibrahim@iskraemeco.com>","Closed","Petra Gate; PI; Software; vending","6/9/2026 1:17:30 PM","6/9/2026 12:57:58 PM"
"25448","Bug","New Giza - Duplication in customer details causing error while charging","Salma Ibrahim <salma.ibrahim@iskraemeco.com>","Closed","Newgiza; PI; Software; vending","6/9/2026 9:56:40 AM","6/9/2026 9:15:45 AM"
"25453","Bug","Icon - Update Aqua DDLs","Merna Hussein <merna.hussein@iskraemeco.com>","Closed","aqua; Icon; PI; Software","6/9/2026 10:41:54 AM","6/9/2026 10:19:41 AM"
"25454","Bug","Tiba View - Update the max limit for allowed overdraft","Salma Ibrahim <salma.ibrahim@iskraemeco.com>","Closed","aqua; PI; Software; Tiba","6/9/2026 10:40:58 AM","6/9/2026 10:17:55 AM"
"25455","Bug","Tiba view - Update aqua dll files","Salma Ibrahim <salma.ibrahim@iskraemeco.com>","Closed","aqua; PI; Software; Tiba","6/9/2026 11:53:09 AM","6/9/2026 10:41:07 AM"
"25456","Bug","Tiba Resort - Update aqua dll files","Aya Mahmoud <aya.mahmoud@iskraemeco.com>","Closed","aqua; PI; Software; Tiba","6/9/2026 10:33:10 AM","6/9/2026 10:15:31 AM"
"25459","Bug","UEDC - Technician name column appears empty in report","Salma Ibrahim <salma.ibrahim@iskraemeco.com>","Closed","PI; Software; UEDC; vending","6/9/2026 12:10:18 PM","6/9/2026 11:52:25 AM"
"25469","Bug","Malibou - Update Aqua DDLs","Merna Hussein <merna.hussein@iskraemeco.com>","Closed","aqua; Malibu; PI; Software","6/9/2026 12:57:05 PM","6/9/2026 12:51:42 PM"
"25471","Bug","Waterway: Changing Logo on reports","Maryam Khaled <maryam.khaled@iskraemeco.com>","Closed","CI; Software; vending; Waterway","6/9/2026 1:15:54 PM","6/9/2026 1:02:46 PM"
"25472","Bug","New Giza - Invoice Issue","Aya Mahmoud <aya.mahmoud@iskraemeco.com>","Closed","Newgiza; PI; Smart","6/9/2026 2:26:15 PM","6/9/2026 12:54:44 PM"
"25476","Bug","Sun Capital - Relay Status Issue","Khadija Eltantawy <khadija.eltantawy@iskraemeco.com>","Closed","CI; Smart; Software; Suncapital","6/9/2026 1:52:49 PM","6/9/2026 1:48:26 PM"
"25482","Bug","South Delta- Delete Charge","Maryam Khaled <maryam.khaled@iskraemeco.com>","Closed","CI; SDDC; vending","6/9/2026 1:39:05 PM","6/9/2026 1:20:52 PM"
"25483","Bug","El Abd - Update Aqua DDLs","Merna Hussein <merna.hussein@iskraemeco.com>","Closed","aqua; ElAbd; PI; Software","6/9/2026 3:16:32 PM","6/9/2026 1:53:20 PM"
"25486","Bug","Emaar - Marassi - Changing Meter State","Khadija Eltantawy <khadija.eltantawy@iskraemeco.com>","Closed","CI; Marassi; Smart; Software","6/9/2026 1:54:31 PM","6/9/2026 1:48:33 PM"
"25491","Bug","New Giza - New solar meter","Khadija Eltantawy <khadija.eltantawy@iskraemeco.com>","Closed","Newgiza; Smart","6/9/2026 3:02:41 PM","6/9/2026 3:02:30 PM"
"25495","Bug","Travco - Relay disconnected","Merna Hussein <merna.hussein@iskraemeco.com>","Closed","CI; Smart; Travco","6/9/2026 4:23:33 PM","6/9/2026 3:16:46 PM"
"25500","Bug","New Giza - Remove the E-payment number from mend card tab","Salma Ibrahim <salma.ibrahim@iskraemeco.com>","Closed","CI; Newgiza; Software; vending","6/9/2026 5:39:48 PM","6/9/2026 5:17:57 PM"
"25502","Bug","Waterway: Issue with charging","Salma Ibrahim <salma.ibrahim@iskraemeco.com>","Closed","PI; Software; vending; Waterway","6/10/2026 3:43:14 PM","6/10/2026 12:35:52 PM"
"25511","Bug","Icon - Charging Report Issue","Salma Ibrahim <salma.ibrahim@iskraemeco.com>","Closed","aqua; Icon; PI; Software","6/10/2026 12:22:46 PM","6/10/2026 10:02:21 AM"
"25524","Bug","Florenza- Delete Charge","Maryam Khaled <maryam.khaled@iskraemeco.com>","Closed","CI; Florenza; Software; vending","6/10/2026 11:34:38 AM","6/10/2026 11:17:14 AM"
"25525","Bug","South Delta- Delete Charge","Maryam Khaled <maryam.khaled@iskraemeco.com>","Closed","CI; SDDC; Software; vending","6/10/2026 11:54:28 AM","6/10/2026 11:34:53 AM"
"25526","Bug","Travco: Changing meter status","Khadija Eltantawy <khadija.eltantawy@iskraemeco.com>","Closed","PI; Smart; Software; Travco","6/10/2026 11:46:14 AM","6/10/2026 11:42:45 AM"
"25528","Bug","Khamayel: Checking Meter Events","Salma Ibrahim <salma.ibrahim@iskraemeco.com>","Closed","aqua; CI; Khamayel; Software","6/10/2026 12:35:44 PM","6/10/2026 12:22:56 PM"
"25536","Bug","New Giza: Installments Report issue","Aya Mahmoud <aya.mahmoud@iskraemeco.com>","Closed","New giza; PI; Smart; Software","6/10/2026 1:45:27 PM","6/10/2026 1:10:39 PM"
"25542","Bug","Roaya - Reset Password Inquiry","Ahmed Salam <ahmed.salam@iskraemeco.com>","Closed","CI; Roayaa; Smart; Software","6/10/2026 2:29:05 PM","6/10/2026 2:29:05 PM"
"25546","Bug","New Giza-Delete Charge","Maryam Khaled <maryam.khaled@iskraemeco.com>","Closed","CI; New giza; Software; vending","6/10/2026 4:03:52 PM","6/10/2026 3:25:34 PM"
"25548","Bug","newgiza -  sahl deployment","Maryam Khaled <maryam.khaled@iskraemeco.com>","Closed","New giza; PI; Software; vending","6/10/2026 4:03:00 PM","6/10/2026 3:43:24 PM"
"25549","Bug","Prime - Sahl Deployment","Salma Ibrahim <salma.ibrahim@iskraemeco.com>","Closed","CI; Prime; Software","6/10/2026 4:22:59 PM","6/10/2026 4:03:41 PM"
"25550","Bug","Injaz - Sahl Deployment","Salma Ibrahim <salma.ibrahim@iskraemeco.com>","Closed","CI; Injaz; Software","6/10/2026 4:03:33 PM","6/10/2026 3:43:22 PM"
"25551","Bug","Hyde Park Epower - Sahl Deployment","Maryam Khaled <maryam.khaled@iskraemeco.com>","Closed","Epower; PI; Software; vending","6/10/2026 5:07:58 PM","6/10/2026 4:44:50 PM"
"25552","Bug","Palm Park Epower - Sahl Deployment","Maryam Khaled <maryam.khaled@iskraemeco.com>","Closed","Epower; PI; Software; vending","6/10/2026 4:44:37 PM","6/10/2026 4:04:04 PM"
"25555","Bug","Sun Capital - Tariff Value Modification Inquiry","Aya Mahmoud <aya.mahmoud@iskraemeco.com>","Closed","CI; Smart; Software; Suncapital","6/10/2026 4:16:38 PM","6/10/2026 3:59:14 PM"
"25570","Bug","Korra - Sahl Deployement","Khadija Eltantawy <khadija.eltantawy@iskraemeco.com>","Closed","CI; Korra; Software; vending","6/11/2026 3:36:53 PM","6/11/2026 11:22:09 AM"
"25571","Bug","Bohoo - Update aqua dll files","Aya Mahmoud <aya.mahmoud@iskraemeco.com>","Closed","aqua; Bohoo; CI; Software","6/11/2026 10:53:15 AM","6/11/2026 10:43:04 AM"
"25572","Bug","Kernell - Update aqua dll files","Merna Hussein <merna.hussein@iskraemeco.com>","Closed","aqua; Kernell; PI; Software","6/11/2026 11:32:57 AM","6/11/2026 11:05:08 AM"
"25574","Bug","Sea View - Update Aqua DDLs","Aya Mahmoud <aya.mahmoud@iskraemeco.com>","Closed","aqua; PI; Seaview; Software","6/11/2026 11:28:18 AM","6/11/2026 11:18:19 AM"
"25575","Bug","Prime - Update aqua dll files","Khadija Eltantawy <khadija.eltantawy@iskraemeco.com>","Closed","aqua; PI; Prime; Software","6/11/2026 3:38:35 PM","6/11/2026 3:37:00 PM"
"25577","Bug","Arabiano - General Error while adding New User","Ahmed Salam <ahmed.salam@iskraemeco.com>","Closed","arabiano; PI; Software; vending","6/11/2026 11:39:12 AM","6/11/2026 11:39:12 AM"
"25591","Bug","Korra Vending- Edit Report Title","Salma Ibrahim <salma.ibrahim@iskraemeco.com>","Closed","Korra; PI; Software; vending","6/11/2026 3:35:42 PM","6/11/2026 3:10:31 PM"
"25594","Bug","Carliton - Update aqua dll files","Merna Hussein <merna.hussein@iskraemeco.com>","Closed","aqua; Carliton; PI; Software","6/11/2026 3:47:36 PM","6/11/2026 3:19:54 PM"
"25598","Bug","Roaya - Energy360 User login failed","Maryam Khaled <maryam.khaled@iskraemeco.com>","Closed","CI; roaya; Smart; Software","6/11/2026 6:24:29 PM","6/11/2026 4:39:05 PM"
"25599","Bug","Emdad - Sahl Deployment","Maryam Khaled <maryam.khaled@iskraemeco.com>","Closed","Emdad; PI; Software; vending","6/11/2026 6:23:14 PM","6/11/2026 4:38:26 PM"
"25603","Bug","Emaar - Update api for notifications","Salma Ibrahim <salma.ibrahim@iskraemeco.com>","Closed","Emaar; PI; Smart; Software","6/11/2026 6:04:52 PM","6/11/2026 5:19:36 PM"
"25604","Bug","Injaz - Bee epayment deployment","Salma Ibrahim <salma.ibrahim@iskraemeco.com>","Closed","CI; Injaz; Smart; Software","6/11/2026 6:04:34 PM","6/11/2026 5:19:21 PM"
"25623","Bug","Alex - Reset password for a specific user","Salma Ibrahim <salma.ibrahim@iskraemeco.com>","Closed","Alex; CI; Software; vending","6/14/2026 10:14:04 AM","6/14/2026 9:52:45 AM"
"25652","Bug","Cornado- Delete Charge from database","Aya Mahmoud <aya.mahmoud@iskraemeco.com>","Closed","aqua; CI; Cornado; Software","6/14/2026 3:26:48 PM","6/14/2026 2:23:41 PM"
"25653","Bug","UEDC: Changing users Privileges","Salma Ibrahim <salma.ibrahim@iskraemeco.com>","Closed","CI; Software; UEDC; vending","6/14/2026 3:08:22 PM","6/14/2026 2:30:33 PM"
"25662","Bug","ELAbd: Server Down","Salma Ibrahim <salma.ibrahim@iskraemeco.com>","Closed","aqua; ElAbd; PI; Software","6/14/2026 5:55:46 PM","6/14/2026 5:21:36 PM"
"25667","Bug","Emaar- Marassi: Deleting Duplicate acounts","Merna Hussein <merna.hussein@iskraemeco.com>","Closed","CI; Emaar; Smart; Software","6/14/2026 4:33:12 PM","6/14/2026 4:19:54 PM"
"25669","Bug","Elsewedy Utilities - Delete Charge from database","Maryam Khaled <maryam.khaled@iskraemeco.com>","Closed","CI; Software; Utilities; vending","6/14/2026 5:08:58 PM","6/14/2026 4:59:56 PM"
"25672","Bug","Tatweer Upload readings error","Khadija Eltantawy <khadija.eltantawy@iskraemeco.com>","Closed","CI; Smart; Software; Tatweer","6/14/2026 5:44:30 PM","6/14/2026 5:39:32 PM"
"25673","Bug","New Giza - Invoice issue","Khadija Eltantawy <khadija.eltantawy@iskraemeco.com>","Closed","Newgiza; Smart; Software","6/15/2026 12:35:14 PM","6/15/2026 12:06:28 PM"
"25685","Bug","Concord - Update aqua dll files","Merna Hussein <merna.hussein@iskraemeco.com>","Closed","aqua; Concord; PI; Software","6/15/2026 1:49:12 PM","6/15/2026 12:36:05 PM"
"25694","Bug","Alex - Delete charge","Maryam Khaled <maryam.khaled@iskraemeco.com>","Closed","Alex; CI; Software; vending","6/15/2026 1:33:41 PM","6/15/2026 1:21:05 PM"
"25699","Bug","Sheraton Villas - Update aqua dll files","Aya Mahmoud <aya.mahmoud@iskraemeco.com>","Closed","aqua; PI; Sheraton villas; Software","6/15/2026 1:59:48 PM","6/15/2026 1:44:02 PM"
"25702","Bug","Prime - Meters consumptions","Salma Ibrahim <salma.ibrahim@iskraemeco.com>","Closed","CI; Prime; Software; vending","6/15/2026 2:43:38 PM","6/15/2026 1:57:15 PM"
"25707","Bug","Emaar - Uptown - Add new meters","Merna Hussein <merna.hussein@iskraemeco.com>","Closed","CI; Emaar; Smart; Software","6/17/2026 4:32:45 PM","6/17/2026 4:32:45 PM"
"25709","Bug","Sun Capital - Water Tariff","Maryam Khaled <maryam.khaled@iskraemeco.com>","Closed","CI; Smart; Software; Suncapital","6/15/2026 4:12:01 PM","6/15/2026 3:48:04 PM"
"25713","Bug","New Giza - Invoice Issue","Merna Hussein <merna.hussein@iskraemeco.com>","Closed","CI; Newgiza; Smart; Software","6/16/2026 3:28:32 PM","6/16/2026 2:52:25 PM"
"25738","Bug","Mountain View - Can not create remove tamper card","Salma Ibrahim <salma.ibrahim@iskraemeco.com>","Closed","Mountain View; PI; Software; vending","6/16/2026 6:51:01 PM","6/16/2026 6:17:03 PM"
"25740","Bug","New Giza - Invoice Issue","Maryam Khaled <maryam.khaled@iskraemeco.com>","Closed","CI; New giza; Smart; Software","6/16/2026 5:00:38 PM","6/16/2026 3:35:48 PM"
"25763","Bug","New Giza - Invoice Issue","Merna Hussein <merna.hussein@iskraemeco.com>","Closed","New giza; PI; Smart; Software","6/17/2026 3:46:11 PM","6/17/2026 1:48:44 PM"
"25764","Bug","New Giza - Invoice Issue","Aya Mahmoud <aya.mahmoud@iskraemeco.com>","Closed","New giza; PI; Smart; Software","6/17/2026 11:47:12 AM","6/17/2026 11:14:13 AM"
"25765","Bug","ElAbd - Error while reading customer card","Salma Ibrahim <salma.ibrahim@iskraemeco.com>","Closed","CI; ElAbd; Software; vending","6/17/2026 2:10:47 PM","6/17/2026 11:52:12 AM"
"25778","Bug","Sun Capital - Change Relay status","Khadija Eltantawy <khadija.eltantawy@iskraemeco.com>","Closed","Smart; Software; Suncapital","6/17/2026 3:44:47 PM","6/17/2026 3:37:40 PM"
"25779","Bug","Waterway North Coast - Vending Deployment on New Server","Salma Ibrahim <salma.ibrahim@iskraemeco.com>","Closed","PI; Software; vending; Waterway","6/17/2026 7:35:31 PM","6/17/2026 5:28:15 PM"
"25781","Bug","Roaya - Energy360 Sign Up Issue","Maryam Khaled <maryam.khaled@iskraemeco.com>","Closed","CI; roaya; Smart; Software","6/17/2026 5:05:50 PM","6/17/2026 4:49:13 PM"
"25794","Bug","Alex - Open permissions for certain accounts","Ahmed Salam <ahmed.salam@iskraemeco.com>","Closed","Alex; CI; Software; vending","6/21/2026 10:37:58 AM","6/21/2026 10:37:39 AM"
"25806","Bug","Emaar - Marassi - Review Meter Status","Salma Ibrahim <salma.ibrahim@iskraemeco.com>","Closed","Emaar; Marassi; Smart; Software","6/21/2026 3:58:27 PM","6/21/2026 11:51:25 AM"
"25809","Bug","Dunes - Update aqua dll files","Merna Hussein <merna.hussein@iskraemeco.com>","Closed","aqua; Dunes; PI; Software","6/21/2026 12:33:10 PM","6/21/2026 11:47:42 AM"
"25810","Bug","Kai - Update aqua dll files","Khadija Eltantawy <khadija.eltantawy@iskraemeco.com>","Closed","aqua; KAI; PI; Software","6/21/2026 5:26:06 PM","6/21/2026 5:21:16 PM"
"25816","Bug","Coral SIG - Vending deployment","Maryam Khaled <maryam.khaled@iskraemeco.com>","Closed","CI; Coral; Software; vending","6/22/2026 12:05:00 PM","6/22/2026 9:54:41 AM"
"25836","Bug","New Giza- Invoice Issue","Merna Hussein <merna.hussein@iskraemeco.com>","Closed","CI; New giza; Smart; Software","6/22/2026 12:13:50 PM","6/22/2026 12:00:35 PM"
"25862","Bug","New Giza- Old system down","Aya Mahmoud <aya.mahmoud@iskraemeco.com>","Closed","New giza; PI; Smart; Software","6/22/2026 3:09:12 PM","6/22/2026 3:07:06 PM"
"25863","Bug","New Giza- Remove Meter Settlements","Khadija Eltantawy <khadija.eltantawy@iskraemeco.com>","Closed","CI; New giza; Smart; Software","6/22/2026 5:16:16 PM","6/22/2026 4:59:44 PM"
"25865","Bug","Mountain View- Add new admin to fix IC cards issue","Salma Ibrahim <salma.ibrahim@iskraemeco.com>","Closed","Mountain View; PI; Software; vending","6/22/2026 3:07:24 PM","6/22/2026 2:33:19 PM"
"25866","Bug","Arbiano: Activating fees and initiating control cards","Salma Ibrahim <salma.ibrahim@iskraemeco.com>","Closed","arabiano; PI; Software; vending","6/22/2026 3:07:51 PM","6/22/2026 2:36:32 PM"
"25867","Bug","New Giza- Invoice Issue","Merna Hussein <merna.hussein@iskraemeco.com>","Closed","CI; New giza; Smart; Software","6/22/2026 5:28:19 PM","6/22/2026 3:37:59 PM"
"25868","Bug","New Giza- Invoice for reversed meter","Aya Mahmoud <aya.mahmoud@iskraemeco.com>","Closed","CI; New giza; Smart; Software","6/22/2026 4:29:26 PM","6/22/2026 3:28:50 PM"
"25869","Bug","New Giza- Invoice Issue","Maryam Khaled <maryam.khaled@iskraemeco.com>","Closed","New giza; PI; Smart; Software","6/22/2026 5:04:08 PM","6/22/2026 4:34:18 PM"
"25880","Bug","Arbiano - Deleting settlements from customers","Salma Ibrahim <salma.ibrahim@iskraemeco.com>","Closed","arabiano; CI; Software; vending","6/23/2026 9:22:52 AM","6/23/2026 9:12:08 AM"
"25884","Bug","New Giza - Invoice Issue","Khadija Eltantawy <khadija.eltantawy@iskraemeco.com>","Closed","CI; New giza; Smart; Software","6/23/2026 11:05:16 AM","6/23/2026 10:35:49 AM"
"25886","Bug","New Giza - Changing Meter Name on Billing","Aya Mahmoud <aya.mahmoud@iskraemeco.com>","Closed","CI; New giza; Smart; Software","6/23/2026 9:52:39 AM","6/23/2026 9:41:09 AM"
"25909","Bug","Florenza: Deleting Charge","Salma Ibrahim <salma.ibrahim@iskraemeco.com>","Closed","CI; Florenza; SMS; Software","6/23/2026 3:33:29 PM","6/23/2026 2:06:44 PM"
"25915","Bug","Utilities: Checking tariff difference instalments","Salma Ibrahim <salma.ibrahim@iskraemeco.com>","Closed","CI; Software; Utilities; vending","6/23/2026 12:44:57 PM","6/23/2026 12:29:00 PM"
"25916","Bug","Waterway: Deleting Charge","Salma Ibrahim <salma.ibrahim@iskraemeco.com>","Closed","CI; Software; vending; Waterway","6/23/2026 12:44:45 PM","6/23/2026 12:29:03 PM"
"25921","Bug","Arbiano - Deleting settlements from a customer","Maryam Khaled <maryam.khaled@iskraemeco.com>","Closed","arabiano; CI; Software; vending","6/23/2026 1:49:47 PM","6/23/2026 1:00:07 PM"
"25922","Bug","New Giza - Invoice Issue","Khadija Eltantawy <khadija.eltantawy@iskraemeco.com>","Closed","CI; New giza; Smart; Software","6/23/2026 12:44:17 PM","6/23/2026 12:39:20 PM"
"25923","Bug","New Giza - Invoice Issue","Aya Mahmoud <aya.mahmoud@iskraemeco.com>","Closed","CI; New giza; Smart; Software","6/23/2026 1:00:04 PM","6/23/2026 12:40:08 PM"
"25929","Bug","Emaar - Marassi - Changing meter state","Merna Hussein <merna.hussein@iskraemeco.com>","Closed","CI; Emaar; Marassi; Smart; Software","6/23/2026 4:07:39 PM","6/23/2026 2:51:37 PM"
"25933","Bug","Kai - Update aqua dll files","Merna Hussein <merna.hussein@iskraemeco.com>","Closed","aqua; KAI; PI; Software","6/23/2026 4:08:26 PM","6/23/2026 4:08:03 PM"
"25934","Bug","New Giza - Invoice Issue","Aya Mahmoud <aya.mahmoud@iskraemeco.com>","Closed","CI; New giza; Smart; Software","6/23/2026 3:15:08 PM","6/23/2026 3:05:26 PM"
"25969","Bug","Arabiano - Deleting a settlement from a Customer","Maryam Khaled <maryam.khaled@iskraemeco.com>","Closed","arabiano; CI; Software; vending","6/23/2026 4:00:28 PM","6/23/2026 3:44:10 PM"
"25974","Bug","New Giza - Invoice Issue","Merna Hussein <merna.hussein@iskraemeco.com>","Closed","CI; New giza; Smart; Software","6/24/2026 10:05:16 AM","6/24/2026 10:04:11 AM"
"25975","Bug","New Giza - Deleting Meters","Khadija Eltantawy <khadija.eltantawy@iskraemeco.com>","Closed","CI; New giza; Smart; Software","6/23/2026 8:34:59 PM","6/23/2026 4:57:23 PM"
"25977","Bug","EPower: U Venues Mall Add Compound","Salma Ibrahim <salma.ibrahim@iskraemeco.com>","Closed","CI; Epower; Smart; Software","6/24/2026 10:15:00 AM","6/24/2026 9:59:13 AM"
"25989","Bug","New Giza - Deleting Meters from Billing","Khadija Eltantawy <khadija.eltantawy@iskraemeco.com>","Closed","CI; New giza; Smart; Software","6/24/2026 11:36:56 AM","6/24/2026 11:13:15 AM"
"25990","Bug","Emaar - Marassi - Changing Meter State","Merna Hussein <merna.hussein@iskraemeco.com>","Closed","CI; Emaar; Marassi; Smart; Software","6/24/2026 11:38:15 AM","6/24/2026 11:13:02 AM"
"25996","Bug","Sun Capital - Failed jobs issue","Aya Mahmoud <aya.mahmoud@iskraemeco.com>","Closed","CI; Smart; Software; Suncapital","6/24/2026 12:32:09 PM","6/24/2026 12:25:13 PM"
"26000","Bug","New Giza - Invoice Issue","Merna Hussein <merna.hussein@iskraemeco.com>","Closed","CI; New giza; Smart; Software","6/24/2026 2:01:17 PM","6/24/2026 1:17:18 PM"
"26029","Bug","Waterway: Activating Retrieve or Edit the charge","Salma Ibrahim <salma.ibrahim@iskraemeco.com>","Closed","CI; Software; vending; Waterway","6/24/2026 2:07:29 PM","6/24/2026 1:51:59 PM"
"26031","Bug","Cornado- STS backup","Salma Ibrahim <salma.ibrahim@iskraemeco.com>","Closed","CI; Cornado; Software; STS","6/24/2026 3:20:11 PM","6/24/2026 2:23:55 PM"