case_id,input,issue_category,system,meter_type,meter_model,error_code,support_level,missing_information,resolution,resolution_source
29606,"Title: Veranda- Issue Control Card from JCkit
Tags: aqua; CI; Software; Veranda",Software,Aqua,Unknown,Unknown,Unknown,Unknown,Meter type: Electric or Water | Exact meter model | Exact error code or error message,Not available from verified source data.,none
29605,"Title: Bohoo - Inquiry about valve status
Tags: Bohoo; CI; Hardware; PWM",Software|Hardware,Unknown,Unknown,Unknown,Unknown,Unknown,System or software involved | Meter type: Electric or Water | Exact meter model | Exact error code or error message,Not available from verified source data.,none
29604,"Title: South Delta- Delete Charge
System Info: Missing Feature
Tags: CI; SDDC; Software; vending",Software,Vending,Unknown,Unknown,Unknown,Unknown,Meter type: Electric or Water | Exact meter model | Exact error code or error message,Not available from verified source data.,none
29603,"Title: Sun Capital - User permission to add settlements
System Info: System Bug
Tags: PI; Software; Suncapital; vending",Software,Vending,Unknown,Unknown,Unknown,Unknown,Meter type: Electric or Water | Exact meter model | Exact error code or error message,Not available from verified source data.,none
29602,"Title: GFS - Meterverse deployment
Tags: CI; GFS; Meterverse; Software",Software,MeterVerse,Unknown,Unknown,Unknown,Unknown,Meter type: Electric or Water | Exact meter model | Exact error code or error message,Not available from verified source data.,none
29601,"Title: Veranda- Water meter negative consumption
Tags: Hardware; PI; PWM; Veranda",Hardware,Unknown,Water,Unknown,Unknown,Unknown,System or software involved | Exact meter model | Exact error code or error message,Not available from verified source data.,none
29600,"Title: Epower - Solar Readings Issue
Tags: Epower; Smart; Software",Software,Unknown,Unknown,Unknown,Unknown,Unknown,System or software involved | Meter type: Electric or Water | Exact meter model | Exact error code or error message,Not available from verified source data.,none
29599,"Title: 10th of Ramadan - Utility Electrical Meters Maintenance
Tags: Hardware; PEM; PI; Utility",Hardware,Electric,Electric,Unknown,Unknown,Unknown,Exact meter model | Exact error code or error message,Not available from verified source data.,none
29598,"Title: Alexandria - Utility Water Meter Maintenance
Tags: Hardware; PI; PWM; Utility",Hardware,Unknown,Water,Unknown,Unknown,Unknown,System or software involved | Exact meter model | Exact error code or error message,Not available from verified source data.,none
29597,"Title: Sadat - Utility Water Meter Maintenance
Tags: Hardware; PI; PWM; Utility",Hardware,Unknown,Water,Unknown,Unknown,Unknown,System or software involved | Exact meter model | Exact error code or error message,Not available from verified source data.,none
29596,"Title: Somabay - Pending jobs
System Info: Too Many Failed Jobs
Tags: CI; Smart; Software; Somabay",Software,Unknown,Unknown,Unknown,Unknown,Unknown,System or software involved | Meter type: Electric or Water | Exact meter model | Exact error code or error message,Not available from verified source data.,none
29595,"Title: Ona electric - Err 76 on 3 phase meter
System Info: Err 67
Tags: CI; Hardware; Ona; PEM",Hardware,Electric,Electric,Unknown,76|67,Unknown,Exact meter model,Not available from verified source data.,none
29594,"Title: Badr Eldeen - Troubleshooting STS Water Meters Problems
Tags: Badr Eldeen; Hardware; PI; STS",Hardware,Unknown,Water,Unknown,Unknown,Unknown,System or software involved | Exact meter model | Exact error code or error message,Not available from verified source data.,none
29593,"Title: Chinese Village- Check windows security
Tags: Chinese Mall; CI; Software; vending",Software,Vending,Unknown,Unknown,Unknown,Unknown,Meter type: Electric or Water | Exact meter model | Exact error code or error message,Not available from verified source data.,none
29590,"Title: Cornado- Settlement Inquiry
Tags: aqua; CI; Cornado; Software",Software,Aqua,Unknown,Unknown,Unknown,Unknown,Meter type: Electric or Water | Exact meter model | Exact error code or error message,Not available from verified source data.,none
29589,"Title: Courtyard - Error 1091 in MT514
System Info: Error 1091
Tags: Courtyard; Hardware; PEM; PI",Hardware,Unknown,Unknown,MT514,1091,Unknown,System or software involved | Meter type: Electric or Water,Not available from verified source data.,none
29588,"Title: Haram - Testing Reset and Out of Factory Cards
Tags: Hardware; PEM; PI; Utility",Hardware,Unknown,Unknown,Unknown,Unknown,Unknown,System or software involved | Meter type: Electric or Water | Exact meter model | Exact error code or error message,Not available from verified source data.,none
29587,"Title: Remco- No response issue in MPMS
Tags: CI; MPMS; REMCO; Software",Software,Unknown,Unknown,Unknown,Unknown,Unknown,System or software involved | Meter type: Electric or Water | Exact meter model | Exact error code or error message,Not available from verified source data.,none
29586,"Title: Sheraton Sharm - Error 81
System Info: Error 81
Tags: Hardware; PI; PWM; Sheraton Sharm",Hardware,Unknown,Unknown,Unknown,81,Unknown,System or software involved | Meter type: Electric or Water | Exact meter model,Not available from verified source data.,none
29585,"Title: New Giza: Delete Duplicated Readings
System Info: Missing Invoice
Tags: CI; New giza; Smart; Software",Software,Unknown,Unknown,Unknown,Unknown,Unknown,System or software involved | Meter type: Electric or Water | Exact meter model | Exact error code or error message,Not available from verified source data.,none
29584,"Title: New Giza: Missing invoice
System Info: Missing Invoice
Tags: CI; New giza; Smart; Software",Software,Unknown,Unknown,Unknown,Unknown,Unknown,System or software involved | Meter type: Electric or Water | Exact meter model | Exact error code or error message,Not available from verified source data.,none
29583,"Title: Chinese Village Mall- Card socket security issue
Tags: Chinese Mall; CI; Software; vending",Software,Vending,Unknown,Unknown,Unknown,Unknown,Meter type: Electric or Water | Exact meter model | Exact error code or error message,Not available from verified source data.,none
29581,"Title: La quenta- Add meter and customer
Tags: CI; Laquenta; Software; STS",Software,Unknown,Unknown,Unknown,Unknown,Unknown,System or software involved | Meter type: Electric or Water | Exact meter model | Exact error code or error message,Not available from verified source data.,none
29580,"Title: Alex - Add new user
Tags: ADC; Alex; CI; Software; vending",Software,Vending,Unknown,Unknown,Unknown,Unknown,Meter type: Electric or Water | Exact meter model | Exact error code or error message,Not available from verified source data.,none
29579,"Title: La quenta- Reject 02
System Info: La quenta
Tags: Hardware; Laquenta; PI; PWM",Hardware,Unknown,Unknown,Unknown,02,Unknown,System or software involved | Meter type: Electric or Water | Exact meter model,Not available from verified source data.,none
29577,"Title: New Giza: Missing Invoice
System Info: Missing Invoice
Tags: CI; New giza; Smart; Software",Software,Unknown,Unknown,Unknown,Unknown,Unknown,System or software involved | Meter type: Electric or Water | Exact meter model | Exact error code or error message,Not available from verified source data.,none
29570,"Title: Icon: Checking meter charges
Tags: aqua; CI; Icon; Software",Software,Aqua,Unknown,Unknown,Unknown,Unknown,Meter type: Electric or Water | Exact meter model | Exact error code or error message,Not available from verified source data.,none
29569,"Title: Benha - Utility Water Meter Maintenance
Tags: Hardware; PI; PWM; Utility",Hardware,Unknown,Water,Unknown,Unknown,Unknown,System or software involved | Exact meter model | Exact error code or error message,Not available from verified source data.,none
29568,"Title: Tanta - Utility Water Meter Maintenance
Tags: Hardware; PI; PWM; Utility",Hardware,Unknown,Water,Unknown,Unknown,Unknown,System or software involved | Exact meter model | Exact error code or error message,Not available from verified source data.,none
29567,"Title: Zayed - Utility Water Meter Maintenance
Tags: Hardware; PI; PWM; Utility",Hardware,Unknown,Water,Unknown,Unknown,Unknown,System or software involved | Exact meter model | Exact error code or error message,Not available from verified source data.,none
29566,"Title: Elsewedy utilities- Collection card gives error when reading it
Tags: PI; Software; Utilities; vending",Software,Vending,Unknown,Unknown,Unknown,Unknown,Meter type: Electric or Water | Exact meter model | Exact error code or error message,Not available from verified source data.,none
29565,"Title: Private Sector Meters Maintenance Follow-up
Tags: Factory; Hardware; PEM; PI
History: Followed up on maintenance claims for private-sector meters, managed and oversaw the entire process cycle, and ensured progress on all pending and on-hold claims by resolving underlying issues.",Hardware,Unknown,Unknown,Unknown,Unknown,Unknown,System or software involved | Meter type: Electric or Water | Exact meter model | Exact error code or error message,"Followed up on maintenance claims for private-sector meters, managed and oversaw the entire process cycle, and ensured progress on all pending and on-hold claims by resolving underlying issues.",history
29564,"Title: Marriott Residence - Electrical Meters New Configuration
Tags: Hardware; Marriott; PEM; PI
History: Checked and tested all the meters' HDLC configuration for 3 of the 4 left newly finished floors (couldn't access the 4th floor). Successfully configured one control module (Agatel) and checked and tested 3 more of the same module.",Hardware|Communication,Electric,Electric,Unknown,Unknown,Unknown,Exact meter model | Exact error code or error message,Checked and tested all the meters' HDLC configuration for 3 of the 4 left newly finished floors (couldn't access the 4th floor). Successfully configured one control module (Agatel) and checked and tested 3 more of the same module.,history
29563,"Title: Sun Capital - Electrical And Water Meters Communication troubleshooting
Tags: Hardware; PI; SEM; Suncapital",Hardware|Communication,Electric,Water|Electric,Unknown,Unknown,Unknown,Exact meter model | Exact error code or error message,Not available from verified source data.,none
29562,"Title: 10th of ramadan - Utility electrical meter maintenance
Tags: Hardware; PEM; PI; Utility",Hardware,Electric,Electric,Unknown,Unknown,Unknown,Exact meter model | Exact error code or error message,Not available from verified source data.,none
29561,"Title: Elsewedy E&C - Maintenance Inquiry
Tags: CI; E&C; Hardware; PWM",Software|Hardware,Unknown,Unknown,Unknown,Unknown,Unknown,System or software involved | Meter type: Electric or Water | Exact meter model | Exact error code or error message,Not available from verified source data.,none
29560,"Title: UEDC - Meter Previous Consumption Inquiry
Tags: CI; Hardware; Inquiry; PEM; UEDC",Software|Hardware,Unknown,Unknown,Unknown,Unknown,Unknown,System or software involved | Meter type: Electric or Water | Exact meter model | Exact error code or error message,Not available from verified source data.,none
29559,"Title: Family House - IC 105
System Info: IC-0105
Tags: CI; Family House; Hardware; PWM",Hardware,Unknown,Unknown,Unknown,Unknown,Unknown,System or software involved | Meter type: Electric or Water | Exact meter model | Exact error code or error message,Not available from verified source data.,none
29558,"Title: Electronile - Printer Error Inquiry
Tags: CI; Electronile; Inquiry; Software",Software,Unknown,Unknown,Unknown,Unknown,Unknown,System or software involved | Meter type: Electric or Water | Exact meter model | Exact error code or error message,Not available from verified source data.,none
29557,"Title: La Vie - No Consumption Detection
Tags: Hardware; lavie; PI; STS",Hardware,Unknown,Unknown,Unknown,Unknown,Unknown,System or software involved | Meter type: Electric or Water | Exact meter model | Exact error code or error message,Not available from verified source data.,none
29556,"Title: La Vie - Valve Issue
Tags: CI; Hardware; lavie; STS",Hardware,Unknown,Unknown,Unknown,Unknown,Unknown,System or software involved | Meter type: Electric or Water | Exact meter model | Exact error code or error message,Not available from verified source data.,none
29555,"Title: La Vie - Reject 02
System Info: Reject-02
Tags: CI; lavie; SMS; Software",Software,Unknown,Unknown,Unknown,02,Unknown,System or software involved | Meter type: Electric or Water | Exact meter model,Not available from verified source data.,none
29554,"Title: Ecklat Portsaid - Reject 02
System Info: Reject-02
Tags: CI; Ecklat; SMS; Software",Software,Unknown,Unknown,Unknown,02,Unknown,System or software involved | Meter type: Electric or Water | Exact meter model,Not available from verified source data.,none
29553,"Title: Motawe Group - Meter Consumption Issue
Tags: CI; Hardware; Motawe; PEM",Hardware,Unknown,Unknown,Unknown,Unknown,Unknown,System or software involved | Meter type: Electric or Water | Exact meter model | Exact error code or error message,Not available from verified source data.,none
29552,"Title: Roaya - Invoice Issue
System Info: Missing Invoice
Tags: PI; roaya; Smart; Software",Software,Unknown,Unknown,Unknown,Unknown,Unknown,System or software involved | Meter type: Electric or Water | Exact meter model | Exact error code or error message,Not available from verified source data.,none
29551,"Title: Electronile - Meterverse Update
Tags: Electronile; Meterverse; PI; Software",Software,MeterVerse,Unknown,Unknown,Unknown,Unknown,Meter type: Electric or Water | Exact meter model | Exact error code or error message,Not available from verified source data.,none
29547,"Title: Emdad - Make control cards
Tags: aqua; CI; Emdad; Software",Software,Aqua,Unknown,Unknown,Unknown,Unknown,Meter type: Electric or Water | Exact meter model | Exact error code or error message,Not available from verified source data.,none
29546,"Title: Emdad - Make control cards
Tags: aqua; CI; Emdad; Software",Software,Aqua,Unknown,Unknown,Unknown,Unknown,Meter type: Electric or Water | Exact meter model | Exact error code or error message,Not available from verified source data.,none
29545,"Title: MEDC- Maintenance report
Tags: Hardware; MEDC; PEM; PI",Hardware,Unknown,Unknown,Unknown,Unknown,Unknown,System or software involved | Meter type: Electric or Water | Exact meter model | Exact error code or error message,Not available from verified source data.,none
29542,"Title: Eko Mena - Meterverse updates
Tags: Eko Mena; Meterverse; PI; Software",Software,MeterVerse,Unknown,Unknown,Unknown,Unknown,Meter type: Electric or Water | Exact meter model | Exact error code or error message,Not available from verified source data.,none
29541,"Title: Sidewalk - Meterverse Update
Tags: Meterverse; PI; Sidewalk; Software",Software,MeterVerse,Unknown,Unknown,Unknown,Unknown,Meter type: Electric or Water | Exact meter model | Exact error code or error message,Not available from verified source data.,none
29540,"Title: Remco - Update tariff on MPMS
Tags: CI; MPMS; REMCO; Software",Software,Unknown,Unknown,Unknown,Unknown,Unknown,System or software involved | Meter type: Electric or Water | Exact meter model | Exact error code or error message,Not available from verified source data.,none
29539,"Title: Remco - Update tariff on MPMS
Tags: CI; MPMS; REMCO; Software",Software,Unknown,Unknown,Unknown,Unknown,Unknown,System or software involved | Meter type: Electric or Water | Exact meter model | Exact error code or error message,Not available from verified source data.,none
29538,"Title: Elkhamayel - Reset water meter
Tags: aqua; CI; ElKhamayl; Software",Software,Aqua,Water,Unknown,Unknown,Unknown,Exact meter model | Exact error code or error message,Not available from verified source data.,none
29537,"Title: Elkhamayel - Reset water meters
Tags: aqua; CI; ElKhamayl; Software",Software,Aqua,Water,Unknown,Unknown,Unknown,Exact meter model | Exact error code or error message,Not available from verified source data.,none
29536,"Title: Elkhamayel - Inquiry regarding friendly time
Tags: aqua; CI; ElKhamayl; Software",Software,Aqua,Unknown,Unknown,Unknown,Unknown,Meter type: Electric or Water | Exact meter model | Exact error code or error message,Not available from verified source data.,none
29535,"Title: Taqa - Can not access billing software
Tags: billing; CI; Software; Taqa",Software,Billing,Unknown,Unknown,Unknown,Unknown,Meter type: Electric or Water | Exact meter model | Exact error code or error message,Not available from verified source data.,none
29533,"Title: Marriott Residence - Electrical Meters New Configuration
Tags: Hardware; Marriott; PI; SEM; W",Hardware,Electric,Electric,Unknown,Unknown,Unknown,Exact meter model | Exact error code or error message,Not available from verified source data.,none
29532,"Title: Marriott Residence - Electrical Meters New Configuration
Tags: Hardware; Marriott; PI; SEM; W",Hardware,Electric,Electric,Unknown,Unknown,Unknown,Exact meter model | Exact error code or error message,Not available from verified source data.,none
29531,"Title: El-Abd - New installation for contactor and CT
Tags: CI; ElAbd; Hardware; O/S; PEM",Hardware,Unknown,Unknown,Unknown,Unknown,Unknown,System or software involved | Meter type: Electric or Water | Exact meter model | Exact error code or error message,Not available from verified source data.,none
29530,"Title: New Heliopolis - IC 0004
System Info: IC 0004
Tags: CI; Hardware; NewHeliopolis; PWM",Hardware,Unknown,Unknown,Unknown,Unknown,Unknown,System or software involved | Meter type: Electric or Water | Exact meter model | Exact error code or error message,Not available from verified source data.,none
29529,"Title: 10th of Ramadan - Electrical Meter Maintenance
Tags: CDC; CI; Hardware; SEM; SLA; Utility",Hardware,Electric,Electric,Unknown,Unknown,Unknown,Exact meter model | Exact error code or error message,Not available from verified source data.,none
29528,"Title: New Cairo - Utility water meter maintenance
Tags: Hardware; NUCA; PI; PWM; Utility; W",Hardware,Unknown,Water,Unknown,Unknown,Unknown,System or software involved | Exact meter model | Exact error code or error message,Not available from verified source data.,none
29527,"Title: New Obour - Utility water meter maintenance
Tags: Hardware; NUCA; PI; PWM; Utility; W",Hardware,Unknown,Water,Unknown,Unknown,Unknown,System or software involved | Exact meter model | Exact error code or error message,Not available from verified source data.,none
29526,"Title: Obour - Utility water meter maintenance
Tags: Hardware; NUCA; PI; PWM; Utility; W",Hardware,Unknown,Water,Unknown,Unknown,Unknown,System or software involved | Exact meter model | Exact error code or error message,Not available from verified source data.,none
29525,"Title: Caribbeano - Reinitialize faulty meter
Tags: Caribbeano; CI; Software; vending",Software,Vending,Unknown,Unknown,Unknown,Unknown,Meter type: Electric or Water | Exact meter model | Exact error code or error message,Not available from verified source data.,none
29524,"Title: Caribeano- Java cards are not read
Tags: Caribbeano; CI; Software; vending",Software,Vending,Unknown,Unknown,Unknown,Unknown,Meter type: Electric or Water | Exact meter model | Exact error code or error message,Not available from verified source data.,none
29523,"Title: Emdad- Check tariff
Tags: aqua; CI; Emaar; Software",Software,Aqua,Unknown,Unknown,Unknown,Unknown,Meter type: Electric or Water | Exact meter model | Exact error code or error message,Not available from verified source data.,none
29521,"Title: Emdad- Inquiry about tariff card
Tags: aqua; CI; Emdad; Software",Software,Aqua,Unknown,Unknown,Unknown,Unknown,Meter type: Electric or Water | Exact meter model | Exact error code or error message,Not available from verified source data.,none
29520,"Title: Deyar Elharam - Meterverse Deployment
Tags: CI; Deyar Elharam; Meterverse; Software",Software,MeterVerse,Unknown,Unknown,Unknown,Unknown,Meter type: Electric or Water | Exact meter model | Exact error code or error message,Not available from verified source data.,none
29519,"Title: SCDC - 15th of May - Meter inspection report
Tags: CI; Hardware; PEM; PI; Scdc; Utility; W",Hardware,Unknown,Unknown,Unknown,Unknown,Unknown,System or software involved | Meter type: Electric or Water | Exact meter model | Exact error code or error message,Not available from verified source data.,none
29518,"Title: Ecklat Portsaid - Open account
System Info: Rejected 02
Tags: CI; Ecklat; Software; STS",Software,Unknown,Unknown,Unknown,Unknown,Unknown,System or software involved | Meter type: Electric or Water | Exact meter model | Exact error code or error message,Not available from verified source data.,none
29517,"Title: Ecklat Portsaid - Open account
Tags: CI; Ecklat; Software; STS",Software,Unknown,Unknown,Unknown,Unknown,Unknown,System or software involved | Meter type: Electric or Water | Exact meter model | Exact error code or error message,Not available from verified source data.,none
29516,"Title: Ecklat Portsaid - Open acount
Tags: CI; Ecklat; Software; STS",Software,Unknown,Unknown,Unknown,Unknown,Unknown,System or software involved | Meter type: Electric or Water | Exact meter model | Exact error code or error message,Not available from verified source data.,none
29515,"Title: Ecklat Portsaid - Open account
Tags: CI; Ecklat; Software; STS",Software,Unknown,Unknown,Unknown,Unknown,Unknown,System or software involved | Meter type: Electric or Water | Exact meter model | Exact error code or error message,Not available from verified source data.,none
29514,"Title: MEDC- Stamp order request
Tags: Hardware; MEDC; PEM; PI",Hardware,Unknown,Unknown,Unknown,Unknown,Unknown,System or software involved | Meter type: Electric or Water | Exact meter model | Exact error code or error message,Not available from verified source data.,none
29513,"Title: Ecklat Portsaid - Rejected 02
System Info: Rejected 02
Tags: CI; Ecklat; Hardware; PWM",Hardware,Unknown,Unknown,Unknown,Unknown,Unknown,System or software involved | Meter type: Electric or Water | Exact meter model | Exact error code or error message,Not available from verified source data.,none
29512,"Title: Light Power - Steps for settlements on software
Tags: CI; Lightpower; Software; vending",Software,Vending,Unknown,Unknown,Unknown,Unknown,Meter type: Electric or Water | Exact meter model | Exact error code or error message,Not available from verified source data.,none
29511,"Title: Ecklat Portsaid - Open account
Tags: CI; Ecklat; Software; STS",Software,Unknown,Unknown,Unknown,Unknown,Unknown,System or software involved | Meter type: Electric or Water | Exact meter model | Exact error code or error message,Not available from verified source data.,none
29510,"Title: Ecklat Portasaid - Rejected 02
System Info: Rejected 02
Tags: CI; Ecklat; Hardware; PWM",Hardware,Unknown,Unknown,Unknown,Unknown,Unknown,System or software involved | Meter type: Electric or Water | Exact meter model | Exact error code or error message,Not available from verified source data.,none
29509,"Title: Ora- Maintenance follow up
Tags: Hardware; Ora; PI; PWM",Hardware,Unknown,Unknown,Unknown,Unknown,Unknown,System or software involved | Meter type: Electric or Water | Exact meter model | Exact error code or error message,Not available from verified source data.,none
29508,"Title: UEDC- Check meter's consumption
Tags: Hardware; PEM; PI; UEDC",Hardware,Unknown,Unknown,Unknown,Unknown,Unknown,System or software involved | Meter type: Electric or Water | Exact meter model | Exact error code or error message,Not available from verified source data.,none
29506,"Title: Elsewedy E&C - Initiating maintenance cycle
Tags: CI; Elsewedy E&C; Hardware; PWM",Hardware,Unknown,Unknown,Unknown,Unknown,Unknown,System or software involved | Meter type: Electric or Water | Exact meter model | Exact error code or error message,Not available from verified source data.,none
29503,"Title: Ona Electric - Change tariff
Tags: CI; Ona; Software; vending",Software,Vending|Electric,Electric,Unknown,Unknown,Unknown,Exact meter model | Exact error code or error message,Not available from verified source data.,none
29500,"Title: UEDC - Inquiry about User and POS info
Tags: CI; Software; UEDC; vending",Software,Vending,Unknown,Unknown,Unknown,Unknown,Meter type: Electric or Water | Exact meter model | Exact error code or error message,Not available from verified source data.,none
29499,"Title: Light Power - Change password for user
Tags: CI; Lightpower; Software; vending",Software,Vending,Unknown,Unknown,Unknown,Unknown,Meter type: Electric or Water | Exact meter model | Exact error code or error message,Not available from verified source data.,none
29495,"Title: Light power - Update friendly time
Tags: CI; Lightpower; Software; vending",Software,Vending,Unknown,Unknown,Unknown,Unknown,Meter type: Electric or Water | Exact meter model | Exact error code or error message,Not available from verified source data.,none
29494,"Title: Private sector meters maintenance follow up
Tags: Hardware; PI; Private; SEM; W",Hardware,Unknown,Unknown,Unknown,Unknown,Unknown,System or software involved | Meter type: Electric or Water | Exact meter model | Exact error code or error message,Not available from verified source data.,none
29493,"Title: New Giza - Err 70 with customer card on 3ph meters
System Info: Err 70
Tags: CI; Hardware; Newgiza; PEM",Hardware,Unknown,Unknown,Unknown,70,Unknown,System or software involved | Meter type: Electric or Water | Exact meter model,Not available from verified source data.,none
29492,"Title: Shrouk - Utility water meter maintenance
Tags: Hardware; NUCA; PI; PWM; Utility; W",Hardware,Unknown,Water,Unknown,Unknown,Unknown,System or software involved | Exact meter model | Exact error code or error message,Not available from verified source data.,none
29491,"Title: Badr - Utility water meter maintenance
Tags: Hardware; NUCA; PI; PWM; Utility; W",Hardware,Unknown,Water,Unknown,Unknown,Unknown,System or software involved | Exact meter model | Exact error code or error message,Not available from verified source data.,none
29490,"Title: 10th of ramadan - Utility water meter maintenance
Tags: Hardware; NUCA; PI; PWM; Utility; W",Hardware,Unknown,Water,Unknown,Unknown,Unknown,System or software involved | Exact meter model | Exact error code or error message,Not available from verified source data.,none
29489,"Title: 10th of ramadan - Utility electrical meter maintenance
Tags: CDC; CI; Hardware; SEM; SLA; Utility",Hardware,Electric,Electric,Unknown,Unknown,Unknown,Exact meter model | Exact error code or error message,Not available from verified source data.,none
29488,"Title: Injaz - GPRS module installation demonstration for customer
Tags: CI; Hardware; Injaz; SEM; W",Hardware,Unknown,Unknown,Unknown,Unknown,Unknown,System or software involved | Meter type: Electric or Water | Exact meter model | Exact error code or error message,Not available from verified source data.,none
29487,"Title: Fanadir - Err 201 with reset card
System Info: Err 201
Tags: CI; Fanadir; Hardware; PEM",Hardware,Unknown,Unknown,Unknown,201,Unknown,System or software involved | Meter type: Electric or Water | Exact meter model,Not available from verified source data.,none
29486,"Title: UEDC- Wrong settlement on meter
Tags: Hardware; PEM; PI; UEDC",Hardware,Unknown,Unknown,Unknown,Unknown,Unknown,System or software involved | Meter type: Electric or Water | Exact meter model | Exact error code or error message,Not available from verified source data.,none
29485,"Title: Electronile- Problem with meter consumption
Tags: Electronile; Hardware; PEM; PI",Hardware,Unknown,Unknown,Unknown,Unknown,Unknown,System or software involved | Meter type: Electric or Water | Exact meter model | Exact error code or error message,Not available from verified source data.,none
29484,"Title: Fanadir - Err 103 on V5 meter
System Info: Err 103
Tags: CI; Fanadir; Hardware; PEM",Hardware,Unknown,Unknown,Unknown,103,Unknown,System or software involved | Meter type: Electric or Water | Exact meter model,Not available from verified source data.,none
29481,"Title: Fanadir - Steps to open account on V5 meter
Tags: CI; Fanadir; Hardware; PEM",Hardware,Unknown,Unknown,Unknown,Unknown,Unknown,System or software involved | Meter type: Electric or Water | Exact meter model | Exact error code or error message,Not available from verified source data.,none
29480,"Title: MEDC- Inquiry about diff in meters' number in maintenance
Tags: Hardware; MEDC; PEM; PI",Software|Hardware,Unknown,Unknown,Unknown,Unknown,Unknown,System or software involved | Meter type: Electric or Water | Exact meter model | Exact error code or error message,Not available from verified source data.,none
29479,"Title: Fanadir - Error 400 with customer card
System Info: Err 400
Tags: CI; Fanadir; Hardware; PEM",Hardware,Unknown,Unknown,Unknown,400,Unknown,System or software involved | Meter type: Electric or Water | Exact meter model,Not available from verified source data.,none
29478,"Title: Ecklat portsaid - Open account
Tags: CI; Ecklat; Software; STS",Software,Unknown,Unknown,Unknown,Unknown,Unknown,System or software involved | Meter type: Electric or Water | Exact meter model | Exact error code or error message,Not available from verified source data.,none
29477,"Title: Mountain View - Update electricity tariff
Tags: CI; Mountain View; PVMS; Software",Software,Electric,Electric,Unknown,Unknown,Unknown,Exact meter model | Exact error code or error message,Not available from verified source data.,none
29476,"Title: New Heliopolis - IC-101
System Info: IC-101
Tags: Hardware; New Heliopolis; PI; PWM",Hardware,Unknown,Unknown,Unknown,Unknown,Unknown,System or software involved | Meter type: Electric or Water | Exact meter model | Exact error code or error message,Not available from verified source data.,none
29475,"Title: Qena Gardens - Delete settlement
System Info: Missing Feature
Tags: aqua; CI; Qena Gardens; Software",Software,Aqua,Unknown,Unknown,Unknown,Unknown,Meter type: Electric or Water | Exact meter model | Exact error code or error message,Not available from verified source data.,none
29474,"Title: Hurghada hub - Delete charge
System Info: Missing Feature
Tags: CI; Hurghada Hub; Software; STS",Software,Unknown,Unknown,Unknown,Unknown,Unknown,System or software involved | Meter type: Electric or Water | Exact meter model | Exact error code or error message,Not available from verified source data.,none
29120,"Title: New Heliopolis- Change meter status to new
Tags: aqua; CI; New Heliopolis; Software",Software,Aqua,Unknown,Unknown,Unknown,Unknown,Meter type: Electric or Water | Exact meter model | Exact error code or error message,Not available from verified source data.,none
29119,"Title: New Heliopolis- Reinitialize meter
Tags: aqua; CI; New Heliopolis; Software",Software,Aqua,Unknown,Unknown,Unknown,Unknown,Meter type: Electric or Water | Exact meter model | Exact error code or error message,Not available from verified source data.,none
29118,"Title: Elgouna- Inquiry about meters down due to communication
Tags: CI; Gouna; Smart; Software",Software|Communication,Unknown,Unknown,Unknown,Unknown,Unknown,System or software involved | Meter type: Electric or Water | Exact meter model | Exact error code or error message,Not available from verified source data.,none
29117,"Title: Alex - Open access for account
Tags: Alex; CI; Software; vending",Software,Vending,Unknown,Unknown,Unknown,Unknown,Meter type: Electric or Water | Exact meter model | Exact error code or error message,Not available from verified source data.,none
29116,"Title: Sun Capital - Generate reports
Tags: CI; Smart; Software; Suncapital",Software,Unknown,Unknown,Unknown,Unknown,Unknown,System or software involved | Meter type: Electric or Water | Exact meter model | Exact error code or error message,Not available from verified source data.,none
29115,"Title: Petra gate - Can not open new account for V5 meter
Tags: CI; Petra Gate; Software; vending",Software,Vending,Unknown,Unknown,Unknown,Unknown,Meter type: Electric or Water | Exact meter model | Exact error code or error message,Not available from verified source data.,none
29114,"Title: Carribeano - Err 0201 on V5 meter
System Info: Err 0201
Tags: Caribbeano; CI; Hardware; PEM",Hardware,Unknown,Unknown,Unknown,0201,Unknown,System or software involved | Meter type: Electric or Water | Exact meter model,Not available from verified source data.,none
29113,"Title: 6th of October - Utility water meter maintenance
Tags: Hardware; NUCA; PI; PWM; Utility; W",Hardware,Unknown,Water,Unknown,Unknown,Unknown,System or software involved | Exact meter model | Exact error code or error message,Not available from verified source data.,none
29112,"Title: Elkhamayel - Utility water meter maintenance
Tags: ElKhamayl; Hardware; PI; PWM; W",Hardware,Unknown,Water,Unknown,Unknown,Unknown,System or software involved | Exact meter model | Exact error code or error message,Not available from verified source data.,none
29111,"Title: Ona electric - Inquiry about customer settlement after resetting meter
Tags: CI; Hardware; Ona; PEM",Software|Hardware,Electric,Electric,Unknown,Unknown,Unknown,Exact meter model | Exact error code or error message,Not available from verified source data.,none
29110,"Title: 10th of Ramadan - Utility electrical meter maintenance
Tags: CDC; CI; Hardware; SEM; SLA; Utility",Hardware,Electric,Electric,Unknown,Unknown,Unknown,Exact meter model | Exact error code or error message,Not available from verified source data.,none
29109,"Title: Sun Capital - Electrical And Water Meters Communication troubleshooting
Tags: CI; Hardware; SEM; Suncapital; W",Hardware|Communication,Electric,Water|Electric,Unknown,Unknown,Unknown,Exact meter model | Exact error code or error message,Not available from verified source data.,none
29108,"Title: Sun Capital - Electrical And Water Meters Communication troubleshooting
Tags: CI; Hardware; SEM; Suncapital; W",Hardware|Communication,Electric,Water|Electric,Unknown,Unknown,Unknown,Exact meter model | Exact error code or error message,Not available from verified source data.,none
29025,"Title: Ona electric - Err A3 with customer card
System Info: Err A3
Tags: CI; Hardware; Ona; PEM",Hardware,Electric,Electric,Unknown,Unknown,Unknown,Exact meter model | Exact error code or error message,Not available from verified source data.,none
29024,"Title: Ona electric - Err 70 on 3 phase meter
System Info: Err 70
Tags: CI; Hardware; Ona; PEM",Hardware,Electric,Electric,Unknown,70,Unknown,Exact meter model,Not available from verified source data.,none
29023,"Title: Ona electric - Err 41 on 3 phase meter
System Info: Err 41
Tags: CI; Hardware; Ona; PEM",Hardware,Electric,Electric,Unknown,41,Unknown,Exact meter model,Not available from verified source data.,none
29022,"Title: Elkhamayel - Reports issue
Tags: aqua; ElKhamayl; PI; Software",Software,Aqua,Unknown,Unknown,Unknown,Unknown,Meter type: Electric or Water | Exact meter model | Exact error code or error message,Not available from verified source data.,none
29021,"Title: Ona electric - Can not read or write card for 3 phase meter
Tags: CI; Ona; Software; vending",Software,Vending|Electric,Electric,Unknown,Unknown,Unknown,Exact meter model | Exact error code or error message,Not available from verified source data.,none
29020,"Title: Veranda- Issue parameter card from visa
Tags: CI; Software; Veranda; Visa",Software,Unknown,Unknown,Unknown,Unknown,Unknown,System or software involved | Meter type: Electric or Water | Exact meter model | Exact error code or error message,Not available from verified source data.,none
29019,"Title: Light Power - Err 003 with remove tamper card
System Info: Err 003
Tags: CI; Hardware; Lightpower; PEM",Hardware,Unknown,Unknown,Unknown,003,Unknown,System or software involved | Meter type: Electric or Water | Exact meter model,Not available from verified source data.,none
29017,"Title: UEDC - Unbalance alarm on V5
Tags: CI; Hardware; PEM; UEDC",Hardware,Unknown,Unknown,Unknown,Unknown,Unknown,System or software involved | Meter type: Electric or Water | Exact meter model | Exact error code or error message,Not available from verified source data.,none
29016,"Title: New Giza: Invoice Issue
Tags: CI; New giza; Smart; Software",Software,Unknown,Unknown,Unknown,Unknown,Unknown,System or software involved | Meter type: Electric or Water | Exact meter model | Exact error code or error message,Not available from verified source data.,none
29015,"Title: New Heliopolis- Inquiry about settlement
Tags: aqua; CI; New Heliopolis; Software",Software,Aqua,Unknown,Unknown,Unknown,Unknown,Meter type: Electric or Water | Exact meter model | Exact error code or error message,Not available from verified source data.,none
29013,"Title: Elsewedy E&C - Inquiry about claim status
Tags: CI; Elsewedy E&C; Hardware; Inquiry",Software|Hardware,Unknown,Unknown,Unknown,Unknown,Unknown,System or software involved | Meter type: Electric or Water | Exact meter model | Exact error code or error message,Not available from verified source data.,none
29012,"Title: Alex - Open account
Tags: Alex; CI; Software; vending",Software,Vending,Unknown,Unknown,Unknown,Unknown,Meter type: Electric or Water | Exact meter model | Exact error code or error message,Not available from verified source data.,none
29011,"Title: Qena gardens - Delete tariff difference settlement
Tags: aqua; PI; Qena Gardens; Software",Software,Aqua,Unknown,Unknown,Unknown,Unknown,Meter type: Electric or Water | Exact meter model | Exact error code or error message,Not available from verified source data.,none
29010,"Title: MEDC- Follow up on meters that need stamp
Tags: Hardware; MEDC; PEM; PI",Hardware,Unknown,Unknown,Unknown,Unknown,Unknown,System or software involved | Meter type: Electric or Water | Exact meter model | Exact error code or error message,Not available from verified source data.,none
29008,"Title: Ona electric - 4 ct ratio cards
Tags: CI; Hardware; Ona; PEM",Hardware,Electric,Electric,Unknown,Unknown,Unknown,Exact meter model | Exact error code or error message,Not available from verified source data.,none
29007,"Title: Injaz - 3 CT ratio cards
Tags: CI; Hardware; Injaz; PEM",Hardware,Unknown,Unknown,Unknown,Unknown,Unknown,System or software involved | Meter type: Electric or Water | Exact meter model | Exact error code or error message,Not available from verified source data.,none
29005,"Title: Elsewedy E&C - Inquiry about claim numbers
Tags: CI; Elsewedy E&C; Hardware; SEM",Software|Hardware,Unknown,Unknown,Unknown,Unknown,Unknown,System or software involved | Meter type: Electric or Water | Exact meter model | Exact error code or error message,Not available from verified source data.,none
29004,"Title: Cornado - Inquiry about meter's closed valve
Tags: Cornado; Hardware; PI; PWM",Software|Hardware,Unknown,Unknown,Unknown,Unknown,Unknown,System or software involved | Meter type: Electric or Water | Exact meter model | Exact error code or error message,Not available from verified source data.,none
29003,"Title: Elgouna- Check meters' readings
Tags: CI; Gouna; Smart; Software",Software,Unknown,Unknown,Unknown,Unknown,Unknown,System or software involved | Meter type: Electric or Water | Exact meter model | Exact error code or error message,Not available from verified source data.,none
29000,"Title: Mountain view - Pvms down
System Info: System Down
Tags: CI; Mountain View; PVMS; Software",Software,Unknown,Unknown,Unknown,Unknown,Unknown,System or software involved | Meter type: Electric or Water | Exact meter model | Exact error code or error message,Not available from verified source data.,none
28999,"Title: Elsewedy Utilities- Charging problem with fawry
Tags: CI; Software; Utilities; vending",Software,Vending,Unknown,Unknown,Unknown,Unknown,Meter type: Electric or Water | Exact meter model | Exact error code or error message,Not available from verified source data.,none
28998,"Title: Alex - Delete charge
System Info: Missing Feature
Tags: Alex; CI; Software; vending",Software,Vending,Unknown,Unknown,Unknown,Unknown,Meter type: Electric or Water | Exact meter model | Exact error code or error message,Not available from verified source data.,none
28997,"Title: Sun Capital - Pending jobs
System Info: Too many Failed Jobs
Tags: CI; Smart; Software; Suncapital",Software,Unknown,Unknown,Unknown,Unknown,Unknown,System or software involved | Meter type: Electric or Water | Exact meter model | Exact error code or error message,Not available from verified source data.,none
28995,"Title: Badr eldeen- Reject 02
System Info: Reject 02
Tags: Badr Eldeen; Hardware; PI; PWM",Hardware,Unknown,Unknown,Unknown,02,Unknown,System or software involved | Meter type: Electric or Water | Exact meter model,Not available from verified source data.,none
28994,"Title: Sun Capital - Electrical and water meter communication troubleshooting
Tags: CI; Hardware; SEM; Suncapital; W",Hardware|Communication,Electric,Water|Electric,Unknown,Unknown,Unknown,Exact meter model | Exact error code or error message,Not available from verified source data.,none
28993,"Title: Sharkia- Utility water meter maintenance
Tags: Hardware; HCWW; PI; PWM; Utility; W",Hardware,Unknown,Water,Unknown,Unknown,Unknown,System or software involved | Exact meter model | Exact error code or error message,Not available from verified source data.,none
28992,"Title: New Fayoum- Utility water meter maintenance
Tags: Hardware; NUCA; PI; PWM; Utility; W",Hardware,Unknown,Water,Unknown,Unknown,Unknown,System or software involved | Exact meter model | Exact error code or error message,Not available from verified source data.,none
28991,"Title: Fayoum- Utility water meter maintenance
Tags: Hardware; HCWW; PI; PWM; Utility; W",Hardware,Unknown,Water,Unknown,Unknown,Unknown,System or software involved | Exact meter model | Exact error code or error message,Not available from verified source data.,none
28990,"Title: Private sector meters maintenance follow up
Tags: Hardware; PI; Private; PWM; W",Hardware,Unknown,Unknown,Unknown,Unknown,Unknown,System or software involved | Meter type: Electric or Water | Exact meter model | Exact error code or error message,Not available from verified source data.,none
28989,"Title: 10th of ramadan - Utility electrical meter maintenance
Tags: CDC; CI; Hardware; PI; SEM; SLA; Utility",Hardware,Electric,Electric,Unknown,Unknown,Unknown,Exact meter model | Exact error code or error message,Not available from verified source data.,none
28988,"Title: Korra - Steps to reset meter
Tags: CI; Hardware; Korra; PWM",Hardware,Unknown,Unknown,Unknown,Unknown,Unknown,System or software involved | Meter type: Electric or Water | Exact meter model | Exact error code or error message,Not available from verified source data.,none
28987,"Title: Qena Gardens - Inquiry about customer tariff differnece settlements
Tags: aqua; CI; Qena Gardens; Software",Software,Aqua,Unknown,Unknown,Unknown,Unknown,Meter type: Electric or Water | Exact meter model | Exact error code or error message,Not available from verified source data.,none
28986,"Title: Light Power - Err 005 on V5 meter
System Info: Err 005
Tags: CI; Hardware; Lightpower; PEM",Hardware,Unknown,Unknown,Unknown,005,Unknown,System or software involved | Meter type: Electric or Water | Exact meter model,Not available from verified source data.,none
28985,"Title: Elsewedy E&C - Meter Inquiry
Tags: CI; E&C; Inquiry",Software,Unknown,Unknown,Unknown,Unknown,Unknown,System or software involved | Meter type: Electric or Water | Exact meter model | Exact error code or error message,Not available from verified source data.,none
28984,"Title: Makadi - Error 52
System Info: Err-xx52
Tags: CI; Hardware; Makadi; PEM",Hardware,Unknown,Unknown,Unknown,52,Unknown,System or software involved | Meter type: Electric or Water | Exact meter model,Not available from verified source data.,none
28983,"Title: Electronile - Modifying a Role
Tags: CI; Electronile; Meterverse; Software",Software,MeterVerse,Unknown,Unknown,Unknown,Unknown,Meter type: Electric or Water | Exact meter model | Exact error code or error message,Not available from verified source data.,none
28982,"Title: Elsewedy E&C - Meterview Installation
Tags: CI; E&C; meterview; Software",Software,Unknown,Unknown,Unknown,Unknown,Unknown,System or software involved | Meter type: Electric or Water | Exact meter model | Exact error code or error message,Not available from verified source data.,none
28981,"Title: Elsewedy E&C - Meter Maintenance Inquiry
Tags: CI; E&C; Hardware; SEM",Software|Hardware,Unknown,Unknown,Unknown,Unknown,Unknown,System or software involved | Meter type: Electric or Water | Exact meter model | Exact error code or error message,Not available from verified source data.,none
28980,"Title: UEDC - Error b1
System Info: Err-xxb1
Tags: Hardware; PEM; PI; UEDC",Hardware,Unknown,Unknown,Unknown,Unknown,Unknown,System or software involved | Meter type: Electric or Water | Exact meter model | Exact error code or error message,Not available from verified source data.,none
28979,"Title: Aqua Marine - Meterverse Driver Installation
Tags: Aqua marine; Meterverse; PI; Software",Software,MeterVerse|Aqua,Unknown,Unknown,Unknown,Unknown,Meter type: Electric or Water | Exact meter model | Exact error code or error message,Not available from verified source data.,none
28978,"Title: Edelma - CT Meters Inquiry
Tags: CI; Edelma; Hardware; PEM",Software|Hardware,Unknown,Unknown,Unknown,Unknown,Unknown,System or software involved | Meter type: Electric or Water | Exact meter model | Exact error code or error message,Not available from verified source data.,none
28977,"Title: Epower - A Test Charge Inquiry
Tags: CI; Epower; Inquiry; Software; vending",Software,Vending,Unknown,Unknown,Unknown,Unknown,Meter type: Electric or Water | Exact meter model | Exact error code or error message,Not available from verified source data.,none
28976,"Title: Badr Eldeen - Issuing Key Change Token
System Info: Reject-02
Tags: Badr Eldeen; PI; SMS; Software",Software,Unknown,Unknown,Unknown,02,Unknown,System or software involved | Meter type: Electric or Water | Exact meter model,Not available from verified source data.,none
28975,"Title: Badr Eldeen - Issuing Out of Factory Card
System Info: Reject-02
Tags: Badr Eldeen; PI; SMS; Software",Software,Unknown,Unknown,Unknown,02,Unknown,System or software involved | Meter type: Electric or Water | Exact meter model,Not available from verified source data.,none
28974,"Title: Badr Eldeen - Issuing Super Clear Card
System Info: Reject-02
Tags: Badr Eldeen; PI; SMS; Software",Software,Unknown,Unknown,Unknown,02,Unknown,System or software involved | Meter type: Electric or Water | Exact meter model,Not available from verified source data.,none
28973,"Title: Badr Eldeen - Reject 02
System Info: Reject-02
Tags: Badr Eldeen; Hardware; PI; STS",Hardware,Unknown,Unknown,Unknown,02,Unknown,System or software involved | Meter type: Electric or Water | Exact meter model,Not available from verified source data.,none
28972,"Title: Caribbeano - Initiating Maintenance Cycle
Tags: Caribbeano; Hardware; PEM; PI",Hardware,Unknown,Unknown,Unknown,Unknown,Unknown,System or software involved | Meter type: Electric or Water | Exact meter model | Exact error code or error message,Not available from verified source data.,none
28971,"Title: Caribbeano - Initiating Maintenance Cycle
Tags: Caribbeano; Hardware; PI; PWM",Hardware,Unknown,Unknown,Unknown,Unknown,Unknown,System or software involved | Meter type: Electric or Water | Exact meter model | Exact error code or error message,Not available from verified source data.,none
28970,"Title: Elsewedy E&C - Initiating Maintenance Cycle
Tags: E&C; Hardware; PI; PWM",Hardware,Unknown,Unknown,Unknown,Unknown,Unknown,System or software involved | Meter type: Electric or Water | Exact meter model | Exact error code or error message,Not available from verified source data.,none
28969,"Title: Elsewedy E&C - Initiating Maintenance Cycle
Tags: E&C; Hardware; PI; SEM",Hardware,Unknown,Unknown,Unknown,Unknown,Unknown,System or software involved | Meter type: Electric or Water | Exact meter model | Exact error code or error message,Not available from verified source data.,none
28968,"Title: Light Power - Inquiry about tariff pages for mt514
Tags: CI; Hardware; Lightpower; PEM",Software|Hardware,Unknown,Unknown,MT514,Unknown,Unknown,System or software involved | Meter type: Electric or Water | Exact error code or error message,Not available from verified source data.,none
28967,"Title: Ecklat Portsaid - Open account for new customer
Tags: CI; Ecklat; Software; STS",Software,Unknown,Unknown,Unknown,Unknown,Unknown,System or software involved | Meter type: Electric or Water | Exact meter model | Exact error code or error message,Not available from verified source data.,none
28966,"Title: Ecklat Portsaid - Delete charge
System Info: Missing Feature
Tags: CI; Ecklat; Software; STS",Software,Unknown,Unknown,Unknown,Unknown,Unknown,System or software involved | Meter type: Electric or Water | Exact meter model | Exact error code or error message,Not available from verified source data.,none
28965,"Title: Mountain View - Install files for sonda
Tags: CI; Mountain View; MPMS; Software",Software,Unknown,Unknown,Unknown,Unknown,Unknown,System or software involved | Meter type: Electric or Water | Exact meter model | Exact error code or error message,Not available from verified source data.,none
28964,"Title: Roaya - Changing Meter Status
Tags: CI; roaya; Smart; Software",Software,Unknown,Unknown,Unknown,Unknown,Unknown,System or software involved | Meter type: Electric or Water | Exact meter model | Exact error code or error message,Not available from verified source data.,none
28963,"Title: Emdad - Delete Deposit
System Info: Missing Feature
Tags: aqua; CI; Emdad; Software",Software,Aqua,Unknown,Unknown,Unknown,Unknown,Meter type: Electric or Water | Exact meter model | Exact error code or error message,Not available from verified source data.,none
28962,"Title: Libya - Gecol - Edit Tariff
Tags: CI; GECOL; Libya; Software; vending",Software,Vending,Unknown,Unknown,Unknown,Unknown,Meter type: Electric or Water | Exact meter model | Exact error code or error message,Not available from verified source data.,none
28961,"Title: Elkhamayel - Inquiry about customer settlements
Tags: aqua; CI; ElKhamayl; Software",Software,Aqua,Unknown,Unknown,Unknown,Unknown,Meter type: Electric or Water | Exact meter model | Exact error code or error message,Not available from verified source data.,none
28959,"Title: Chinese Village - Inquiry about CT ratio for meters
Tags: Chinese Mall; CI; Hardware; PEM",Software|Hardware,Unknown,Unknown,Unknown,Unknown,Unknown,System or software involved | Meter type: Electric or Water | Exact meter model | Exact error code or error message,Not available from verified source data.,none
28947,"Title: Veranda - Delete charge
System Info: Missing Feature
Tags: CI; Software; vending; Veranda",Software,Vending,Unknown,Unknown,Unknown,Unknown,Meter type: Electric or Water | Exact meter model | Exact error code or error message,Not available from verified source data.,none
28945,"Title: Emdad - Update water tariff
Tags: aqua; CI; Emdad; Software",Software,Aqua,Water,Unknown,Unknown,Unknown,Exact meter model | Exact error code or error message,Not available from verified source data.,none
28943,"Title: Sherouk - Utility water meter maintenance
Tags: Hardware; NUCA; PI; PWM; Utility; W",Hardware,Unknown,Water,Unknown,Unknown,Unknown,System or software involved | Exact meter model | Exact error code or error message,Not available from verified source data.,none
28942,"Title: Sidewalk Mall - Meterverse Deployment
Tags: Meterverse; PI; Sidewalk; Software",Software,MeterVerse,Unknown,Unknown,Unknown,Unknown,Meter type: Electric or Water | Exact meter model | Exact error code or error message,Not available from verified source data.,none
28941,"Title: Emdad - Reports update
Tags: aqua; Emdad; PI; Software",Software,Aqua,Unknown,Unknown,Unknown,Unknown,Meter type: Electric or Water | Exact meter model | Exact error code or error message,Not available from verified source data.,none
28940,"Title: Elkhamayel - Reports update
Tags: aqua; ElKhamayl; PI; Software",Software,Aqua,Unknown,Unknown,Unknown,Unknown,Meter type: Electric or Water | Exact meter model | Exact error code or error message,Not available from verified source data.,none
28939,"Title: Veranda - Error 45 with customer card
System Info: Err 45
Tags: CI; Hardware; PEM; Veranda",Hardware,Unknown,Unknown,Unknown,45,Unknown,System or software involved | Meter type: Electric or Water | Exact meter model,Not available from verified source data.,none
28936,"Title: Prime - Initiating maintenance cycle
Tags: CI; Hardware; PEM; Prime",Hardware,Unknown,Unknown,Unknown,Unknown,Unknown,System or software involved | Meter type: Electric or Water | Exact meter model | Exact error code or error message,Not available from verified source data.,none
28935,"Title: Badr - Utility water meter maintenance
Tags: Hardware; NUCA; PI; PWM; Utility; W",Hardware,Unknown,Water,Unknown,Unknown,Unknown,System or software involved | Exact meter model | Exact error code or error message,Not available from verified source data.,none
28934,"Title: 10th of Ramadan - Utility water meter maintenance
Tags: Hardware; NUCA; PI; PWM; Utility; W",Hardware,Unknown,Water,Unknown,Unknown,Unknown,System or software involved | Exact meter model | Exact error code or error message,Not available from verified source data.,none
28933,"Title: Veranda - Error A2 on 3 phase meter
System Info: Err 00A2
Tags: CI; Hardware; PEM; Veranda",Hardware,Unknown,Unknown,Unknown,Unknown,Unknown,System or software involved | Meter type: Electric or Water | Exact meter model | Exact error code or error message,Not available from verified source data.,none
28932,"Title: Veranda - Mend card with charge
Tags: CI; Software; vending; Veranda",Software,Vending,Unknown,Unknown,Unknown,Unknown,Meter type: Electric or Water | Exact meter model | Exact error code or error message,Not available from verified source data.,none
28931,"Title: Private Sector Meters Maintenance Follow-up
Tags: Hardware; PEM; PI; Private; W",Hardware,Unknown,Unknown,Unknown,Unknown,Unknown,System or software involved | Meter type: Electric or Water | Exact meter model | Exact error code or error message,Not available from verified source data.,none
28930,"Title: 10th of Ramadan - Electrical Meters Maintenance Visit
Tags: CDC; CI; Hardware; SEM; SLA; Utility",Hardware,Electric,Electric,Unknown,Unknown,Unknown,Exact meter model | Exact error code or error message,Not available from verified source data.,none
28929,"Title: Sun Capital - Electrical And Water Meters Communication troubleshooting
Tags: CI; Hardware; SEM; Suncapital; W",Hardware|Communication,Electric,Water|Electric,Unknown,Unknown,Unknown,Exact meter model | Exact error code or error message,Not available from verified source data.,none
28928,"Title: ElAbd - Site visit for CT meters installation and connections
Tags: CI; ElAbd; Hardware; O/S; PEM",Hardware|Communication,Unknown,Unknown,Unknown,Unknown,Unknown,System or software involved | Meter type: Electric or Water | Exact meter model | Exact error code or error message,Not available from verified source data.,none
28927,"Title: Chinese Mall- Card socket issue
Tags: Chinese Mall; CI; Software; vending",Software,Vending,Unknown,Unknown,Unknown,Unknown,Meter type: Electric or Water | Exact meter model | Exact error code or error message,Not available from verified source data.,none
28926,"Title: Amwaj- ICERROR 1 in old MT514
System Info: Err-0001
Tags: Amwaj; CI; Software; Visa",Software,Unknown,Unknown,MT514,0001,Unknown,System or software involved | Meter type: Electric or Water,Not available from verified source data.,none
28925,"Title: Mountain View- Edit Tariff in MPMS3000
Tags: CI; Mountain View; MPMS3000; Software",Software,Unknown,Unknown,Unknown,Unknown,Unknown,System or software involved | Meter type: Electric or Water | Exact meter model | Exact error code or error message,Not available from verified source data.,none
28924,"Title: Ecklat Portsaid - Rejected 02
System Info: Rejected 02
Tags: CI; Ecklat; Hardware; PWM",Hardware,Unknown,Unknown,Unknown,Unknown,Unknown,System or software involved | Meter type: Electric or Water | Exact meter model | Exact error code or error message,Not available from verified source data.,none
28921,"Title: Ecklat Portsaid - Steps to open account
Tags: CI; Ecklat; Software; STS",Software,Unknown,Unknown,Unknown,Unknown,Unknown,System or software involved | Meter type: Electric or Water | Exact meter model | Exact error code or error message,Not available from verified source data.,none
28920,"Title: Ecklat Portsaid - Steps to search for customer
Tags: CI; Ecklat; Software; STS",Software,Unknown,Unknown,Unknown,Unknown,Unknown,System or software involved | Meter type: Electric or Water | Exact meter model | Exact error code or error message,Not available from verified source data.,none
28916,"Title: Remco- Inquiry about tokens expiry date
Tags: CI; PVMS; REMCO; Software",Software,Unknown,Unknown,Unknown,Unknown,Unknown,System or software involved | Meter type: Electric or Water | Exact meter model | Exact error code or error message,Not available from verified source data.,none
28915,"Title: New Giza - Delete balances
Tags: CI; Newgiza; Smart; Software",Software,Unknown,Unknown,Unknown,Unknown,Unknown,System or software involved | Meter type: Electric or Water | Exact meter model | Exact error code or error message,Not available from verified source data.,none
28914,"Title: New Cairo- Utility Water Meter Maintenance
Tags: Hardware; NUCA; PI; PWM; Utility; W",Hardware,Unknown,Water,Unknown,Unknown,Unknown,System or software involved | Exact meter model | Exact error code or error message,Not available from verified source data.,none
28913,"Title: New Obour - Utility Water Meter Maintenance
Tags: Hardware; NUCA; PI; PWM; Utility; W",Hardware,Unknown,Water,Unknown,Unknown,Unknown,System or software involved | Exact meter model | Exact error code or error message,Not available from verified source data.,none
28912,"Title: Obour - Utility Water Meter Maintenance
Tags: Hardware; NUCA; PI; PWM; Utility; W",Hardware,Unknown,Water,Unknown,Unknown,Unknown,System or software involved | Exact meter model | Exact error code or error message,Not available from verified source data.,none
28911,"Title: Aqua Marine - Meterverse Deployment
Tags: Aqua marine; Meterverse; PI; Software",Software,MeterVerse|Aqua,Unknown,Unknown,Unknown,Unknown,Meter type: Electric or Water | Exact meter model | Exact error code or error message,Not available from verified source data.,none
28910,"Title: Remco- Issue Valve Control Cards
Tags: CI; REMCO; Software; STS",Software,Unknown,Unknown,Unknown,Unknown,Unknown,System or software involved | Meter type: Electric or Water | Exact meter model | Exact error code or error message,Not available from verified source data.,none
28908,"Title: El Gouna - MT300 Electrical Meters Communication troubleshooting
Tags: CI; Elgouna; Hardware; O/S; PI; SEM",Hardware|Communication,Electric,Electric,Unknown,Unknown,Unknown,Exact meter model | Exact error code or error message,Not available from verified source data.,none
28907,"Title: Scdc - Al Badrasheen - Electrical Meters Maintenance Visit
Tags: CI; Hardware; PEM; PI; Scdc; Utility; W",Hardware,Electric,Electric,Unknown,Unknown,Unknown,Exact meter model | Exact error code or error message,Not available from verified source data.,none
28906,"Title: El Gouna - MT300 Electrical Meters Communication troubleshooting
Tags: CI; Elgouna; Hardware; O/S; PI; SEM",Hardware|Communication,Electric,Electric,Unknown,Unknown,Unknown,Exact meter model | Exact error code or error message,Not available from verified source data.,none
28905,"Title: Private Sector Meters Maintenance Follow-up
Tags: Hardware; PI; Private; SEM; W",Hardware,Unknown,Unknown,Unknown,Unknown,Unknown,System or software involved | Meter type: Electric or Water | Exact meter model | Exact error code or error message,Not available from verified source data.,none
28904,"Title: MEDC- Maintenance Follow up
Tags: Hardware; MEDC; PEM; PI",Hardware,Unknown,Unknown,Unknown,Unknown,Unknown,System or software involved | Meter type: Electric or Water | Exact meter model | Exact error code or error message,Not available from verified source data.,none
28903,"Title: Capital galleria - Inquiry about meter pages
Tags: Capital Galleria; CI; Hardware; PEM",Software|Hardware,Unknown,Unknown,Unknown,Unknown,Unknown,System or software involved | Meter type: Electric or Water | Exact meter model | Exact error code or error message,Not available from verified source data.,none
28902,"Title: Capital galleria - Inquiry about collection cards
Tags: Capital Galleria; CI; Software; vending",Software,Vending,Unknown,Unknown,Unknown,Unknown,Meter type: Electric or Water | Exact meter model | Exact error code or error message,Not available from verified source data.,none
28901,"Title: Light power - E-106 on single phase meter
System Info: E-106
Tags: CI; Hardware; Lightpower; PEM",Hardware,Unknown,Unknown,Unknown,106,Unknown,System or software involved | Meter type: Electric or Water | Exact meter model,Not available from verified source data.,none
28900,"Title: Epower - Changing a Charge Date and Time
Tags: CI; Epower; Software; vending",Software,Vending,Unknown,Unknown,Unknown,Unknown,Meter type: Electric or Water | Exact meter model | Exact error code or error message,Not available from verified source data.,none
28899,"Title: New Giza - Sahl Reports
Tags: New giza; PI; Software; vending",Software,Vending,Unknown,Unknown,Unknown,Unknown,Meter type: Electric or Water | Exact meter model | Exact error code or error message,Not available from verified source data.,none
28898,"Title: Injaz - Sahl Reports
Tags: Injaz; PI; Software; vending",Software,Vending,Unknown,Unknown,Unknown,Unknown,Meter type: Electric or Water | Exact meter model | Exact error code or error message,Not available from verified source data.,none
28897,"Title: Prime - Sahl Reports
Tags: PI; Prime; Software; vending",Software,Vending,Unknown,Unknown,Unknown,Unknown,Meter type: Electric or Water | Exact meter model | Exact error code or error message,Not available from verified source data.,none
28896,"Title: Epower - Sahl Reports
Tags: Epower; PI; Software; vending",Software,Vending,Unknown,Unknown,Unknown,Unknown,Meter type: Electric or Water | Exact meter model | Exact error code or error message,Not available from verified source data.,none
28895,"Title: Alex - Card Slot Issue
System Info: Err-xx52 Err-xxA1
Tags: Alex; CI; Hardware; PEM",Hardware,Unknown,Unknown,Unknown,Unknown,Unknown,System or software involved | Meter type: Electric or Water | Exact meter model | Exact error code or error message,Not available from verified source data.,none
28894,"Title: ElAbd- Sahl Reports
Tags: CI; ElAbd; Software; vending",Software,Vending,Unknown,Unknown,Unknown,Unknown,Meter type: Electric or Water | Exact meter model | Exact error code or error message,Not available from verified source data.,none
28893,"Title: Makadi - Error 52
System Info: Err-xx52
Tags: CI; Hardware; Makadi; PEM",Hardware,Unknown,Unknown,Unknown,52,Unknown,System or software involved | Meter type: Electric or Water | Exact meter model,Not available from verified source data.,none
28892,"Title: Injaz - Issuing CT Ratio Card
Tags: CI; Injaz; Software; Visa",Software,Unknown,Unknown,Unknown,Unknown,Unknown,System or software involved | Meter type: Electric or Water | Exact meter model | Exact error code or error message,Not available from verified source data.,none
28891,"Title: Elsewedy E&C - Maintenance Inquiry
Tags: CI; E&C; Hardware; Inquiry; STS",Software|Hardware,Unknown,Unknown,Unknown,Unknown,Unknown,System or software involved | Meter type: Electric or Water | Exact meter model | Exact error code or error message,Not available from verified source data.,none
28890,"Title: Electronile - Modifying a Role
Tags: CI; Electronile; Meterverse; Software",Software,MeterVerse,Unknown,Unknown,Unknown,Unknown,Meter type: Electric or Water | Exact meter model | Exact error code or error message,Not available from verified source data.,none
28889,"Title: Epower - Deleting a Charge
Tags: CI; Epower; Software; vending",Software,Vending,Unknown,Unknown,Unknown,Unknown,Meter type: Electric or Water | Exact meter model | Exact error code or error message,Not available from verified source data.,none
28888,"Title: Caribbeano - Maintenance Inquiry
Tags: Caribbeano; Hardware; Inquiry",Software|Hardware,Unknown,Unknown,Unknown,Unknown,Unknown,System or software involved | Meter type: Electric or Water | Exact meter model | Exact error code or error message,Not available from verified source data.,none
28887,"Title: Korra - Deleting a Charge Inquiry
Tags: CI; Inquiry; Korra; Software; vending",Software,Vending,Unknown,Unknown,Unknown,Unknown,Meter type: Electric or Water | Exact meter model | Exact error code or error message,Not available from verified source data.,none
28886,"Title: Fanadir - Configuring Meter Inquiry
Tags: CI; Fanadir; Hardware; Inquiry; PEM",Software|Hardware,Unknown,Unknown,Unknown,Unknown,Unknown,System or software involved | Meter type: Electric or Water | Exact meter model | Exact error code or error message,Not available from verified source data.,none
28885,"Title: Badr Eldeen - Adding Irrigation Tariff
Tags: Badr Eldeen; CI; SMS; Software",Software,Unknown,Unknown,Unknown,Unknown,Unknown,System or software involved | Meter type: Electric or Water | Exact meter model | Exact error code or error message,Not available from verified source data.,none
28884,"Title: Elgouna- Edit DCUs for meters
Tags: CI; Elgouna; Smart; Software",Software,Unknown,Unknown,Unknown,Unknown,Unknown,System or software involved | Meter type: Electric or Water | Exact meter model | Exact error code or error message,Not available from verified source data.,none
28883,"Title: Remco- Get photos of modules
Tags: CI; PVMS; REMCO; Software",Software,Unknown,Unknown,Unknown,Unknown,Unknown,System or software involved | Meter type: Electric or Water | Exact meter model | Exact error code or error message,Not available from verified source data.,none
28882,"Title: New Giza- Invoice Issue
Tags: CI; New giza; Smart; Software",Software,Unknown,Unknown,Unknown,Unknown,Unknown,System or software involved | Meter type: Electric or Water | Exact meter model | Exact error code or error message,Not available from verified source data.,none
28881,"Title: New Giza- Invoice Issue
Tags: CI; New giza; Smart; Software",Software,Unknown,Unknown,Unknown,Unknown,Unknown,System or software involved | Meter type: Electric or Water | Exact meter model | Exact error code or error message,Not available from verified source data.,none
28880,"Title: Amwaj- Card Inlet is broken
Tags: Amwaj; Hardware; PEM; PI",Hardware,Unknown,Unknown,Unknown,Unknown,Unknown,System or software involved | Meter type: Electric or Water | Exact meter model | Exact error code or error message,Not available from verified source data.,none
28879,"Title: BDC- Technical Report
Tags: BDC; Hardware; PEM; PI",Hardware,Unknown,Unknown,Unknown,Unknown,Unknown,System or software involved | Meter type: Electric or Water | Exact meter model | Exact error code or error message,Not available from verified source data.,none
28878,"Title: Prime - Write Card Issue
Tags: CI; Meterverse; Prime; Software",Software,MeterVerse,Unknown,Unknown,Unknown,Unknown,Meter type: Electric or Water | Exact meter model | Exact error code or error message,Not available from verified source data.,none
28877,"Title: Elkhamayel- Check meter last charge and the settlements
Tags: aqua; ElKhamayl; PI; Software",Software,Aqua,Unknown,Unknown,Unknown,Unknown,Meter type: Electric or Water | Exact meter model | Exact error code or error message,Not available from verified source data.,none
28876,"Title: Dunes- Change Meter activity type
Tags: aqua; CI; Dunes; Software",Software,Aqua,Unknown,Unknown,Unknown,Unknown,Meter type: Electric or Water | Exact meter model | Exact error code or error message,Not available from verified source data.,none
28875,"Title: El Ahly Momken - Integration with Cyshield Inquiry
Tags: CI; El Ahly Momken; Inquiry; Software",Software,Unknown,Unknown,Unknown,Unknown,Unknown,System or software involved | Meter type: Electric or Water | Exact meter model | Exact error code or error message,Not available from verified source data.,none
28874,"Title: Dunes- Change Tariff
Tags: aqua; CI; Dunes; Software",Software,Aqua,Unknown,Unknown,Unknown,Unknown,Meter type: Electric or Water | Exact meter model | Exact error code or error message,Not available from verified source data.,none
28873,"Title: Dunes- Troubleshoot meter consumption
Tags: aqua; CI; Dunes; Software",Software,Aqua,Unknown,Unknown,Unknown,Unknown,Meter type: Electric or Water | Exact meter model | Exact error code or error message,Not available from verified source data.,none
28872,"Title: Remco- STS- Inquiry about force close card
Tags: CI; Hardware; PWM; REMCO",Software|Hardware,Unknown,Unknown,Unknown,Unknown,Unknown,System or software involved | Meter type: Electric or Water | Exact meter model | Exact error code or error message,Not available from verified source data.,none
28871,"Title: MEDC- Maintenance Follow up
Tags: Hardware; MEDC; PEM; PI",Hardware,Unknown,Unknown,Unknown,Unknown,Unknown,System or software involved | Meter type: Electric or Water | Exact meter model | Exact error code or error message,Not available from verified source data.,none
28870,"Title: El Gouna - MT300 Electrical Meters Communication troubleshooting
Tags: CI; Elgouna; Hardware; O/S; PI; SEM",Hardware|Communication,Electric,Electric,Unknown,Unknown,Unknown,Exact meter model | Exact error code or error message,Not available from verified source data.,none
28869,"Title: New Damietta- Utility Water Meter Maintenance
Tags: Hardware; NUCA; PI; PWM; Utility; W",Hardware,Unknown,Water,Unknown,Unknown,Unknown,System or software involved | Exact meter model | Exact error code or error message,Not available from verified source data.,none
28868,"Title: Damietta- Utility Water Meter Maintenance
Tags: Hardware; HCWW; PI; PWM; Utility; W",Hardware,Unknown,Water,Unknown,Unknown,Unknown,System or software involved | Exact meter model | Exact error code or error message,Not available from verified source data.,none
28867,"Title: Banha- Utility Water Meter Maintenance
Tags: Hardware; HCWW; PI; PWM; Utility; W",Hardware,Unknown,Water,Unknown,Unknown,Unknown,System or software involved | Exact meter model | Exact error code or error message,Not available from verified source data.,none
28866,"Title: Private Sector Meters Maintenance Follow-up
Tags: Hardware; PI; Private; PWM; W",Hardware,Unknown,Unknown,Unknown,Unknown,Unknown,System or software involved | Meter type: Electric or Water | Exact meter model | Exact error code or error message,Not available from verified source data.,none
28865,"Title: 10th of Ramadan - Utility electrical meter maintenance
Tags: CDC; CI; Hardware; SEM; SLA; Utility",Hardware,Electric,Electric,Unknown,Unknown,Unknown,Exact meter model | Exact error code or error message,Not available from verified source data.,none
28864,"Title: Sun Capital - Electrical And Water Meters Communication troubleshooting
Tags: CI; Hardware; SEM; Suncapital; W",Hardware|Communication,Electric,Water|Electric,Unknown,Unknown,Unknown,Exact meter model | Exact error code or error message,Not available from verified source data.,none
28860,"Title: Sun Capital - Inquiry about reports
Tags: CI; Software; Suncapital; vending",Software,Vending,Unknown,Unknown,Unknown,Unknown,Meter type: Electric or Water | Exact meter model | Exact error code or error message,Not available from verified source data.,none
28859,"Title: New Giza: Editing Unit Name
Tags: CI; New giza; Smart; Software",Software,Unknown,Unknown,Unknown,Unknown,Unknown,System or software involved | Meter type: Electric or Water | Exact meter model | Exact error code or error message,Not available from verified source data.,none
28858,"Title: Electronile- Edit admin user password
Tags: CI; Electronile; Meterverse; Software",Software,MeterVerse,Unknown,Unknown,Unknown,Unknown,Meter type: Electric or Water | Exact meter model | Exact error code or error message,Not available from verified source data.,none
28857,"Title: Electronile- Add new user
Tags: CI; Electronile; Meterverse; Software",Software,MeterVerse,Unknown,Unknown,Unknown,Unknown,Meter type: Electric or Water | Exact meter model | Exact error code or error message,Not available from verified source data.,none
28856,"Title: Motawe- Tamper Report
Tags: Hardware; Motawe; PEM; PI",Hardware,Unknown,Unknown,Unknown,Unknown,Unknown,System or software involved | Meter type: Electric or Water | Exact meter model | Exact error code or error message,Not available from verified source data.,none
28855,"Title: Elkhamayel- Delete Deposit
System Info: Missing Feature
Tags: aqua; CI; ElKhamayl; Software",Software,Aqua,Unknown,Unknown,Unknown,Unknown,Meter type: Electric or Water | Exact meter model | Exact error code or error message,Not available from verified source data.,none
28852,"Title: Narges- Deposit Issue
System Info: Missing Feature
Tags: CI; Narges; Software; vending",Software,Vending,Unknown,Unknown,Unknown,Unknown,Meter type: Electric or Water | Exact meter model | Exact error code or error message,Not available from verified source data.,none
28851,"Title: Light Power- Install SMS and Backup old database
Tags: CI; Lightpower; SMS; Software",Software,Unknown,Unknown,Unknown,Unknown,Unknown,System or software involved | Meter type: Electric or Water | Exact meter model | Exact error code or error message,Not available from verified source data.,none
28849,"Title: Gouna- Check meters' communication
Tags: CI; Gouna; Smart; Software",Software|Communication,Unknown,Unknown,Unknown,Unknown,Unknown,System or software involved | Meter type: Electric or Water | Exact meter model | Exact error code or error message,Not available from verified source data.,none
28847,"Title: Hurghada Hub - Troubleshoot meters' problems
Tags: Hardware; Hurghada Hub; PI; PWM",Hardware,Unknown,Unknown,Unknown,Unknown,Unknown,System or software involved | Meter type: Electric or Water | Exact meter model | Exact error code or error message,Not available from verified source data.,none
28846,"Title: Sun Capital - Delete readings
System Info: Missing Feature
Tags: CI; Smart; Software; Suncapital",Software,Unknown,Unknown,Unknown,Unknown,Unknown,System or software involved | Meter type: Electric or Water | Exact meter model | Exact error code or error message,Not available from verified source data.,none
28845,"Title: Korra - Update tariff steps
Tags: aqua; CI; Korra; Software",Software,Aqua,Unknown,Unknown,Unknown,Unknown,Meter type: Electric or Water | Exact meter model | Exact error code or error message,Not available from verified source data.,none
28844,"Title: Remco - Check STS Tariff Card
Tags: CI; REMCO; Software; STS",Software,Unknown,Unknown,Unknown,Unknown,Unknown,System or software involved | Meter type: Electric or Water | Exact meter model | Exact error code or error message,Not available from verified source data.,none
28843,"Title: SC zone- Sonda Configuration
Tags: CI; MPMS3000; SC zone; Software",Software,Unknown,Unknown,Unknown,Unknown,Unknown,System or software involved | Meter type: Electric or Water | Exact meter model | Exact error code or error message,Not available from verified source data.,none
28842,"Title: Marriott Residence - Electrical & Water Meters Communication
Tags: Hardware; Marriott; PI; SEM; W",Hardware|Communication,Electric,Water|Electric,Unknown,Unknown,Unknown,Exact meter model | Exact error code or error message,Not available from verified source data.,none
28841,"Title: Motawe - Relay does not open when opening terminal cover
Tags: Hardware; Motawe Group; PEM; PI",Hardware,Unknown,Unknown,Unknown,Unknown,Unknown,System or software involved | Meter type: Electric or Water | Exact meter model | Exact error code or error message,Not available from verified source data.,none
28840,"Title: Sun Capital - Tariff Update
System Info: Missing Feature
Tags: CI; Smart; Software; Suncapital",Software,Unknown,Unknown,Unknown,Unknown,Unknown,System or software involved | Meter type: Electric or Water | Exact meter model | Exact error code or error message,Not available from verified source data.,none
28839,"Title: Elsadat- Utility Water meter maintenance
Tags: Hardware; NUCA; PI; PWM; Utility; W",Hardware,Unknown,Water,Unknown,Unknown,Unknown,System or software involved | Exact meter model | Exact error code or error message,Not available from verified source data.,none
28838,"Title: Electronile- Meterverse Update
Tags: Electronile; Meterverse; PI; Software",Software,MeterVerse,Unknown,Unknown,Unknown,Unknown,Meter type: Electric or Water | Exact meter model | Exact error code or error message,Not available from verified source data.,none
28837,"Title: Narges- Delete Power Factor Deposit
Tags: CI; Narges; Software; vending",Software,Vending,Unknown,Unknown,Unknown,Unknown,Meter type: Electric or Water | Exact meter model | Exact error code or error message,Not available from verified source data.,none
28836,"Title: Sun Capital - Electrical And Water Meters Communication troubleshooting
Tags: CI; Hardware; SEM; Suncapital; W",Hardware|Communication,Electric,Water|Electric,Unknown,Unknown,Unknown,Exact meter model | Exact error code or error message,Not available from verified source data.,none
28835,"Title: MEDC- Maintenance and cars follow up
Tags: Hardware; MEDC; PEM; PI",Hardware,Unknown,Unknown,Unknown,Unknown,Unknown,System or software involved | Meter type: Electric or Water | Exact meter model | Exact error code or error message,Not available from verified source data.,none
28834,"Title: Private Sector Meters Maintenance Follow-up
Tags: Hardware; PEM; PI; Private; W",Hardware,Unknown,Unknown,Unknown,Unknown,Unknown,System or software involved | Meter type: Electric or Water | Exact meter model | Exact error code or error message,Not available from verified source data.,none
28833,"Title: Mena Oasis- Maintenance Inquiry
Tags: Hardware; Mena Oasis; PI; PWM",Software|Hardware,Unknown,Unknown,Unknown,Unknown,Unknown,System or software involved | Meter type: Electric or Water | Exact meter model | Exact error code or error message,Not available from verified source data.,none
28832,"Title: 10th of Ramadan - Utility electrical meter maintenance
Tags: CDC; CI; Hardware; SEM; SLA; Utility",Hardware,Electric,Electric,Unknown,Unknown,Unknown,Exact meter model | Exact error code or error message,Not available from verified source data.,none
28649,"Title: Moona Sharm - Vending software down
Tags: CI; Moona; Software; vending",Software,Vending,Unknown,Unknown,Unknown,Unknown,Meter type: Electric or Water | Exact meter model | Exact error code or error message,Not available from verified source data.,none
28648,"Title: Selena bay - Can not charge cards
Tags: CI; Selena bay; Software; vending",Software,Vending,Unknown,Unknown,Unknown,Unknown,Meter type: Electric or Water | Exact meter model | Exact error code or error message,Not available from verified source data.,none
28647,"Title: Injaz - Get Device ID
Tags: CI; Injaz; Smart; Software",Software,Unknown,Unknown,Unknown,Unknown,Unknown,System or software involved | Meter type: Electric or Water | Exact meter model | Exact error code or error message,Not available from verified source data.,none
28646,"Title: ElAbd - Inquiry about friendly time
Tags: CI; ElAbd; Software; vending",Software,Vending,Unknown,Unknown,Unknown,Unknown,Meter type: Electric or Water | Exact meter model | Exact error code or error message,Not available from verified source data.,none
28645,"Title: Meter Verse: Initial Charge issue
Tags: Meterverse; PI; Software
History: @Ahmed Yasser can you describe more about your point",Software,MeterVerse,Unknown,Unknown,Unknown,Unknown,Meter type: Electric or Water | Exact meter model | Exact error code or error message,@Ahmed Yasser can you describe more about your point,history
28644,"Title: Cesar: Showing System setting
Tags: Cesar Bay; CI; Software; vending",Software,Vending,Unknown,Unknown,Unknown,Unknown,Meter type: Electric or Water | Exact meter model | Exact error code or error message,Not available from verified source data.,none
28643,"Title: Soma Bay: Adding New Tariff
Tags: CI; Smart; Software; Somabay",Software,Unknown,Unknown,Unknown,Unknown,Unknown,System or software involved | Meter type: Electric or Water | Exact meter model | Exact error code or error message,Not available from verified source data.,none
28642,"Title: New Giza: Invoices Issue
Tags: CI; New giza; Smart; Software",Software,Unknown,Unknown,Unknown,Unknown,Unknown,System or software involved | Meter type: Electric or Water | Exact meter model | Exact error code or error message,Not available from verified source data.,none
28641,"Title: New Giza: Checking meter consumption
Tags: CI; New giza; Software; vending",Software,Vending,Unknown,Unknown,Unknown,Unknown,Meter type: Electric or Water | Exact meter model | Exact error code or error message,Not available from verified source data.,none
28640,"Title: Power Electric: Deleting Charge station and making updates
Tags: CI; Meterverse; Power Electric; Software",Software,MeterVerse|Electric,Electric,Unknown,Unknown,Unknown,Exact meter model | Exact error code or error message,Not available from verified source data.,none
28639,"Title: Roaya - Invoice Issue
Tags: CI; roaya; Smart; Software",Software,Unknown,Unknown,Unknown,Unknown,Unknown,System or software involved | Meter type: Electric or Water | Exact meter model | Exact error code or error message,Not available from verified source data.,none
28637,"Title: Hurghada Hub- Reject 02 Tokens
System Info: Reject 02
Tags: CI; Hurghada Hub; Software; STS",Software,Unknown,Unknown,Unknown,02,Unknown,System or software involved | Meter type: Electric or Water | Exact meter model,Not available from verified source data.,none
28636,"Title: Hurghada Hub- Reset Meter
Tags: CI; Hurghada Hub; Software; STS",Software,Unknown,Unknown,Unknown,Unknown,Unknown,System or software involved | Meter type: Electric or Water | Exact meter model | Exact error code or error message,Not available from verified source data.,none
28635,"Title: SC zone- Training on how to change CT Ratio in MPMS3000
Tags: CI; MPMS3000; SC zone; Software",Software,Unknown,Unknown,Unknown,Unknown,Unknown,System or software involved | Meter type: Electric or Water | Exact meter model | Exact error code or error message,Not available from verified source data.,none
28634,"Title: Remco- Stella Marina- Issue STS Tariff Cards
Tags: CI; REMCO; Software; STS",Software,Unknown,Unknown,Unknown,Unknown,Unknown,System or software involved | Meter type: Electric or Water | Exact meter model | Exact error code or error message,Not available from verified source data.,none
28633,"Title: Elsewedy E&C- Change CT ratio for MT174
Tags: CI; Elsewedy E&C; meterview; Software",Software,Unknown,Unknown,Unknown,Unknown,Unknown,System or software involved | Meter type: Electric or Water | Exact meter model | Exact error code or error message,Not available from verified source data.,none
28632,"Title: Mountain View - Update electricity tariff
Tags: CI; Mountain View; Software; vending",Software,Vending|Electric,Electric,Unknown,Unknown,Unknown,Exact meter model | Exact error code or error message,Not available from verified source data.,none
28631,"Title: Mountain view - Can not add new tariff
Tags: Mountain View; PI; Software; vending",Software,Vending,Unknown,Unknown,Unknown,Unknown,Meter type: Electric or Water | Exact meter model | Exact error code or error message,Not available from verified source data.,none
28629,"Title: Aqua Marine - Get Device id
Tags: Aqua marine; CI; Meterverse; Software",Software,MeterVerse|Aqua,Unknown,Unknown,Unknown,Unknown,Meter type: Electric or Water | Exact meter model | Exact error code or error message,Not available from verified source data.,none
28628,"Title: Remco-Stella Residence- Issue STS tariff cards
Tags: CI; REMCO; Software; STS",Software,Unknown,Unknown,Unknown,Unknown,Unknown,System or software involved | Meter type: Electric or Water | Exact meter model | Exact error code or error message,Not available from verified source data.,none
28627,"Title: Remco - Stella Heights -Issue STS tariff cards
Tags: CI; REMCO; Software; STS",Software,Unknown,Unknown,Unknown,Unknown,Unknown,System or software involved | Meter type: Electric or Water | Exact meter model | Exact error code or error message,Not available from verified source data.,none
28626,"Title: Elsewedy E&C - Setting VT Ratio
Tags: CI; E&C; MPMS3000; Software",Software,Unknown,Unknown,Unknown,Unknown,Unknown,System or software involved | Meter type: Electric or Water | Exact meter model | Exact error code or error message,Not available from verified source data.,none
28625,"Title: Elsewedy E&C - Setting CT Ratio
Tags: CI; E&C; MPMS3000; Software",Software,Unknown,Unknown,Unknown,Unknown,Unknown,System or software involved | Meter type: Electric or Water | Exact meter model | Exact error code or error message,Not available from verified source data.,none
28624,"Title: Elsewedy E&C - Installing Sonda Driver
Tags: CI; E&C; MPMS3000; Software",Software,Unknown,Unknown,Unknown,Unknown,Unknown,System or software involved | Meter type: Electric or Water | Exact meter model | Exact error code or error message,Not available from verified source data.,none
28623,"Title: Emaar - Communication Issue
Tags: Emaar; PI; Smart; Software",Software|Communication,Unknown,Unknown,Unknown,Unknown,Unknown,System or software involved | Meter type: Electric or Water | Exact meter model | Exact error code or error message,Not available from verified source data.,none
28622,"Title: Narges Gas Station - Settlement Issue
Tags: Narges; PI; Software; vending",Software,Vending,Unknown,Unknown,Unknown,Unknown,Meter type: Electric or Water | Exact meter model | Exact error code or error message,Not available from verified source data.,none
28621,"Title: Light Power - Can not charge meter
Tags: CI; Lightpower; Software; STS",Software,Unknown,Unknown,Unknown,Unknown,Unknown,System or software involved | Meter type: Electric or Water | Exact meter model | Exact error code or error message,Not available from verified source data.,none
28620,"Title: Amwaj - Check Reports' Format
Tags: Amwaj; CI; Software; Visa",Software,Unknown,Unknown,Unknown,Unknown,Unknown,System or software involved | Meter type: Electric or Water | Exact meter model | Exact error code or error message,Not available from verified source data.,none
28619,"Title: Motawe Group - Old Vending Request
Tags: CI; Motawe Group; Software; vending",Software,Vending,Unknown,Unknown,Unknown,Unknown,Meter type: Electric or Water | Exact meter model | Exact error code or error message,Not available from verified source data.,none
28618,"Title: EkoMena- Info about some details in tariff penalties
Tags: CI; Eko Mena; Meterverse; Software",Software,MeterVerse,Unknown,Unknown,Unknown,Unknown,Meter type: Electric or Water | Exact meter model | Exact error code or error message,Not available from verified source data.,none
28617,"Title: EkoMena- Edit Initial charge value
Tags: CI; Eko Mena; Meterverse; Software",Software,MeterVerse,Unknown,Unknown,Unknown,Unknown,Meter type: Electric or Water | Exact meter model | Exact error code or error message,Not available from verified source data.,none
28616,"Title: EkoMena- How to edit in tariff
Tags: CI; Eko Mena; Meterverse; Software",Software,MeterVerse,Unknown,Unknown,Unknown,Unknown,Meter type: Electric or Water | Exact meter model | Exact error code or error message,Not available from verified source data.,none
28615,"Title: Light Power - Charge for customer on sts
Tags: CI; Lightpower; Software; STS",Software,Unknown,Unknown,Unknown,Unknown,Unknown,System or software involved | Meter type: Electric or Water | Exact meter model | Exact error code or error message,Not available from verified source data.,none
28614,"Title: Eko Mena- Info about MeterVerse Features
Tags: CI; Eko Mena; Meterverse; Software",Software,MeterVerse,Unknown,Unknown,Unknown,Unknown,Meter type: Electric or Water | Exact meter model | Exact error code or error message,Not available from verified source data.,none
28613,"Title: Sc Zone- MPMS3000 License Activation
Tags: CI; MPMS3000; SC zone; Software",Software,Unknown,Unknown,Unknown,Unknown,Unknown,System or software involved | Meter type: Electric or Water | Exact meter model | Exact error code or error message,Not available from verified source data.,none
28612,"Title: Amwaj- Card can not be read in Visa
Tags: Amwaj; CI; Software; Visa",Software,Unknown,Unknown,Unknown,Unknown,Unknown,System or software involved | Meter type: Electric or Water | Exact meter model | Exact error code or error message,Not available from verified source data.,none
28611,"Title: Waterway: Adding new tariff
Tags: CI; Software; vending; Waterway",Software,Vending,Water,Unknown,Unknown,Unknown,Exact meter model | Exact error code or error message,Not available from verified source data.,none
28610,"Title: Sun Capital - Missing charges from report
Tags: CI; Smart; Software; Suncapital",Software,Unknown,Unknown,Unknown,Unknown,Unknown,System or software involved | Meter type: Electric or Water | Exact meter model | Exact error code or error message,Not available from verified source data.,none
28608,"Title: New ElSalehya - Utility Water Meter Maintenance
Tags: Hardware; NUCA; PI; PWM; Utility; W",Hardware,Unknown,Water,Unknown,Unknown,Unknown,System or software involved | Exact meter model | Exact error code or error message,Not available from verified source data.,none
28606,"Title: EkoMena- Meter has alaram
Tags: CI; Eko Mena; Hardware; PEM",Hardware,Unknown,Unknown,Unknown,Unknown,Unknown,System or software involved | Meter type: Electric or Water | Exact meter model | Exact error code or error message,Not available from verified source data.,none
28605,"Title: Sun Capital - Electrical And Water Meters Communication troubleshooting
Tags: CI; Hardware; SEM; Suncapital; W",Hardware|Communication,Electric,Water|Electric,Unknown,Unknown,Unknown,Exact meter model | Exact error code or error message,Not available from verified source data.,none
28604,"Title: Private Sector Meters Maintenance Follow-up
Tags: Hardware; PI; Private; SEM; W",Hardware,Unknown,Unknown,Unknown,Unknown,Unknown,System or software involved | Meter type: Electric or Water | Exact meter model | Exact error code or error message,Not available from verified source data.,none
28603,"Title: SDDC- System Down
Tags: PI; SDDC; Software; vending",Software,Vending,Unknown,Unknown,Unknown,Unknown,Meter type: Electric or Water | Exact meter model | Exact error code or error message,Not available from verified source data.,none
28602,"Title: EkoMena- MeterVerse Update
Tags: Eko Mena; Meterverse; PI; Software",Software,MeterVerse,Unknown,Unknown,Unknown,Unknown,Meter type: Electric or Water | Exact meter model | Exact error code or error message,Not available from verified source data.,none
28601,"Title: Electronile - Meterverse Update
Tags: Electronile; Meterverse; PI; Software",Software,MeterVerse,Unknown,Unknown,Unknown,Unknown,Meter type: Electric or Water | Exact meter model | Exact error code or error message,Not available from verified source data.,none
28600,"Title: 10th of Ramadan - Electrical Meter Maintenance
Tags: CDC; CI; Hardware; SEM; SLA; Utility",Hardware,Electric,Electric,Unknown,Unknown,Unknown,Exact meter model | Exact error code or error message,Not available from verified source data.,none
28599,"Title: UpTown Cairo - Electrical & Water Meters New Configuration
Tags: Hardware; PI; SEM; SWM; Uptown Cairo; W",Hardware,Electric,Water|Electric,Unknown,Unknown,Unknown,Exact meter model | Exact error code or error message,Not available from verified source data.,none
28598,"Title: SCDC - Creating Maintenance Report
Tags: CI; Hardware; PEM; Scdc; Utility",Hardware,Unknown,Unknown,Unknown,Unknown,Unknown,System or software involved | Meter type: Electric or Water | Exact meter model | Exact error code or error message,Not available from verified source data.,none
28597,"Title: Meterverse Bug - Remove diameter option in settings
Tags: Meterverse; PI; Software
History: @Heba Touny can you please specify in which tabs",Software,MeterVerse,Unknown,Unknown,Unknown,Unknown,Meter type: Electric or Water | Exact meter model | Exact error code or error message,@Heba Touny can you please specify in which tabs,history
28596,"Title: Fanadir - Error 0103 with customer card
System Info: Err 0103
Tags: CI; Fanadir; Hardware; PEM",Hardware,Unknown,Unknown,Unknown,0103,Unknown,System or software involved | Meter type: Electric or Water | Exact meter model,Not available from verified source data.,none
28595,"Title: Chinese Mall- Exclude Card socket from virus threat
Tags: Chinese Mall; CI; Software; vending",Software,Vending,Unknown,Unknown,Unknown,Unknown,Meter type: Electric or Water | Exact meter model | Exact error code or error message,Not available from verified source data.,none
28594,"Title: Remco- Sokhna 1 - Get STS token data
Tags: CI; PVMS; REMCO; Software",Software,Unknown,Unknown,Unknown,Unknown,Unknown,System or software involved | Meter type: Electric or Water | Exact meter model | Exact error code or error message,Not available from verified source data.,none
28593,"Title: Power Electric- Delete meter from database
Tags: Hardware; Meterverse; PI; Power Electric",Software|Hardware,MeterVerse|Electric,Electric,Unknown,Unknown,Unknown,Exact meter model | Exact error code or error message,Not available from verified source data.,none
28592,"Title: Emaar - Marassi - Changing Tariff Date
Tags: Emaar; Marassi; Smart; Software",Software,Unknown,Unknown,Unknown,Unknown,Unknown,System or software involved | Meter type: Electric or Water | Exact meter model | Exact error code or error message,Not available from verified source data.,none
28591,"Title: Emaar - Uptown - Changing Tariff Date
Tags: Emaar; Smart; Software; Uptown Cairo",Software,Unknown,Unknown,Unknown,Unknown,Unknown,System or software involved | Meter type: Electric or Water | Exact meter model | Exact error code or error message,Not available from verified source data.,none
28590,"Title: Power electric- Edit activity types
Tags: CI; Meterverse; Power Electric; Software",Software,MeterVerse|Electric,Electric,Unknown,Unknown,Unknown,Exact meter model | Exact error code or error message,Not available from verified source data.,none
28589,"Title: Power Electric- Edit tariff
Tags: CI; Meterverse; Power Electric; Software",Software,MeterVerse|Electric,Electric,Unknown,Unknown,Unknown,Exact meter model | Exact error code or error message,Not available from verified source data.,none
28588,"Title: Power electric- activity type not available
Tags: CI; Meterverse; Power Electric; Software",Software,MeterVerse|Electric,Electric,Unknown,Unknown,Unknown,Exact meter model | Exact error code or error message,Not available from verified source data.,none
28587,"Title: Epower - Meters Maintenance Inquiry
Tags: CI; Epower; Hardware; Inquiry; PWM",Software|Hardware,Unknown,Unknown,Unknown,Unknown,Unknown,System or software involved | Meter type: Electric or Water | Exact meter model | Exact error code or error message,Not available from verified source data.,none
28586,"Title: ‏Elsewdy E&C - Meters Inquiry
Tags: CI; E&C; Hardware; Inquiry; PWM",Software|Hardware,Unknown,Unknown,Unknown,Unknown,Unknown,System or software involved | Meter type: Electric or Water | Exact meter model | Exact error code or error message,Not available from verified source data.,none
28585,"Title: Korra - Changing Tariff Inquiry
Tags: CI; Inquiry; Korra; Software; vending",Software,Vending,Unknown,Unknown,Unknown,Unknown,Meter type: Electric or Water | Exact meter model | Exact error code or error message,Not available from verified source data.,none
28584,"Title: La Vie - Error 106
System Info: E-106 and Reject 02
Tags: Hardware; lavie; PI; PWM; STS",Hardware,Unknown,Unknown,Unknown,106|02,Unknown,System or software involved | Meter type: Electric or Water | Exact meter model,Not available from verified source data.,none
28583,"Title: La Vie - Issuing Tokken Cards
System Info: Reject 02
Tags: CI; lavie; SMS; Software",Software,Unknown,Unknown,Unknown,02,Unknown,System or software involved | Meter type: Electric or Water | Exact meter model,Not available from verified source data.,none
28582,"Title: Electronile - Modifying Admin Role
Tags: CI; Electronile; Meterverse; Software",Software,MeterVerse,Unknown,Unknown,Unknown,Unknown,Meter type: Electric or Water | Exact meter model | Exact error code or error message,Not available from verified source data.,none
28581,"Title: Electronile - Adding Charging Role
Tags: CI; Electronile; Meterverse; Software",Software,MeterVerse,Unknown,Unknown,Unknown,Unknown,Meter type: Electric or Water | Exact meter model | Exact error code or error message,Not available from verified source data.,none
28580,"Title: Electronile - Adding New Users
Tags: CI; Electronile; Meterverse; Software",Software,MeterVerse,Unknown,Unknown,Unknown,Unknown,Meter type: Electric or Water | Exact meter model | Exact error code or error message,Not available from verified source data.,none
28579,"Title: Emaar - Marassi - Modifying Tariff
Tags: CI; Emaar; Marassi; Smart; Software",Software,Unknown,Unknown,Unknown,Unknown,Unknown,System or software involved | Meter type: Electric or Water | Exact meter model | Exact error code or error message,Not available from verified source data.,none
28578,"Title: Emaar - Uptown - Modifying Tariff
Tags: CI; Emaar; Smart; Software; Uptown Cairo",Software,Unknown,Unknown,Unknown,Unknown,Unknown,System or software involved | Meter type: Electric or Water | Exact meter model | Exact error code or error message,Not available from verified source data.,none
28577,"Title: Emaar - Uptown - Duplicated Meters
Tags: CI; Emaar; Smart; Software; Uptown Cairo",Software,Unknown,Unknown,Unknown,Unknown,Unknown,System or software involved | Meter type: Electric or Water | Exact meter model | Exact error code or error message,Not available from verified source data.,none
28576,"Title: Hurghada Hub- Info about reinitializing meter
Tags: Hardware; Hurghada Hub; PI; PWM",Hardware,Unknown,Unknown,Unknown,Unknown,Unknown,System or software involved | Meter type: Electric or Water | Exact meter model | Exact error code or error message,Not available from verified source data.,none
28575,"Title: Fouka Bay- Error when uploading delete readings template
Tags: CI; Fouka; Smart; Software",Software,Unknown,Unknown,Unknown,Unknown,Unknown,System or software involved | Meter type: Electric or Water | Exact meter model | Exact error code or error message,Not available from verified source data.,none
28574,"Title: Vernada- Mend Card with charge
Tags: aqua; CI; Software; Veranda",Software,Aqua,Unknown,Unknown,Unknown,Unknown,Meter type: Electric or Water | Exact meter model | Exact error code or error message,Not available from verified source data.,none
28573,"Title: SC Zone- Activate MPMS3000
Tags: CI; MPMS3000; SC zone; Software",Software,Unknown,Unknown,Unknown,Unknown,Unknown,System or software involved | Meter type: Electric or Water | Exact meter model | Exact error code or error message,Not available from verified source data.,none
28572,"Title: Azurra - Rejected 02
System Info: Rejected 02
Tags: Azurra; CI; Hardware; PWM",Hardware,Unknown,Unknown,Unknown,Unknown,Unknown,System or software involved | Meter type: Electric or Water | Exact meter model | Exact error code or error message,Not available from verified source data.,none
28571,"Title: Azurra - Rejected 02
System Info: Rejected 02
Tags: Azurra; CI; Hardware; PWM",Hardware,Unknown,Unknown,Unknown,Unknown,Unknown,System or software involved | Meter type: Electric or Water | Exact meter model | Exact error code or error message,Not available from verified source data.,none
28570,"Title: Remco Stella Marina- Get STS data
Tags: CI; PVMS; REMCO; Software",Software,Unknown,Unknown,Unknown,Unknown,Unknown,System or software involved | Meter type: Electric or Water | Exact meter model | Exact error code or error message,Not available from verified source data.,none
28569,"Title: Remco Stella Heights- Get STS data
Tags: CI; PVMS; REMCO; Software",Software,Unknown,Unknown,Unknown,Unknown,Unknown,System or software involved | Meter type: Electric or Water | Exact meter model | Exact error code or error message,Not available from verified source data.,none
28568,"Title: Fouka- Check consumptions of meters
Tags: CI; Fouka; Smart; Software",Software,Unknown,Unknown,Unknown,Unknown,Unknown,System or software involved | Meter type: Electric or Water | Exact meter model | Exact error code or error message,Not available from verified source data.,none
28567,"Title: Fouka Bay- Add meters to symbiot
Tags: CI; Fouka; Smart; Software",Software,Symbiot,Unknown,Unknown,Unknown,Unknown,Meter type: Electric or Water | Exact meter model | Exact error code or error message,Not available from verified source data.,none
28566,"Title: Azurra - Err 43 on 3 phase meter
System Info: Err 43
Tags: Azurra; CI; Hardware; PEM",Hardware,Unknown,Unknown,Unknown,43,Unknown,System or software involved | Meter type: Electric or Water | Exact meter model,Not available from verified source data.,none
28565,"Title: Emdad- Get total number of meters from database
Tags: aqua; CI; Emdad; Software",Software,Aqua,Unknown,Unknown,Unknown,Unknown,Meter type: Electric or Water | Exact meter model | Exact error code or error message,Not available from verified source data.,none
28564,"Title: Fouka - Customer balance issue
Tags: CI; Fouka; Smart; Software",Software,Unknown,Unknown,Unknown,Unknown,Unknown,System or software involved | Meter type: Electric or Water | Exact meter model | Exact error code or error message,Not available from verified source data.,none
28563,"Title: Fouka -Edit tariff - customer service
Tags: CI; Fouka; Smart; Software",Software,Unknown,Unknown,Unknown,Unknown,Unknown,System or software involved | Meter type: Electric or Water | Exact meter model | Exact error code or error message,Not available from verified source data.,none
28562,"Title: NCDC: PEM Error
System Info: Error: Err-1043
Tags: CI; Hardware; NCDC; PEM",Hardware,Unknown,Unknown,Unknown,1043,Unknown,System or software involved | Meter type: Electric or Water | Exact meter model,Not available from verified source data.,none
28561,"Title: Bohoo: Uninstall and instal meter
Tags: aqua; Bohoo; CI; Software",Software,Aqua,Unknown,Unknown,Unknown,Unknown,Meter type: Electric or Water | Exact meter model | Exact error code or error message,Not available from verified source data.,none
28560,"Title: Prime: Migration from aqua to meterverse
Tags: Meterverse; PI; Prime; Software",Software,MeterVerse|Aqua,Unknown,Unknown,Unknown,Unknown,Meter type: Electric or Water | Exact meter model | Exact error code or error message,Not available from verified source data.,none
28559,"Title: Hurghada Hub - Reject 02
System Info: Reject 02
Tags: Hardware; Hurghada; PI; PWM",Hardware,Unknown,Unknown,Unknown,02,Unknown,System or software involved | Meter type: Electric or Water | Exact meter model,Not available from verified source data.,none
28558,"Title: Light Power - Valve open/close
Tags: CI; Hardware; Lightpower; PWM",Hardware,Unknown,Unknown,Unknown,Unknown,Unknown,System or software involved | Meter type: Electric or Water | Exact meter model | Exact error code or error message,Not available from verified source data.,none
28557,"Title: Azurra - Rejected 02
System Info: Rejecetd 02
Tags: Azurra; CI; Hardware; PWM",Hardware,Unknown,Unknown,Unknown,Unknown,Unknown,System or software involved | Meter type: Electric or Water | Exact meter model | Exact error code or error message,Not available from verified source data.,none
28556,"Title: Ekomena- Reports display issue
Tags: Eko Mena; Meterverse; PI; Software",Software|Hardware,MeterVerse,Unknown,Unknown,Unknown,Unknown,Meter type: Electric or Water | Exact meter model | Exact error code or error message,Not available from verified source data.,none
28555,"Title: Fouka Bay- Error 500 when uploading manual template
System Info: Error 500
Tags: CI; Fouka; Smart; Software",Software,Unknown,Unknown,Unknown,500,Unknown,System or software involved | Meter type: Electric or Water | Exact meter model,Not available from verified source data.,none
28554,"Title: Elsewedy E&C- Inquiry about control cards
Tags: CI; Elsewedy E&C; Hardware; PEM",Software|Hardware,Unknown,Unknown,Unknown,Unknown,Unknown,System or software involved | Meter type: Electric or Water | Exact meter model | Exact error code or error message,Not available from verified source data.,none
28553,"Title: Injaz - CT ratio cards
Tags: CI; Injaz; Software; vending",Software,Vending,Unknown,Unknown,Unknown,Unknown,Meter type: Electric or Water | Exact meter model | Exact error code or error message,Not available from verified source data.,none
28552,"Title: MEDC- Maintenance follow up
Tags: Hardware; MEDC; PEM; PI",Hardware,Unknown,Unknown,Unknown,Unknown,Unknown,System or software involved | Meter type: Electric or Water | Exact meter model | Exact error code or error message,Not available from verified source data.,none
28543,"Title: Behira - Utility water meter maintenance
Tags: Hardware; HCWW; PI; PWM; Utility; W",Hardware,Unknown,Water,Unknown,Unknown,Unknown,System or software involved | Exact meter model | Exact error code or error message,Not available from verified source data.,none
28542,"Title: Private Sector Meters Maintenance Follow-up
Tags: Hardware; PI; Private; PWM; W",Hardware,Unknown,Unknown,Unknown,Unknown,Unknown,System or software involved | Meter type: Electric or Water | Exact meter model | Exact error code or error message,Not available from verified source data.,none
28541,"Title: Marassi North Coast - Electrical & Water Meters New Configuration
Tags: Hardware; Marassi; PI; SEM; SWM; W",Hardware,Electric,Water|Electric,Unknown,Unknown,Unknown,Exact meter model | Exact error code or error message,Not available from verified source data.,none
28540,"Title: Sun Capital - Electrical And Water Meters Communication troubleshooting
Tags: CI; Hardware; SEM; Suncapital; W",Hardware|Communication,Electric,Water|Electric,Unknown,Unknown,Unknown,Exact meter model | Exact error code or error message,Not available from verified source data.,none
28539,"Title: Roaya - Invoice Issue
Tags: PI; roaya; Smart; Software",Software,Unknown,Unknown,Unknown,Unknown,Unknown,System or software involved | Meter type: Electric or Water | Exact meter model | Exact error code or error message,Not available from verified source data.,none
28538,"Title: Roaya - Changing Meter Status
Tags: CI; roaya; Smart; Software",Software,Unknown,Unknown,Unknown,Unknown,Unknown,System or software involved | Meter type: Electric or Water | Exact meter model | Exact error code or error message,Not available from verified source data.,none
28537,"Title: Cornado- Inquiry about tariff in aqua system
Tags: aqua; CI; Cornado; Software",Software,Aqua,Unknown,Unknown,Unknown,Unknown,Meter type: Electric or Water | Exact meter model | Exact error code or error message,Not available from verified source data.,none
28536,"Title: ElAdb- Error 106 in PWM
System Info: E-106
Tags: ElAbd; Hardware; PI; PWM",Hardware,Unknown,Unknown,Unknown,106,Unknown,System or software involved | Meter type: Electric or Water | Exact meter model,Not available from verified source data.,none
28535,"Title: Hurghada Hub- Put token on meter
System Info: Reject 02
Tags: Hardware; Hurghada; PI; PWM",Hardware,Unknown,Unknown,Unknown,02,Unknown,System or software involved | Meter type: Electric or Water | Exact meter model,Not available from verified source data.,none
28534,"Title: Cornado - Inquiry about tariff meter page in aqua
Tags: CI; Cornado; Hardware; PEM",Software|Hardware,Aqua,Unknown,Unknown,Unknown,Unknown,Meter type: Electric or Water | Exact meter model | Exact error code or error message,Not available from verified source data.,none
28533,"Title: Roaya - Change Meter Status
Tags: CI; roaya; Smart; Software",Software,Unknown,Unknown,Unknown,Unknown,Unknown,System or software involved | Meter type: Electric or Water | Exact meter model | Exact error code or error message,Not available from verified source data.,none
28532,"Title: Emaar - Marassi - Connect/Disconnect issue
Tags: CI; Emaar; Smart; Software",Software,Unknown,Unknown,Unknown,Unknown,Unknown,System or software involved | Meter type: Electric or Water | Exact meter model | Exact error code or error message,Not available from verified source data.,none
28531,"Title: Fouka Bay- Follow up on reversed meters
Tags: Fouka; PI; Smart; Software",Software,Unknown,Unknown,Unknown,Unknown,Unknown,System or software involved | Meter type: Electric or Water | Exact meter model | Exact error code or error message,Not available from verified source data.,none
28530,"Title: ElAbd - Inquiry about customer consumption
Tags: aqua; CI; ElAbd; Software",Software,Aqua,Unknown,Unknown,Unknown,Unknown,Meter type: Electric or Water | Exact meter model | Exact error code or error message,Not available from verified source data.,none
28529,"Title: Power Electric - Steps to reset meter
Tags: CI; Meterverse; Power Electric; Software",Software,MeterVerse|Electric,Electric,Unknown,Unknown,Unknown,Exact meter model | Exact error code or error message,Not available from verified source data.,none
28528,"Title: Power Electric - Steps for backup
Tags: CI; Meterverse; Power Electric; Software",Software,MeterVerse|Electric,Electric,Unknown,Unknown,Unknown,Exact meter model | Exact error code or error message,Not available from verified source data.,none
28527,"Title: Power electric - Add technician on software
Tags: CI; Meterverse; Power Electric; Software",Software,MeterVerse|Electric,Electric,Unknown,Unknown,Unknown,Exact meter model | Exact error code or error message,Not available from verified source data.,none
28526,"Title: Roaya - Modifying Tariff Issue
Tags: CI; roaya; Smart; Software",Software,Unknown,Unknown,Unknown,Unknown,Unknown,System or software involved | Meter type: Electric or Water | Exact meter model | Exact error code or error message,Not available from verified source data.,none
28525,"Title: Epower - Meter Maintenance Inquiry
Tags: CI; Epower; Hardware; Inquiry; PWM; SEM",Software|Hardware,Unknown,Unknown,Unknown,Unknown,Unknown,System or software involved | Meter type: Electric or Water | Exact meter model | Exact error code or error message,Not available from verified source data.,none
28524,"Title: Power Electric - Meter overload inquiry
Tags: CI; Hardware; PEM; Power Electric",Software|Hardware,Electric,Electric,Unknown,Unknown,Unknown,Exact meter model | Exact error code or error message,Not available from verified source data.,none
28523,"Title: Power Electric - Creating Sub Company
Tags: CI; Meterverse; Power Electric; Software",Software,MeterVerse|Electric,Electric,Unknown,Unknown,Unknown,Exact meter model | Exact error code or error message,Not available from verified source data.,none
28522,"Title: Sidewalk - Getting Device ID
Tags: CI; Sidewalk; Software; vending",Software,Vending,Unknown,Unknown,Unknown,Unknown,Meter type: Electric or Water | Exact meter model | Exact error code or error message,Not available from verified source data.,none
28521,"Title: Elsewedy E&C - Meterview Inquiry
Tags: CI; E&C; Inquiry; meterview; Software",Software,Unknown,Unknown,Unknown,Unknown,Unknown,System or software involved | Meter type: Electric or Water | Exact meter model | Exact error code or error message,Not available from verified source data.,none
28520,"Title: Makadi - Modifying Tariff
Tags: CI; Makadi; Software; vending",Software,Vending,Unknown,Unknown,Unknown,Unknown,Meter type: Electric or Water | Exact meter model | Exact error code or error message,Not available from verified source data.,none
28519,"Title: Light power - Meter should be dismantled
Tags: CI; Hardware; Lightpower; PEM",Hardware,Unknown,Unknown,Unknown,Unknown,Unknown,System or software involved | Meter type: Electric or Water | Exact meter model | Exact error code or error message,Not available from verified source data.,none
28517,"Title: Emaar - Marassi - Tariff Issue
Tags: CI; Emaar; Marassi; Smart; Software",Software,Unknown,Unknown,Unknown,Unknown,Unknown,System or software involved | Meter type: Electric or Water | Exact meter model | Exact error code or error message,Not available from verified source data.,none
28515,"Title: Bohoo - Add meter on software and link to customer
Tags: aqua; Bohoo; CI; Software",Software,Aqua,Unknown,Unknown,Unknown,Unknown,Meter type: Electric or Water | Exact meter model | Exact error code or error message,Not available from verified source data.,none
28514,"Title: Private Sector Meters Maintenance Follow-up
Tags: Hardware; PEM; PI; Private; W",Hardware,Unknown,Unknown,Unknown,Unknown,Unknown,System or software involved | Meter type: Electric or Water | Exact meter model | Exact error code or error message,Not available from verified source data.,none
28513,"Title: SCDC - Haram - Meeting to investigate the Relay card issue
Tags: CI; Hardware; PEM; PI; Scdc; Utility; W",Hardware,Unknown,Unknown,Unknown,Unknown,Unknown,System or software involved | Meter type: Electric or Water | Exact meter model | Exact error code or error message,Not available from verified source data.,none
28512,"Title: MEDC- Follow up on meters' delivery
Tags: Hardware; MEDC; PEM; PI",Hardware,Unknown,Unknown,Unknown,Unknown,Unknown,System or software involved | Meter type: Electric or Water | Exact meter model | Exact error code or error message,Not available from verified source data.,none
28511,"Title: Malibu- Add deposit for meter
Tags: aqua; CI; Malibu; Software",Software,Aqua,Unknown,Unknown,Unknown,Unknown,Meter type: Electric or Water | Exact meter model | Exact error code or error message,Not available from verified source data.,none
28510,"Title: Emaar - Marassi - Uploading Readings Issue
Tags: CI; Emaar; Marassi; Smart; Software",Software,Unknown,Unknown,Unknown,Unknown,Unknown,System or software involved | Meter type: Electric or Water | Exact meter model | Exact error code or error message,Not available from verified source data.,none
28509,"Title: Alex - change user role and delete Hanofi's account
Tags: Alex; CI; Software; vending",Software,Vending,Unknown,Unknown,Unknown,Unknown,Meter type: Electric or Water | Exact meter model | Exact error code or error message,Not available from verified source data.,none
28508,"Title: Malibu- Tariff Diff Inquiry
Tags: Hardware; Malibu; PI; PWM",Software|Hardware,Unknown,Unknown,Unknown,Unknown,Unknown,System or software involved | Meter type: Electric or Water | Exact meter model | Exact error code or error message,Not available from verified source data.,none
28507,"Title: Sun Capital - Reports
Tags: CI; Smart; Software; Suncapital",Software,Unknown,Unknown,Unknown,Unknown,Unknown,System or software involved | Meter type: Electric or Water | Exact meter model | Exact error code or error message,Not available from verified source data.,none
28506,"Title: Azurra - Vending services down
Tags: Azurra; CI; Software; vending",Software,Vending,Unknown,Unknown,Unknown,Unknown,Meter type: Electric or Water | Exact meter model | Exact error code or error message,Not available from verified source data.,none
28505,"Title: October- Utility water meter maintanence
Tags: Hardware; NUCA; PI; PWM; Utility; W",Hardware,Unknown,Water,Unknown,Unknown,Unknown,System or software involved | Exact meter model | Exact error code or error message,Not available from verified source data.,none
28504,"Title: Zayed- Utility water meter maintanence
Tags: Hardware; NUCA; PI; PWM; Utility; W",Hardware,Unknown,Water,Unknown,Unknown,Unknown,System or software involved | Exact meter model | Exact error code or error message,Not available from verified source data.,none
28503,"Title: Amwaj- Check reports' format
Tags: Amwaj; CI; Software; Visa",Software,Unknown,Unknown,Unknown,Unknown,Unknown,System or software involved | Meter type: Electric or Water | Exact meter model | Exact error code or error message,Not available from verified source data.,none
28502,"Title: Hurghada Hub- Steps to solve charging problem
Tags: Hardware; Hurghada Hub; PI; PWM",Hardware,Unknown,Unknown,Unknown,Unknown,Unknown,System or software involved | Meter type: Electric or Water | Exact meter model | Exact error code or error message,Not available from verified source data.,none
28501,"Title: Azurra - Err 41 on 3 phase meter
System Info: Err 41
Tags: Azurra; CI; Hardware; PEM",Hardware,Unknown,Unknown,Unknown,41,Unknown,System or software involved | Meter type: Electric or Water | Exact meter model,Not available from verified source data.,none
28500,"Title: Utilities - Point 90 - Issuing CT Ratio Cards
Tags: CI; Software; Utilities; Visa",Software,Unknown,Unknown,Unknown,Unknown,Unknown,System or software involved | Meter type: Electric or Water | Exact meter model | Exact error code or error message,Not available from verified source data.,none
28499,"Title: Cornado- Meter valve keeps closing
Tags: CI; Cornado; Hardware; PWM",Hardware,Unknown,Unknown,Unknown,Unknown,Unknown,System or software involved | Meter type: Electric or Water | Exact meter model | Exact error code or error message,Not available from verified source data.,none
28498,"Title: Marassi North Coast - Electrical & Water Meters New Configuration
Tags: Hardware; Marassi; PI; SEM; SWM; W",Hardware,Electric,Water|Electric,Unknown,Unknown,Unknown,Exact meter model | Exact error code or error message,Not available from verified source data.,none
28497,"Title: ElKhamayel - Reset meter
Tags: aqua; CI; ElKhamayl; Software",Software,Aqua,Unknown,Unknown,Unknown,Unknown,Meter type: Electric or Water | Exact meter model | Exact error code or error message,Not available from verified source data.,none
28496,"Title: Ecklat - Err 40 with mend card
System Info: Err 40
Tags: CI; Ecklat; Hardware; PEM",Hardware,Unknown,Unknown,Unknown,40,Unknown,System or software involved | Meter type: Electric or Water | Exact meter model,Not available from verified source data.,none
28495,"Title: 10th of Ramadan - Electrical Meter Maintenance
Tags: CDC; CI; Hardware; PI; SEM; SLA; Utility",Hardware,Electric,Electric,Unknown,Unknown,Unknown,Exact meter model | Exact error code or error message,Not available from verified source data.,none
28494,"Title: Utilities - Point 90 - Getting System Number
Tags: CI; Software; Utilities; vending",Software,Vending,Unknown,Unknown,Unknown,Unknown,Meter type: Electric or Water | Exact meter model | Exact error code or error message,Not available from verified source data.,none
28493,"Title: Sun Capital - Electrical and Water Meters Communication Troubleshooting
Tags: Hardware; PI; SEM; Suncapital; W",Hardware|Communication,Electric,Water|Electric,Unknown,Unknown,Unknown,Exact meter model | Exact error code or error message,Not available from verified source data.,none
28492,"Title: Courtyard - Update customer service
Tags: CI; Courtyard; Software; Visa",Software,Unknown,Unknown,Unknown,Unknown,Unknown,System or software involved | Meter type: Electric or Water | Exact meter model | Exact error code or error message,Not available from verified source data.,none
28491,"Title: Electronile - Changing Sub Company Name
Tags: CI; Electronile; Meterverse; Software",Software,MeterVerse,Unknown,Unknown,Unknown,Unknown,Meter type: Electric or Water | Exact meter model | Exact error code or error message,Not available from verified source data.,none
28490,"Title: Electronile - Changing Main Company Name
Tags: CI; Electronile; Meterverse; Software",Software,MeterVerse,Unknown,Unknown,Unknown,Unknown,Meter type: Electric or Water | Exact meter model | Exact error code or error message,Not available from verified source data.,none
28489,"Title: Adding options for max loading in meterverse
Tags: Meterverse; Software",Software,MeterVerse,Unknown,Unknown,Unknown,Unknown,Meter type: Electric or Water | Exact meter model | Exact error code or error message,Not available from verified source data.,none
28488,"Title: Fouka Bay- Follow Up on reversed meters
Tags: CI; Fouka; Smart; Software",Software,Unknown,Unknown,Unknown,Unknown,Unknown,System or software involved | Meter type: Electric or Water | Exact meter model | Exact error code or error message,Not available from verified source data.,none
28487,"Title: Hurghada Hub- Reject 02
System Info: Reject 02
Tags: Hardware; Hurghada Hub; PEM; PI",Hardware,Unknown,Unknown,Unknown,02,Unknown,System or software involved | Meter type: Electric or Water | Exact meter model,Not available from verified source data.,none
28485,"Title: Power Electric - Update customer details
Tags: CI; Meterverse; Power Electric; Software",Software,MeterVerse|Electric,Electric,Unknown,Unknown,Unknown,Exact meter model | Exact error code or error message,Not available from verified source data.,none
28484,"Title: Amwaj- Delete Charge
Tags: Amwaj; CI; Software; vending",Software,Vending,Unknown,Unknown,Unknown,Unknown,Meter type: Electric or Water | Exact meter model | Exact error code or error message,Not available from verified source data.,none
28483,"Title: Emaar - Marassi - Duplicated Meters
Tags: CI; Emaar; Smart; Software",Software,Unknown,Unknown,Unknown,Unknown,Unknown,System or software involved | Meter type: Electric or Water | Exact meter model | Exact error code or error message,Not available from verified source data.,none
28450,"Title: Korra - Piacera - Charge details
Tags: CI; Korra; Software; vending",Software,Vending,Unknown,Unknown,Unknown,Unknown,Meter type: Electric or Water | Exact meter model | Exact error code or error message,Not available from verified source data.,none
28448,"Title: Korra - Setting time and date
Tags: Korra; PI; Software; vending",Software,Vending,Unknown,Unknown,Unknown,Unknown,Meter type: Electric or Water | Exact meter model | Exact error code or error message,Not available from verified source data.,none
28446,"Title: Hurghada Hub - Issue New Tariff Card
Tags: CI; Hurghada Hub; Software; STS",Software,Unknown,Unknown,Unknown,Unknown,Unknown,System or software involved | Meter type: Electric or Water | Exact meter model | Exact error code or error message,Not available from verified source data.,none
28445,"Title: Sidi abdelrahman - Update tariff
Tags: CI; Software; Stella; STS",Software,Unknown,Unknown,Unknown,Unknown,Unknown,System or software involved | Meter type: Electric or Water | Exact meter model | Exact error code or error message,Not available from verified source data.,none
28444,"Title: Hurghada Hub- Troubleshoot Charging problem
Tags: CI; Hurghada Hub; Software; STS",Software,Unknown,Unknown,Unknown,Unknown,Unknown,System or software involved | Meter type: Electric or Water | Exact meter model | Exact error code or error message,Not available from verified source data.,none
28443,"Title: SC zone- Get codes for MPMS3000
Tags: CI; MPMS3000; SC zone; Software",Software,Unknown,Unknown,Unknown,Unknown,Unknown,System or software involved | Meter type: Electric or Water | Exact meter model | Exact error code or error message,Not available from verified source data.,none
28442,"Title: MEDC- Maintenance Follow up
Tags: Hardware; MEDC; PEM; PI",Hardware,Unknown,Unknown,Unknown,Unknown,Unknown,System or software involved | Meter type: Electric or Water | Exact meter model | Exact error code or error message,Not available from verified source data.,none
28441,"Title: Cornado- Inquiry about tariff in aqua software
Tags: aqua; CI; Cornado; Software",Software,Aqua,Unknown,Unknown,Unknown,Unknown,Meter type: Electric or Water | Exact meter model | Exact error code or error message,Not available from verified source data.,none
28440,"Title: Sidi abdelrahman - Update tariff
Tags: CI; Software; Stella; STS",Software,Unknown,Unknown,Unknown,Unknown,Unknown,System or software involved | Meter type: Electric or Water | Exact meter model | Exact error code or error message,Not available from verified source data.,none
28439,"Title: Obour - Utility water meter maintenance
Tags: CI; Hardware; NUCA; PWM; Utility; W",Hardware,Unknown,Water,Unknown,Unknown,Unknown,System or software involved | Exact meter model | Exact error code or error message,Not available from verified source data.,none
28438,"Title: SCDC - Ayyat - Creating Inspection Report
Tags: Hardware; PEM; PI; Scdc; Utility; W",Hardware,Unknown,Unknown,Unknown,Unknown,Unknown,System or software involved | Meter type: Electric or Water | Exact meter model | Exact error code or error message,Not available from verified source data.,none
28437,"Title: Private Sector Water Meters New Configuration
Tags: Hardware; PI; Private; PWM; W",Hardware,Unknown,Water,Unknown,Unknown,Unknown,System or software involved | Exact meter model | Exact error code or error message,Not available from verified source data.,none
28436,"Title: Korra - Tariff difference settlement
Tags: CI; Korra; Software; vending",Software,Vending,Unknown,Unknown,Unknown,Unknown,Meter type: Electric or Water | Exact meter model | Exact error code or error message,Not available from verified source data.,none
28435,"Title: Almaza Bay _Travco - Electrical Meters Communication troubleshooting
Tags: CI; Hardware; O/S; SEM; Travco",Hardware|Communication,Electric,Electric,Unknown,Unknown,Unknown,Exact meter model | Exact error code or error message,Not available from verified source data.,none
28434,"Title: Private Sector Meters Maintenance Follow-up
Tags: Hardware; PI; Private; SEM; W",Hardware,Unknown,Unknown,Unknown,Unknown,Unknown,System or software involved | Meter type: Electric or Water | Exact meter model | Exact error code or error message,Not available from verified source data.,none
28433,"Title: Azurra - Rejected 02
System Info: Rejected 02
Tags: Azurra; CI; Hardware; PWM",Hardware,Unknown,Unknown,Unknown,Unknown,Unknown,System or software involved | Meter type: Electric or Water | Exact meter model | Exact error code or error message,Not available from verified source data.,none
28431,"Title: Epower - Valve does not open/close correctly with E-106
System Info: E-106
Tags: CI; Epower; Hardware; PWM",Hardware,Unknown,Unknown,Unknown,106,Unknown,System or software involved | Meter type: Electric or Water | Exact meter model,Not available from verified source data.,none
28430,"Title: Azurra - Rejected 02
System Info: Rejected 02
Tags: Azurra; CI; Hardware; PWM",Hardware,Unknown,Unknown,Unknown,Unknown,Unknown,System or software involved | Meter type: Electric or Water | Exact meter model | Exact error code or error message,Not available from verified source data.,none
28429,"Title: New Cairo - Utility water meter maintenance
Tags: Hardware; NUCA; PI; PWM; Utility; W",Hardware,Unknown,Water,Unknown,Unknown,Unknown,System or software involved | Exact meter model | Exact error code or error message,Not available from verified source data.,none
28428,"Title: New Obour - Utility water meter maintenance
Tags: CI; Hardware; NUCA; PWM; Utility; W",Hardware,Unknown,Water,Unknown,Unknown,Unknown,System or software involved | Exact meter model | Exact error code or error message,Not available from verified source data.,none
28427,"Title: Stone residence - Checking failed communication meters
Tags: CI; Hardware; O/S; PI; SEM; Stone residence",Hardware|Communication,Unknown,Unknown,Unknown,Unknown,Unknown,System or software involved | Meter type: Electric or Water | Exact meter model | Exact error code or error message,Not available from verified source data.,none
28426,"Title: Utilities - Delete charge
Tags: CI; Software; Utilities; vending",Software,Vending,Unknown,Unknown,Unknown,Unknown,Meter type: Electric or Water | Exact meter model | Exact error code or error message,Not available from verified source data.,none
28425,"Title: Emaar - Marassi - Meter duplication
Tags: CI; Emaar; Smart; Software",Software,Unknown,Unknown,Unknown,Unknown,Unknown,System or software involved | Meter type: Electric or Water | Exact meter model | Exact error code or error message,Not available from verified source data.,none
28424,"Title: New Giza - Update meter name
Tags: CI; Newgiza; Smart; Software",Software,Unknown,Unknown,Unknown,Unknown,Unknown,System or software involved | Meter type: Electric or Water | Exact meter model | Exact error code or error message,Not available from verified source data.,none
28423,"Title: Fouka Bay - Wrong readings
Tags: CI; Fouka; Smart; Software",Software,Unknown,Unknown,Unknown,Unknown,Unknown,System or software involved | Meter type: Electric or Water | Exact meter model | Exact error code or error message,Not available from verified source data.,none
28422,"Title: Courtyard - Delete charge
Tags: CI; Courtyard; Software; Visa",Software,Unknown,Unknown,Unknown,Unknown,Unknown,System or software involved | Meter type: Electric or Water | Exact meter model | Exact error code or error message,Not available from verified source data.,none
28420,"Title: Power Electric - Inquiry abou max ampere or KW for meters
Tags: CI; Meterverse; Power Electric; Software",Software,MeterVerse|Electric,Electric,Unknown,Unknown,Unknown,Exact meter model | Exact error code or error message,Not available from verified source data.,none
28419,"Title: New Giza - Invoice Issue
Tags: CI; Newgiza; Smart; Software",Software,Unknown,Unknown,Unknown,Unknown,Unknown,System or software involved | Meter type: Electric or Water | Exact meter model | Exact error code or error message,Not available from verified source data.,none
28418,"Title: Cecilia - Update tariff
Tags: Cecilia; CI; Software; STS",Software,Unknown,Unknown,Unknown,Unknown,Unknown,System or software involved | Meter type: Electric or Water | Exact meter model | Exact error code or error message,Not available from verified source data.,none
28417,"Title: Eko Mena - Meterverse deployment (Electricity )
Tags: CI; Eko Mena; Meterverse; Software",Software,MeterVerse|Electric,Electric,Unknown,Unknown,Unknown,Exact meter model | Exact error code or error message,Not available from verified source data.,none
28416,"Title: Nabk - Reset meter
Tags: Eamar; Meterverse; PI; Software",Software,MeterVerse,Unknown,Unknown,Unknown,Unknown,Meter type: Electric or Water | Exact meter model | Exact error code or error message,Not available from verified source data.,none
28415,"Title: Utilities - Error 0447 with customer card
System Info: Err 0447
Tags: CI; Hardware; PEM; Utilities",Hardware,Unknown,Unknown,Unknown,0447,Unknown,System or software involved | Meter type: Electric or Water | Exact meter model,Not available from verified source data.,none
28414,"Title: Utilites - CT ratio card error
System Info: err 1091
Tags: CI; Hardware; PEM; Utilities",Hardware,Unknown,Unknown,Unknown,1091,Unknown,System or software involved | Meter type: Electric or Water | Exact meter model,Not available from verified source data.,none
28413,"Title: Nabk - Test open account
Tags: CI; Eamar; Meterverse; Software",Software,MeterVerse,Unknown,Unknown,Unknown,Unknown,Meter type: Electric or Water | Exact meter model | Exact error code or error message,Not available from verified source data.,none
28411,"Title: ElAbd - Inquiry about customer settlements
Tags: aqua; CI; ElAbd; Software",Software,Aqua,Unknown,Unknown,Unknown,Unknown,Meter type: Electric or Water | Exact meter model | Exact error code or error message,Not available from verified source data.,none
28409,"Title: Malibu - Update tariff
Tags: aqua; CI; Malibu; Software",Software,Aqua,Unknown,Unknown,Unknown,Unknown,Meter type: Electric or Water | Exact meter model | Exact error code or error message,Not available from verified source data.,none
28408,"Title: Cecilia - Rejected 02
Tags: Cecilia; CI; Hardware; PWM",Hardware,Unknown,Unknown,Unknown,Unknown,Unknown,System or software involved | Meter type: Electric or Water | Exact meter model | Exact error code or error message,Not available from verified source data.,none
28407,"Title: Ora- Maintenance Inquiry
Tags: Hardware; Ora; PI; PWM",Software|Hardware,Unknown,Unknown,Unknown,Unknown,Unknown,System or software involved | Meter type: Electric or Water | Exact meter model | Exact error code or error message,Not available from verified source data.,none
28406,"Title: The View- Inquiry about mend card from aqua
Tags: aqua; CI; Software; The view",Software,Aqua,Unknown,Unknown,Unknown,Unknown,Meter type: Electric or Water | Exact meter model | Exact error code or error message,Not available from verified source data.,none
28405,"Title: Travco- Delete User
Tags: CI; Software; Travco; Visa",Software,Unknown,Unknown,Unknown,Unknown,Unknown,System or software involved | Meter type: Electric or Water | Exact meter model | Exact error code or error message,Not available from verified source data.,none
28404,"Title: Cornado- Inquiry about tariff card
Tags: aqua; CI; Cornado; Software",Software,Aqua,Unknown,Unknown,Unknown,Unknown,Meter type: Electric or Water | Exact meter model | Exact error code or error message,Not available from verified source data.,none
28403,"Title: Cornado- Issue Tariff Card from sts
Tags: CI; Cornado; Software; STS",Software,Unknown,Unknown,Unknown,Unknown,Unknown,System or software involved | Meter type: Electric or Water | Exact meter model | Exact error code or error message,Not available from verified source data.,none
28402,"Title: Ecklat Portsaid - Error 0001 on V5 with remove tamper card
System Info: Err 0001
Tags: CI; Ecklat; Hardware; PEM",Hardware,Unknown,Unknown,Unknown,0001,Unknown,System or software involved | Meter type: Electric or Water | Exact meter model,Not available from verified source data.,none
28400,"Title: Travco- Site Visit- Smart Meters Comm problem
Tags: CI; Hardware; SEM; Travco",Hardware,Unknown,Unknown,Unknown,Unknown,Unknown,System or software involved | Meter type: Electric or Water | Exact meter model | Exact error code or error message,Not available from verified source data.,none
28399,"Title: Emaar - Invoice Issue
Tags: CI; Emaar; Smart; Software",Software,Unknown,Unknown,Unknown,Unknown,Unknown,System or software involved | Meter type: Electric or Water | Exact meter model | Exact error code or error message,Not available from verified source data.,none
28398,"Title: Korra - Issue control cards
Tags: aqua; CI; Korra; Software",Software,Aqua,Unknown,Unknown,Unknown,Unknown,Meter type: Electric or Water | Exact meter model | Exact error code or error message,Not available from verified source data.,none
28397,"Title: Korra - Can not read card
Tags: aqua; CI; Korra; Software",Software,Aqua,Unknown,Unknown,Unknown,Unknown,Meter type: Electric or Water | Exact meter model | Exact error code or error message,Not available from verified source data.,none
28396,"Title: Sherouk - Utility water meter maintenance
Tags: Hardware; NUCA; PI; PWM; Utility; W",Hardware,Unknown,Water,Unknown,Unknown,Unknown,System or software involved | Exact meter model | Exact error code or error message,Not available from verified source data.,none
28395,"Title: Badr - Utility water meter maintenance
Tags: Hardware; NUCA; PI; PWM; Utility; W",Hardware,Unknown,Water,Unknown,Unknown,Unknown,System or software involved | Exact meter model | Exact error code or error message,Not available from verified source data.,none
28394,"Title: Private Sector Meters Maintenance Follow-up
Tags: Hardware; PEM; PI; Private; W",Hardware,Unknown,Unknown,Unknown,Unknown,Unknown,System or software involved | Meter type: Electric or Water | Exact meter model | Exact error code or error message,Not available from verified source data.,none
28393,"Title: 10th of Ramadan - Utility water meter maintenance
Tags: Hardware; NUCA; PI; PWM; Utility; W",Hardware,Unknown,Water,Unknown,Unknown,Unknown,System or software involved | Exact meter model | Exact error code or error message,Not available from verified source data.,none
28391,"Title: Sun Capital - Electrical and water meters communication troubleshooting
Tags: CI; Hardware; SEM; Suncapital; W",Hardware|Communication,Electric,Water|Electric,Unknown,Unknown,Unknown,Exact meter model | Exact error code or error message,Not available from verified source data.,none
28390,"Title: 10th of Ramadan - Utility electrical meter maintenance
Tags: CDC; CI; Hardware; PI; SEM; SLA; Utility",Hardware,Electric,Electric,Unknown,Unknown,Unknown,Exact meter model | Exact error code or error message,Not available from verified source data.,none
28389,"Title: New Giza - Update meter name
Tags: CI; Newgiza; Smart; Software",Software,Unknown,Unknown,Unknown,Unknown,Unknown,System or software involved | Meter type: Electric or Water | Exact meter model | Exact error code or error message,Not available from verified source data.,none
28388,"Title: Elkhamayel - Reset water meter
Tags: aqua; CI; ElKhamayl; Software",Software,Aqua,Water,Unknown,Unknown,Unknown,Exact meter model | Exact error code or error message,Not available from verified source data.,none
28387,"Title: Korra: Error with resetting meter and change meter on the same meter
System Info: User card, Reset card, and change meter card all give used while control cards give good
Tags: CI; Hardware; Korra; PEM",Hardware,Unknown,Unknown,Unknown,Unknown,Unknown,System or software involved | Meter type: Electric or Water | Exact meter model | Exact error code or error message,Not available from verified source data.,none
28386,"Title: Korra Vending- Reinitialize faulty meter
Tags: CI; Korra; Software; vending",Software,Vending,Unknown,Unknown,Unknown,Unknown,Meter type: Electric or Water | Exact meter model | Exact error code or error message,Not available from verified source data.,none
28385,"Title: Activate MPMS for Mountain view
Tags: CI; Mountain View; MPMS; Software",Software,Unknown,Unknown,Unknown,Unknown,Unknown,System or software involved | Meter type: Electric or Water | Exact meter model | Exact error code or error message,Not available from verified source data.,none
28384,"Title: Light Power- Issue STS Tariff Card
Tags: CI; Lightpower; Software; STS",Software,Unknown,Unknown,Unknown,Unknown,Unknown,System or software involved | Meter type: Electric or Water | Exact meter model | Exact error code or error message,Not available from verified source data.,none
28383,"Title: Soma Bay: Making Clear Fault card
Tags: CI; SMS; Software; Somabay",Software,Unknown,Unknown,Unknown,Unknown,Unknown,System or software involved | Meter type: Electric or Water | Exact meter model | Exact error code or error message,Not available from verified source data.,none
28382,"Title: Elgouna- Follow up on meters' communication problems
Tags: CI; Elgouna; Smart; Software",Software|Communication,Unknown,Unknown,Unknown,Unknown,Unknown,System or software involved | Meter type: Electric or Water | Exact meter model | Exact error code or error message,Not available from verified source data.,none
28381,"Title: Emaar - Uptown - Duplicated Meters
Tags: Emaar; PI; Smart; Software",Software,Unknown,Unknown,Unknown,Unknown,Unknown,System or software involved | Meter type: Electric or Water | Exact meter model | Exact error code or error message,Not available from verified source data.,none
28380,"Title: Florenza: Read card error
System Info: Read card pop out only loading
Tags: CI; Florenza; Software; vending",Software,Vending,Unknown,Unknown,Unknown,Unknown,Meter type: Electric or Water | Exact meter model | Exact error code or error message,Not available from verified source data.,none
28379,"Title: BDC - Creating Maintenance Report
Tags: BDC; CI; Utility",Unknown,Unknown,Unknown,Unknown,Unknown,Unknown,System or software involved | Meter type: Electric or Water | Exact meter model | Exact error code or error message,Not available from verified source data.,none
28378,"Title: Edelma - Friendly Time Investigation
Tags: CI; Edelma; Hardware; PEM",Hardware,Unknown,Unknown,Unknown,Unknown,Unknown,System or software involved | Meter type: Electric or Water | Exact meter model | Exact error code or error message,Not available from verified source data.,none
28377,"Title: Epower - Creating Charging Center Inquiry
Tags: CI; Epower; Inquiry; Software; vending",Software,Vending,Unknown,Unknown,Unknown,Unknown,Meter type: Electric or Water | Exact meter model | Exact error code or error message,Not available from verified source data.,none
28376,"Title: Ecklat - Leakage Issue
System Info: انذار
Tags: CI; Ecklat; Hardware; PWM",Hardware,Unknown,Unknown,Unknown,Unknown,Unknown,System or software involved | Meter type: Electric or Water | Exact meter model | Exact error code or error message,Not available from verified source data.,none
28375,"Title: Ecklat - Charging Issue
System Info: Used
Tags: CI; Ecklat; Hardware; PWM",Hardware,Unknown,Unknown,Unknown,Unknown,Unknown,System or software involved | Meter type: Electric or Water | Exact meter model | Exact error code or error message,Not available from verified source data.,none
28374,"Title: Amexico - Getting Software Version
Tags: Amexico; CI; SMS; Software",Software,Unknown,Unknown,Unknown,Unknown,Unknown,System or software involved | Meter type: Electric or Water | Exact meter model | Exact error code or error message,Not available from verified source data.,none
28373,"Title: Amexico - Issuing Read Card
Tags: Amexico; CI; SMS; Software",Software,Unknown,Unknown,Unknown,Unknown,Unknown,System or software involved | Meter type: Electric or Water | Exact meter model | Exact error code or error message,Not available from verified source data.,none
28372,"Title: Emaar - Uptown - Duplicated Meters
Tags: Emaar; PI; Smart; Software",Software,Unknown,Unknown,Unknown,Unknown,Unknown,System or software involved | Meter type: Electric or Water | Exact meter model | Exact error code or error message,Not available from verified source data.,none
28371,"Title: Korra: Error with initial card
System Info: Error: E-0001, E-2143
Tags: Hardware; Korra; PEM; PI",Hardware,Unknown,Unknown,Unknown,0001|2143,Unknown,System or software involved | Meter type: Electric or Water | Exact meter model,Not available from verified source data.,none
28370,"Title: Travco: Reading Sync Issue
Tags: CI; Smart; Software; Travco",Software,Unknown,Unknown,Unknown,Unknown,Unknown,System or software involved | Meter type: Electric or Water | Exact meter model | Exact error code or error message,Not available from verified source data.,none
28369,"Title: Scandeck: Delete Charge
Tags: CI; ScanDeck; Software; vending",Software,Vending,Unknown,Unknown,Unknown,Unknown,Meter type: Electric or Water | Exact meter model | Exact error code or error message,Not available from verified source data.,none
28368,"Title: Florenza: Delete Charge
Tags: CI; Florenza; Software; vending",Software,Vending,Unknown,Unknown,Unknown,Unknown,Meter type: Electric or Water | Exact meter model | Exact error code or error message,Not available from verified source data.,none
28367,"Title: Azurra: Several Enquiries about the software
Tags: Azurra; CI; Software; Visa",Software,Unknown,Unknown,Unknown,Unknown,Unknown,System or software involved | Meter type: Electric or Water | Exact meter model | Exact error code or error message,Not available from verified source data.,none
28366,"Title: NCDC: Salam Lab maintenance visit
Tags: Hardware; NCDC; PI; Utility",Hardware,Unknown,Unknown,Unknown,Unknown,Unknown,System or software involved | Meter type: Electric or Water | Exact meter model | Exact error code or error message,Not available from verified source data.,none
28365,"Title: New Giza: Editing Transferred balance
Tags: CI; New giza; Smart; Software",Software,Unknown,Unknown,Unknown,Unknown,Unknown,System or software involved | Meter type: Electric or Water | Exact meter model | Exact error code or error message,Not available from verified source data.,none
28363,"Title: Update Trainings accounts
Tags: aqua; CI; Software",Software,Aqua,Unknown,Unknown,Unknown,Unknown,Meter type: Electric or Water | Exact meter model | Exact error code or error message,Not available from verified source data.,none
28362,"Title: Utilities- Problem with meter balance
Tags: Hardware; PEM; PI; Utilities",Hardware,Unknown,Unknown,Unknown,Unknown,Unknown,System or software involved | Meter type: Electric or Water | Exact meter model | Exact error code or error message,Not available from verified source data.,none
28357,"Title: Ora- Follow Up on meters in maintenance
Tags: Hardware; Ora; PI; PWM",Hardware,Unknown,Unknown,Unknown,Unknown,Unknown,System or software involved | Meter type: Electric or Water | Exact meter model | Exact error code or error message,Not available from verified source data.,none
28356,"Title: New Giza: Missing Invoices
Tags: CI; New giza; Smart; Software",Software,Unknown,Unknown,Unknown,Unknown,Unknown,System or software involved | Meter type: Electric or Water | Exact meter model | Exact error code or error message,Not available from verified source data.,none
28355,"Title: CDC- 10th of Ramadan - Utility electrical meter maintenance
Tags: CDC; CI; Hardware; SEM; SLA; Utility",Hardware,Electric,Electric,Unknown,Unknown,Unknown,Exact meter model | Exact error code or error message,Not available from verified source data.,none
28354,"Title: Private Sector Meters Maintenance Follow-up
Tags: Hardware; PI; Private; PWM; W",Hardware,Unknown,Unknown,Unknown,Unknown,Unknown,System or software involved | Meter type: Electric or Water | Exact meter model | Exact error code or error message,Not available from verified source data.,none
28353,"Title: Alex- Inquiry about deleting customer with settlement
Tags: Alex; CI; Software; vending",Software,Vending,Unknown,Unknown,Unknown,Unknown,Meter type: Electric or Water | Exact meter model | Exact error code or error message,Not available from verified source data.,none
28352,"Title: New Giza: Edit customer name
Tags: CI; New giza; Smart; Software",Software,Unknown,Unknown,Unknown,Unknown,Unknown,System or software involved | Meter type: Electric or Water | Exact meter model | Exact error code or error message,Not available from verified source data.,none
28350,"Title: Remco- Delete PVMS Charges
Tags: CI; PVMS; REMCO; Software",Software,Unknown,Unknown,Unknown,Unknown,Unknown,System or software involved | Meter type: Electric or Water | Exact meter model | Exact error code or error message,Not available from verified source data.,none
28348,"Title: Remco- Delete PVMS Charges
Tags: CI; PVMS; REMCO; Software",Software,Unknown,Unknown,Unknown,Unknown,Unknown,System or software involved | Meter type: Electric or Water | Exact meter model | Exact error code or error message,Not available from verified source data.,none
28347,"Title: Mountain View- Install MPMS for 2 devices
Tags: CI; Mountain View; MPMS3000; Software",Software,Unknown,Unknown,Unknown,Unknown,Unknown,System or software involved | Meter type: Electric or Water | Exact meter model | Exact error code or error message,Not available from verified source data.,none
28346,"Title: Sun Capital - Electrical And Water Meters Communication troubleshooting
Tags: CI; Hardware; SEM; Suncapital; W",Hardware|Communication,Electric,Water|Electric,Unknown,Unknown,Unknown,Exact meter model | Exact error code or error message,Not available from verified source data.,none
28345,"Title: Sun Capital - Electrical And Water Meters Communication troubleshooting
Tags: CI; Hardware; PI; SEM; Suncapital; W",Hardware|Communication,Electric,Water|Electric,Unknown,Unknown,Unknown,Exact meter model | Exact error code or error message,Not available from verified source data.,none
28344,"Title: Alex - Open user
Tags: Alex; CI; Software; vending",Software,Vending,Unknown,Unknown,Unknown,Unknown,Meter type: Electric or Water | Exact meter model | Exact error code or error message,Not available from verified source data.,none
28343,"Title: BDC- Follow up on problem with delivering meters
Tags: BDC; Hardware; PEM; PI",Hardware,Unknown,Unknown,Unknown,Unknown,Unknown,System or software involved | Meter type: Electric or Water | Exact meter model | Exact error code or error message,Not available from verified source data.,none
28342,"Title: Trivium-Meter Valve Closed
Tags: Hardware; PI; PWM; Trivium",Hardware,Unknown,Unknown,Unknown,Unknown,Unknown,System or software involved | Meter type: Electric or Water | Exact meter model | Exact error code or error message,Not available from verified source data.,none
28341,"Title: Coral Bay- System keeps loading
Tags: Coral; PI; Software; vending",Software,Vending,Unknown,Unknown,Unknown,Unknown,Meter type: Electric or Water | Exact meter model | Exact error code or error message,Not available from verified source data.,none
28340,"Title: Electronile- Steps how to delete meter from customer
Tags: CI; Electronile; Meterverse; Software",Software,MeterVerse,Unknown,Unknown,Unknown,Unknown,Meter type: Electric or Water | Exact meter model | Exact error code or error message,Not available from verified source data.,none
28339,"Title: Korra - Steps to reset meter
Tags: aqua; CI; Korra; Software",Software,Aqua,Unknown,Unknown,Unknown,Unknown,Meter type: Electric or Water | Exact meter model | Exact error code or error message,Not available from verified source data.,none
28338,"Title: Emaar- Marassi - Delete duplicated meter
Tags: CI; Emaar; Smart; Software",Software,Unknown,Unknown,Unknown,Unknown,Unknown,System or software involved | Meter type: Electric or Water | Exact meter model | Exact error code or error message,Not available from verified source data.,none
28337,"Title: Electronile- Steps to add meter batch
Tags: CI; Electronile; Meterverse; Software",Software,MeterVerse,Unknown,Unknown,Unknown,Unknown,Meter type: Electric or Water | Exact meter model | Exact error code or error message,Not available from verified source data.,none
28336,"Title: Travco- IC Power problem in meter screen
Tags: Hardware; PEM; PI; Travco",Hardware,Unknown,Unknown,Unknown,Unknown,Unknown,System or software involved | Meter type: Electric or Water | Exact meter model | Exact error code or error message,Not available from verified source data.,none
28335,"Title: Elsewedy Utilities- Inform them to delete meters
Tags: CI; Software; Utilities; vending",Software,Vending,Unknown,Unknown,Unknown,Unknown,Meter type: Electric or Water | Exact meter model | Exact error code or error message,Not available from verified source data.,none
28334,"Title: Chinese Mall- Error 1541 in MT514
System Info: error 1541
Tags: Chinese Mall; Hardware; PEM; PI",Hardware,Unknown,Unknown,MT514,1541,Unknown,System or software involved | Meter type: Electric or Water,Not available from verified source data.,none
28333,"Title: Private Sector Meters Maintenance Follow-up
Tags: Hardware; PI; Private; SEM; W",Hardware,Unknown,Unknown,Unknown,Unknown,Unknown,System or software involved | Meter type: Electric or Water | Exact meter model | Exact error code or error message,Not available from verified source data.,none
28332,"Title: Chinese Mall- Error 0170 in MT514
System Info: Error 0170
Tags: Chinese Mall; CI; Hardware; PEM",Hardware,Unknown,Unknown,MT514,0170,Unknown,System or software involved | Meter type: Electric or Water,Not available from verified source data.,none
28331,"Title: Hurghada Hub- IStgood and Reject 01 Errors with same card
Tags: Hardware; Hurghada Hub; PI; PWM",Hardware,Unknown,Unknown,Unknown,01,Unknown,System or software involved | Meter type: Electric or Water | Exact meter model,Not available from verified source data.,none
28330,"Title: Blue Mind - Can not read or write cards
Tags: Bluemind; PI; Software; vending",Software,Vending,Unknown,Unknown,Unknown,Unknown,Meter type: Electric or Water | Exact meter model | Exact error code or error message,Not available from verified source data.,none
28329,"Title: Epower- Inquiry about changing commercial tariff
Tags: CI; Epower; Software; vending",Software,Vending,Unknown,Unknown,Unknown,Unknown,Meter type: Electric or Water | Exact meter model | Exact error code or error message,Not available from verified source data.,none
28328,"Title: Mena Oasis - Follow up about meters in maintenance
Tags: Hardware; Mena Oasis; PI; PWM",Hardware,Unknown,Unknown,Unknown,Unknown,Unknown,System or software involved | Meter type: Electric or Water | Exact meter model | Exact error code or error message,Not available from verified source data.,none
28327,"Title: MEDC- Follow up with warehouse about meters that will be sent
Tags: Hardware; MEDC; PEM; PI",Hardware,Unknown,Unknown,Unknown,Unknown,Unknown,System or software involved | Meter type: Electric or Water | Exact meter model | Exact error code or error message,Not available from verified source data.,none
28326,"Title: Kattameya - Follow Up on meters in maintenance
Tags: Hardware; Kattameya; PI; PWM",Hardware,Unknown,Unknown,Unknown,Unknown,Unknown,System or software involved | Meter type: Electric or Water | Exact meter model | Exact error code or error message,Not available from verified source data.,none
28325,"Title: New Giza- Inquiry about deleting charge
Tags: CI; New giza; Software; vending",Software,Vending,Unknown,Unknown,Unknown,Unknown,Meter type: Electric or Water | Exact meter model | Exact error code or error message,Not available from verified source data.,none
28324,"Title: Elnarges - Delete power factor settlement
Tags: Narges; PI; Software; vending",Software,Vending,Unknown,Unknown,Unknown,Unknown,Meter type: Electric or Water | Exact meter model | Exact error code or error message,Not available from verified source data.,none
28323,"Title: Mena Oasis- Error 201
System Info: Error 201
Tags: CI; Hardware; Mena Oasis; PEM",Hardware,Unknown,Unknown,Unknown,201,Unknown,System or software involved | Meter type: Electric or Water | Exact meter model,Not available from verified source data.,none
28322,"Title: Ecklat - Issue with meter consumption
Tags: CI; Ecklat; Hardware; PEM",Hardware,Unknown,Unknown,Unknown,Unknown,Unknown,System or software involved | Meter type: Electric or Water | Exact meter model | Exact error code or error message,Not available from verified source data.,none
28320,"Title: Somabay- Add meters to symbiot
Tags: CI; Smart; Software; Somabay",Software,Symbiot,Unknown,Unknown,Unknown,Unknown,Meter type: Electric or Water | Exact meter model | Exact error code or error message,Not available from verified source data.,none
28319,"Title: New Giza- Delete Charge
Tags: CI; New giza; Software; vending",Software,Vending,Unknown,Unknown,Unknown,Unknown,Meter type: Electric or Water | Exact meter model | Exact error code or error message,Not available from verified source data.,none
28318,"Title: Amer Group - Energy360 Deployment
Tags: Amer group; CI; Smart; Software",Software,Unknown,Unknown,Unknown,Unknown,Unknown,System or software involved | Meter type: Electric or Water | Exact meter model | Exact error code or error message,Not available from verified source data.,none
28317,"Title: V6 - Deployment
Tags: CI; Software",Software,Unknown,Unknown,Unknown,Unknown,Unknown,System or software involved | Meter type: Electric or Water | Exact meter model | Exact error code or error message,Not available from verified source data.,none
28316,"Title: Mountain View - Billing deployement
Tags: CI; Mountain View; Smart; Software",Software,Billing,Unknown,Unknown,Unknown,Unknown,Meter type: Electric or Water | Exact meter model | Exact error code or error message,Not available from verified source data.,none
28315,"Title: Travco- Meter reading issue
Tags: CI; Smart; Software; Travco",Software,Unknown,Unknown,Unknown,Unknown,Unknown,System or software involved | Meter type: Electric or Water | Exact meter model | Exact error code or error message,Not available from verified source data.,none
28314,"Title: Travco readings sync issue
Tags: CI; Smart; Software; Travco",Software,Unknown,Unknown,Unknown,Unknown,Unknown,System or software involved | Meter type: Electric or Water | Exact meter model | Exact error code or error message,Not available from verified source data.,none
28313,"Title: Meter Verse Migration Test Phase - Elsewedy Utilities
Tags: Meterverse; PI; Software; Utilities",Software,MeterVerse,Unknown,Unknown,Unknown,Unknown,Meter type: Electric or Water | Exact meter model | Exact error code or error message,Not available from verified source data.,none
28312,"Title: Meter Verse Migration Test Phase - Elsewedy Utilities
Tags: Meterverse; PI; Software; Utilities",Software,MeterVerse,Unknown,Unknown,Unknown,Unknown,Meter type: Electric or Water | Exact meter model | Exact error code or error message,Not available from verified source data.,none
28311,"Title: Meter Verse Migration Test Phase - Elsewedy Utilities
Tags: Meterverse; PI; Software; Utilities",Software,MeterVerse,Unknown,Unknown,Unknown,Unknown,Meter type: Electric or Water | Exact meter model | Exact error code or error message,Not available from verified source data.,none
28310,"Title: Edelma- Troubleshoot Friendly Time Problem
Tags: CI; Edelma; Software; vending",Software,Vending,Unknown,Unknown,Unknown,Unknown,Meter type: Electric or Water | Exact meter model | Exact error code or error message,Not available from verified source data.,none
28309,"Title: Elgouna- Meter communication problem
Tags: Elgouna; PI; Smart; Software",Software|Communication,Unknown,Unknown,Unknown,Unknown,Unknown,System or software involved | Meter type: Electric or Water | Exact meter model | Exact error code or error message,Not available from verified source data.,none
28308,"Title: Edelma- Troubleshoot Friendly Time Problem
Tags: CI; Edelma; Software; vending
History: site visit might be needed",Software,Vending,Unknown,Unknown,Unknown,Unknown,Meter type: Electric or Water | Exact meter model | Exact error code or error message,site visit might be needed,history
28307,"Title: New Cairo - Utility water meter maintenance
Tags: Hardware; NUCA; PI; PWM; Utility; W",Hardware,Unknown,Water,Unknown,Unknown,Unknown,System or software involved | Exact meter model | Exact error code or error message,Not available from verified source data.,none
28306,"Title: ElSadat - Utility water meter maintenance
Tags: Hardware; NUCA; PI; PWM; Utility; W",Hardware,Unknown,Water,Unknown,Unknown,Unknown,System or software involved | Exact meter model | Exact error code or error message,Not available from verified source data.,none
28305,"Title: Sun Capital - Electrical And Water Meters Communication troubleshooting
Tags: CI; Hardware; SEM; Suncapital; W",Hardware|Communication,Electric,Water|Electric,Unknown,Unknown,Unknown,Exact meter model | Exact error code or error message,Not available from verified source data.,none
28304,"Title: Sun Capital - Electrical And Water Meters Communication troubleshooting
Tags: CI; Hardware; SEM; Suncapital; W",Hardware|Communication,Electric,Water|Electric,Unknown,Unknown,Unknown,Exact meter model | Exact error code or error message,Not available from verified source data.,none
28303,"Title: Elsewedy E&C- Activate MPMS3000 Smart
Tags: CI; Elsewedy E&C; MPMS3000; Software",Software,Unknown,Unknown,Unknown,Unknown,Unknown,System or software involved | Meter type: Electric or Water | Exact meter model | Exact error code or error message,Not available from verified source data.,none
28302,"Title: SC Zone - Activate MPMS3000 Smart
Tags: CI; MPMS3000; SC zone; Software",Software,Unknown,Unknown,Unknown,Unknown,Unknown,System or software involved | Meter type: Electric or Water | Exact meter model | Exact error code or error message,Not available from verified source data.,none
28301,"Title: MEDC- Follow up on meter in maintenance
Tags: Hardware; MEDC; PEM; PI",Hardware,Unknown,Unknown,Unknown,Unknown,Unknown,System or software involved | Meter type: Electric or Water | Exact meter model | Exact error code or error message,Not available from verified source data.,none
28299,"Title: 10th of Ramadan - Utility electrical meter maintenance
Tags: CDC; CI; Hardware; SEM; SLA; Utility",Hardware,Electric,Electric,Unknown,Unknown,Unknown,Exact meter model | Exact error code or error message,Not available from verified source data.,none
28298,"Title: Eko Mena - Get device ID
Tags: CI; Eko Mena; Meterverse; Software",Software,MeterVerse,Unknown,Unknown,Unknown,Unknown,Meter type: Electric or Water | Exact meter model | Exact error code or error message,Not available from verified source data.,none
28297,"Title: Edelma - Friendly Time Investigation
Tags: CI; Edelma; Hardware; PEM",Hardware,Unknown,Unknown,Unknown,Unknown,Unknown,System or software involved | Meter type: Electric or Water | Exact meter model | Exact error code or error message,Not available from verified source data.,none
28296,"Title: Narges Gas Station - PF Update
Tags: Narges; Software; vending",Software,Vending,Unknown,Unknown,Unknown,Unknown,Meter type: Electric or Water | Exact meter model | Exact error code or error message,Not available from verified source data.,none
28295,"Title: Light Power - Inquiry about electricity meter hierarchy
Tags: CI; Hardware; Lightpower; PEM",Software|Hardware,Electric,Electric,Unknown,Unknown,Unknown,Exact meter model | Exact error code or error message,Not available from verified source data.,none
28294,"Title: Emdad - Delete settlement
Tags: aqua; CI; Emdad; Software",Software,Aqua,Unknown,Unknown,Unknown,Unknown,Meter type: Electric or Water | Exact meter model | Exact error code or error message,Not available from verified source data.,none
28293,"Title: Epower - Cloud9 mall - CT Meter Installation Site Vist
Tags: CI; Epower; Hardware; O/S; PEM; PI",Hardware,Unknown,Unknown,Unknown,Unknown,Unknown,System or software involved | Meter type: Electric or Water | Exact meter model | Exact error code or error message,Not available from verified source data.,none
28292,"Title: Epower - Cloud9 mall - CT Meter Installation Site Vist
Tags: CI; Epower; Hardware; O/S; PEM; PI",Hardware,Unknown,Unknown,Unknown,Unknown,Unknown,System or software involved | Meter type: Electric or Water | Exact meter model | Exact error code or error message,Not available from verified source data.,none
28291,"Title: Epower - eCharge Settlement Issue
Tags: Epower; Software; vending",Software,Vending,Unknown,Unknown,Unknown,Unknown,Meter type: Electric or Water | Exact meter model | Exact error code or error message,Not available from verified source data.,none
28290,"Title: Light Power - Valve closed while meter had credit no alarms
Tags: CI; Hardware; Lightpower; PWM",Hardware,Unknown,Unknown,Unknown,Unknown,Unknown,System or software involved | Meter type: Electric or Water | Exact meter model | Exact error code or error message,Not available from verified source data.,none
28289,"Title: Hurghada Hub: Editing SMS tariff
Tags: CI; Hurghada Hub; SMS; Software",Software,Unknown,Unknown,Unknown,Unknown,Unknown,System or software involved | Meter type: Electric or Water | Exact meter model | Exact error code or error message,Not available from verified source data.,none
28286,"Title: Light Power - Steps to reset 3 phase meter
Tags: CI; Hardware; Lightpower; PEM",Hardware,Unknown,Unknown,Unknown,Unknown,Unknown,System or software involved | Meter type: Electric or Water | Exact meter model | Exact error code or error message,Not available from verified source data.,none
28285,"Title: Mountain view - Remove power factor settlement
Tags: Mountain View; PI; Software; vending",Software,Vending,Unknown,Unknown,Unknown,Unknown,Meter type: Electric or Water | Exact meter model | Exact error code or error message,Not available from verified source data.,none
28284,"Title: South delta - Delete charge
Tags: CI; SDDC; Software; vending",Software,Vending,Unknown,Unknown,Unknown,Unknown,Meter type: Electric or Water | Exact meter model | Exact error code or error message,Not available from verified source data.,none
28283,"Title: Light Power - Water meter with low supply
Tags: CI; Hardware; Lightpower; PWM",Hardware,Unknown,Water,Unknown,Unknown,Unknown,System or software involved | Exact meter model | Exact error code or error message,Not available from verified source data.,none
28282,"Title: New Giza: Edit Customer Name
Tags: CI; New giza; Smart; Software",Software,Unknown,Unknown,Unknown,Unknown,Unknown,System or software involved | Meter type: Electric or Water | Exact meter model | Exact error code or error message,Not available from verified source data.,none
28281,"Title: Emdad - Meter valve closed due to tamper
Tags: CI; Emdad; Hardware; PWM",Hardware,Unknown,Unknown,Unknown,Unknown,Unknown,System or software involved | Meter type: Electric or Water | Exact meter model | Exact error code or error message,Not available from verified source data.,none
28272,"Title: New Giza: Edit Customer Name
Tags: CI; New giza; Smart; Software",Software,Unknown,Unknown,Unknown,Unknown,Unknown,System or software involved | Meter type: Electric or Water | Exact meter model | Exact error code or error message,Not available from verified source data.,none
28206,"Title: New Giza: Reports issue
Tags: CI; New giza; Smart; Software",Software,Unknown,Unknown,Unknown,Unknown,Unknown,System or software involved | Meter type: Electric or Water | Exact meter model | Exact error code or error message,Not available from verified source data.,none
28203,"Title: Private Sector Meters Maintenance Follow-up
Tags: Hardware; PEM; PI; Private; W",Hardware,Unknown,Unknown,Unknown,Unknown,Unknown,System or software involved | Meter type: Electric or Water | Exact meter model | Exact error code or error message,Not available from verified source data.,none
28202,"Title: Elsewedy Utilities: Meter Verse Migration Test Phase
Tags: Meterverse; PI; Software; Utilities",Software,MeterVerse,Unknown,Unknown,Unknown,Unknown,Meter type: Electric or Water | Exact meter model | Exact error code or error message,Not available from verified source data.,none
28201,"Title: Elsewedy Utilities: Meter Verse Migration Test Phase
Tags: Meterverse; PI; Software; Utilities",Software,MeterVerse,Unknown,Unknown,Unknown,Unknown,Meter type: Electric or Water | Exact meter model | Exact error code or error message,Not available from verified source data.,none
28200,"Title: Elsewedy Utilities: Meter Verse Migration Test Phase
Tags: Meterverse; PI; Software; Utilities",Software,MeterVerse,Unknown,Unknown,Unknown,Unknown,Meter type: Electric or Water | Exact meter model | Exact error code or error message,Not available from verified source data.,none
28199,"Title: Elsewedy Utilities: Meter Verse Migration Test Phase
Tags: Meterverse; PI; Software; Utilities",Software,MeterVerse,Unknown,Unknown,Unknown,Unknown,Meter type: Electric or Water | Exact meter model | Exact error code or error message,Not available from verified source data.,none
28198,"Title: Elsewedy Utilities: Meter Verse Migration Test Phase
Tags: Meterverse; PI; Software; Utilities",Software,MeterVerse,Unknown,Unknown,Unknown,Unknown,Meter type: Electric or Water | Exact meter model | Exact error code or error message,Not available from verified source data.,none
28190,"Title: New Giza: Invoices issue
Tags: CI; New giza; Smart; Software",Software,Unknown,Unknown,Unknown,Unknown,Unknown,System or software involved | Meter type: Electric or Water | Exact meter model | Exact error code or error message,Not available from verified source data.,none
28187,"Title: SCDC - Bashteel - Meter Maintenance Visit
Tags: CI; Hardware; PEM; PI; Scdc; Utility; W",Hardware,Unknown,Unknown,Unknown,Unknown,Unknown,System or software involved | Meter type: Electric or Water | Exact meter model | Exact error code or error message,Not available from verified source data.,none
28186,"Title: ElSherouk - Utility water meter maintenance
Tags: Hardware; NUCA; PI; PWM; Utility; W",Hardware,Unknown,Water,Unknown,Unknown,Unknown,System or software involved | Exact meter model | Exact error code or error message,Not available from verified source data.,none
28185,"Title: Sharkia - Utility water meter maintenance
Tags: Hardware; HCWW; PI; PWM; Utility; W",Hardware,Unknown,Water,Unknown,Unknown,Unknown,System or software involved | Exact meter model | Exact error code or error message,Not available from verified source data.,none
28184,"Title: New Obour - Utility water meter maintenance
Tags: Hardware; NUCA; PI; PWM; Utility; W",Hardware,Unknown,Water,Unknown,Unknown,Unknown,System or software involved | Exact meter model | Exact error code or error message,Not available from verified source data.,none
28183,"Title: Obour - Utility water meter maintenance
Tags: Hardware; NUCA; PI; PWM; Utility; W",Hardware,Unknown,Water,Unknown,Unknown,Unknown,System or software involved | Exact meter model | Exact error code or error message,Not available from verified source data.,none
28182,"Title: Damietta - Utility water meter maintenance
Tags: Hardware; HCWW; PI; PWM; Utility; W",Hardware,Unknown,Water,Unknown,Unknown,Unknown,System or software involved | Exact meter model | Exact error code or error message,Not available from verified source data.,none
28181,"Title: New Damietta - Utility water meter maintenance
Tags: Hardware; NUCA; PI; PWM; Utility; W",Hardware,Unknown,Water,Unknown,Unknown,Unknown,System or software involved | Exact meter model | Exact error code or error message,Not available from verified source data.,none
28180,"Title: Sun Capital - Water meter issue
Tags: CI; Smart; Software; Suncapital",Software,Unknown,Water,Unknown,Unknown,Unknown,System or software involved | Exact meter model | Exact error code or error message,Not available from verified source data.,none
28179,"Title: Elsewedy E&C- Inquiry about IC Card
Tags: CI; Elsewedy E&C; Hardware; PEM",Software|Hardware,Unknown,Unknown,Unknown,Unknown,Unknown,System or software involved | Meter type: Electric or Water | Exact meter model | Exact error code or error message,Not available from verified source data.,none
28178,"Title: Travco: Invoices issue
Tags: CI; Smart; Software; Travco",Software,Unknown,Unknown,Unknown,Unknown,Unknown,System or software involved | Meter type: Electric or Water | Exact meter model | Exact error code or error message,Not available from verified source data.,none
28177,"Title: Nabk: Meterverse Deployment
Tags: CI; Meterverse; nabk; Software",Software,MeterVerse,Unknown,Unknown,Unknown,Unknown,Meter type: Electric or Water | Exact meter model | Exact error code or error message,Not available from verified source data.,none
28176,"Title: Fouka Bay- Delete Unit ID
Tags: CI; Fouka; Smart; Software",Software,Unknown,Unknown,Unknown,Unknown,Unknown,System or software involved | Meter type: Electric or Water | Exact meter model | Exact error code or error message,Not available from verified source data.,none
28175,"Title: Soma bay: Meter Readings issue
Tags: CI; Smart; Software; Somabay",Software,Unknown,Unknown,Unknown,Unknown,Unknown,System or software involved | Meter type: Electric or Water | Exact meter model | Exact error code or error message,Not available from verified source data.,none
28174,"Title: Fouka Bay- Check Meters' connection from billing
Tags: CI; Fouka; Smart; Software",Software|Communication,Billing,Unknown,Unknown,Unknown,Unknown,Meter type: Electric or Water | Exact meter model | Exact error code or error message,Not available from verified source data.,none
28173,"Title: Fouka Bay- Check meters' connections
Tags: CI; Fouka; Smart; Software",Software|Communication,Unknown,Unknown,Unknown,Unknown,Unknown,System or software involved | Meter type: Electric or Water | Exact meter model | Exact error code or error message,Not available from verified source data.,none
28172,"Title: Travco: Prepaid meter error
System Info: Error-0052
Tags: CI; Hardware; PEM; Travco",Hardware,Unknown,Unknown,Unknown,0052,Unknown,System or software involved | Meter type: Electric or Water | Exact meter model,Not available from verified source data.,none
28171,"Title: The view: Enquiry about aqua software
Tags: aqua; CI; Software; The view",Software,Aqua,Unknown,Unknown,Unknown,Unknown,Meter type: Electric or Water | Exact meter model | Exact error code or error message,Not available from verified source data.,none
28170,"Title: Prime: Editing CT-Ratio
Tags: CI; Hardware; PEM; Prime",Hardware,Unknown,Unknown,Unknown,Unknown,Unknown,System or software involved | Meter type: Electric or Water | Exact meter model | Exact error code or error message,Not available from verified source data.,none
28169,"Title: Soma Bay: Issue with remaining balance
Tags: CI; Smart; Software; Somabay",Software,Unknown,Unknown,Unknown,Unknown,Unknown,System or software involved | Meter type: Electric or Water | Exact meter model | Exact error code or error message,Not available from verified source data.,none
28168,"Title: MEDC- Follow up on meters in maintenance
Tags: Hardware; MEDC; PEM; PI",Hardware,Unknown,Unknown,Unknown,Unknown,Unknown,System or software involved | Meter type: Electric or Water | Exact meter model | Exact error code or error message,Not available from verified source data.,none
28167,"Title: Light Power - Update water tariff
Tags: CI; Lightpower; Software; STS",Software,Unknown,Water,Unknown,Unknown,Unknown,System or software involved | Exact meter model | Exact error code or error message,Not available from verified source data.,none
28166,"Title: Light Power - Err 0805 with remove tamper card
System Info: Err 0805
Tags: CI; Hardware; Lightpower; PEM",Hardware,Unknown,Unknown,Unknown,0805,Unknown,System or software involved | Meter type: Electric or Water | Exact meter model,Not available from verified source data.,none
28165,"Title: Badr Eldeen - Issuing Tariff Cards
Tags: Badr Eldeen; CI; SMS; Software",Software,Unknown,Unknown,Unknown,Unknown,Unknown,System or software involved | Meter type: Electric or Water | Exact meter model | Exact error code or error message,Not available from verified source data.,none
28164,"Title: Elgouna- Updates on meters with no readings
Tags: Elgouna; PI; Smart; Software",Software,Unknown,Unknown,Unknown,Unknown,Unknown,System or software involved | Meter type: Electric or Water | Exact meter model | Exact error code or error message,Not available from verified source data.,none
28163,"Title: New Giza - Invoice Issue
Tags: New giza; PI; Smart; Software",Software,Unknown,Unknown,Unknown,Unknown,Unknown,System or software involved | Meter type: Electric or Water | Exact meter model | Exact error code or error message,Not available from verified source data.,none
28162,"Title: Sun capital - Tariff issue in some meters
Tags: CI; Smart; Software; Suncapital",Software,Unknown,Unknown,Unknown,Unknown,Unknown,System or software involved | Meter type: Electric or Water | Exact meter model | Exact error code or error message,Not available from verified source data.,none
28129,"Title: Light Power - Open terminal cover error while cover is closed
Tags: Hardware; Lightpower; PEM; PI",Hardware,Unknown,Unknown,Unknown,Unknown,Unknown,System or software involved | Meter type: Electric or Water | Exact meter model | Exact error code or error message,Not available from verified source data.,none
28128,"Title: New Giza - Load Profile Issue
Tags: New giza; PI; Smart; Software",Software,Unknown,Unknown,Unknown,Unknown,Unknown,System or software involved | Meter type: Electric or Water | Exact meter model | Exact error code or error message,Not available from verified source data.,none
28127,"Title: UEDC - Error 70
System Info: Err-2370
Tags: CI; Hardware; PEM; UEDC",Hardware,Unknown,Unknown,Unknown,70|2370,Unknown,System or software involved | Meter type: Electric or Water | Exact meter model,Not available from verified source data.,none
28126,"Title: Kattameya Heights- Delete Settlement from database
Tags: aqua; CI; Kattameya; Software",Software,Aqua,Unknown,Unknown,Unknown,Unknown,Meter type: Electric or Water | Exact meter model | Exact error code or error message,Not available from verified source data.,none
28125,"Title: Kattameya Heights- Reinitialize water meter
Tags: aqua; CI; Kattameya; Software",Software,Aqua,Water,Unknown,Unknown,Unknown,Exact meter model | Exact error code or error message,Not available from verified source data.,none
28124,"Title: Private Sector Meters Maintenance Follow-up
Tags: Hardware; PI; Private; PWM; W",Hardware,Unknown,Unknown,Unknown,Unknown,Unknown,System or software involved | Meter type: Electric or Water | Exact meter model | Exact error code or error message,Not available from verified source data.,none
28123,"Title: UEDC - Error B1
System Info: Err-00b1
Tags: CI; Hardware; PEM; UEDC",Hardware,Unknown,Unknown,Unknown,Unknown,Unknown,System or software involved | Meter type: Electric or Water | Exact meter model | Exact error code or error message,Not available from verified source data.,none
28122,"Title: UEDC - Error A7
System Info: Err-00A7
Tags: CI; Hardware; PEM; UEDC",Hardware,Unknown,Unknown,Unknown,Unknown,Unknown,System or software involved | Meter type: Electric or Water | Exact meter model | Exact error code or error message,Not available from verified source data.,none
28121,"Title: UEDC - Error A2
System Info: Err-00A2
Tags: CI; Hardware; PEM; UEDC",Hardware,Unknown,Unknown,Unknown,Unknown,Unknown,System or software involved | Meter type: Electric or Water | Exact meter model | Exact error code or error message,Not available from verified source data.,none
28120,"Title: Stone Heights- Edit Tariff
Tags: aqua; CI; Software; Stone Heights",Software,Aqua,Unknown,Unknown,Unknown,Unknown,Meter type: Electric or Water | Exact meter model | Exact error code or error message,Not available from verified source data.,none
28119,"Title: Sun Capital - Water meter troubleshooting
Tags: Hardware; PI; Suncapital; SWM; W",Hardware,Unknown,Water,Unknown,Unknown,Unknown,System or software involved | Exact meter model | Exact error code or error message,Not available from verified source data.,none
28118,"Title: Emdad - Inquiry about customer credit balance
Tags: aqua; CI; Emdad; Software",Software,Aqua,Unknown,Unknown,Unknown,Unknown,Meter type: Electric or Water | Exact meter model | Exact error code or error message,Not available from verified source data.,none
28117,"Title: Epower: Delete charge
Tags: CI; Epower; Software; vending",Software,Vending,Unknown,Unknown,Unknown,Unknown,Meter type: Electric or Water | Exact meter model | Exact error code or error message,Not available from verified source data.,none
28116,"Title: Obour: Utility Electrical Meters Maintenance
Tags: CI; Hardware; NCDC; PEM; PI; Utility; W",Hardware,Electric,Electric,Unknown,Unknown,Unknown,Exact meter model | Exact error code or error message,Not available from verified source data.,none
28115,"Title: Badr Eldeen - Issuing a Tariff Card
System Info: IC-0004
Tags: Badr Eldeen; CI; SMS; Software",Software,Unknown,Unknown,Unknown,Unknown,Unknown,System or software involved | Meter type: Electric or Water | Exact meter model | Exact error code or error message,Not available from verified source data.,none
28114,"Title: La Vie - Creating a new Technician
Tags: CI; lavie; Software; vending",Software,Vending,Unknown,Unknown,Unknown,Unknown,Meter type: Electric or Water | Exact meter model | Exact error code or error message,Not available from verified source data.,none
28113,"Title: Light Power - Relay open even with remove tamper card
System Info: oP-tCou
Tags: CI; Hardware; Lightpower; PEM",Hardware,Unknown,Unknown,Unknown,Unknown,Unknown,System or software involved | Meter type: Electric or Water | Exact meter model | Exact error code or error message,Not available from verified source data.,none
28112,"Title: Lavie - Mend Card General Error
System Info: General Error
Tags: CI; lavie; PI; Software; vending",Software,Vending,Unknown,Unknown,Unknown,Unknown,Meter type: Electric or Water | Exact meter model | Exact error code or error message,Not available from verified source data.,none
28111,"Title: Elsewedy E&C- Inquiry about v4 meter
Tags: CI; Elsewedy E&C; PEM; Software",Software,Unknown,Unknown,Unknown,Unknown,Unknown,System or software involved | Meter type: Electric or Water | Exact meter model | Exact error code or error message,Not available from verified source data.,none
28110,"Title: Somabay - Customer service tariff
Tags: CI; Smart; Software; Somabay",Software,Unknown,Unknown,Unknown,Unknown,Unknown,System or software involved | Meter type: Electric or Water | Exact meter model | Exact error code or error message,Not available from verified source data.,none
28109,"Title: Amexico - Update water tariff
Tags: Amexico; CI; PVMS; Software",Software,Unknown,Water,Unknown,Unknown,Unknown,System or software involved | Exact meter model | Exact error code or error message,Not available from verified source data.,none
28108,"Title: Power Electric - Add Tariff
Tags: CI; Meterverse; Power Electric; Software",Software,MeterVerse|Electric,Electric,Unknown,Unknown,Unknown,Exact meter model | Exact error code or error message,Not available from verified source data.,none
28107,"Title: Epower - b4 on mt514
System Info: Err 12b4
Tags: CI; Epower; Hardware; PEM",Hardware,Unknown,Unknown,MT514,Unknown,Unknown,System or software involved | Meter type: Electric or Water | Exact error code or error message,Not available from verified source data.,none
28106,"Title: Light power - Can not read card to charge
Tags: CI; Lightpower; Software; vending",Software,Vending,Unknown,Unknown,Unknown,Unknown,Meter type: Electric or Water | Exact meter model | Exact error code or error message,Not available from verified source data.,none
28105,"Title: Prime - Get device id for server
Tags: aqua; CI; Prime; Software",Software,Aqua,Unknown,Unknown,Unknown,Unknown,Meter type: Electric or Water | Exact meter model | Exact error code or error message,Not available from verified source data.,none
28104,"Title: Light Power -Wrong tariff step on meter
Tags: CI; Hardware; Lightpower; PEM",Hardware,Unknown,Unknown,Unknown,Unknown,Unknown,System or software involved | Meter type: Electric or Water | Exact meter model | Exact error code or error message,Not available from verified source data.,none
28103,"Title: Light Power - Reset MT514 steps
Tags: CI; Hardware; Lightpower; PEM",Hardware,Unknown,Unknown,MT514,Unknown,Unknown,System or software involved | Meter type: Electric or Water | Exact error code or error message,Not available from verified source data.,none
28102,"Title: Somabay - Issue in report
Tags: CI; Smart; Software; Somabay",Software,Unknown,Unknown,Unknown,Unknown,Unknown,System or software involved | Meter type: Electric or Water | Exact meter model | Exact error code or error message,Not available from verified source data.,none
28101,"Title: Waterway - Customer service report empty
Tags: CI; Software; vending; Waterway",Software,Vending,Water,Unknown,Unknown,Unknown,Exact meter model | Exact error code or error message,Not available from verified source data.,none
28100,"Title: Florenza - Meter has 9999 and negative credit
Tags: CI; Florenza; Hardware; PWM",Hardware,Unknown,Unknown,Unknown,Unknown,Unknown,System or software involved | Meter type: Electric or Water | Exact meter model | Exact error code or error message,Not available from verified source data.,none
28099,"Title: Florenza - IC0203 with tariff card
System Info: IC0203
Tags: CI; Florenza; Hardware; PWM",Hardware,Unknown,Unknown,Unknown,Unknown,Unknown,System or software involved | Meter type: Electric or Water | Exact meter model | Exact error code or error message,Not available from verified source data.,none
28098,"Title: Elgouna- Check Status of meters
Tags: CI; Elgouna; Smart; Software",Software,Unknown,Unknown,Unknown,Unknown,Unknown,System or software involved | Meter type: Electric or Water | Exact meter model | Exact error code or error message,Not available from verified source data.,none
28097,"Title: Elsewedy E&C- Inquiry about elabd problems
Tags: CI; Elsewedy E&C; Hardware; PEM",Software|Hardware,Unknown,Unknown,Unknown,Unknown,Unknown,System or software involved | Meter type: Electric or Water | Exact meter model | Exact error code or error message,Not available from verified source data.,none
28096,"Title: The View- Inquiry about mechanical consumption of PWM
Tags: CI; PWM; Software; The view",Software,Unknown,Unknown,Unknown,Unknown,Unknown,System or software involved | Meter type: Electric or Water | Exact meter model | Exact error code or error message,Not available from verified source data.,none
28095,"Title: Travco - Delete User
Tags: CI; Software; Travco; Visa",Software,Unknown,Unknown,Unknown,Unknown,Unknown,System or software involved | Meter type: Electric or Water | Exact meter model | Exact error code or error message,Not available from verified source data.,none
28094,"Title: Travco - Delete User
Tags: CI; Software; Travco; Visa",Software,Unknown,Unknown,Unknown,Unknown,Unknown,System or software involved | Meter type: Electric or Water | Exact meter model | Exact error code or error message,Not available from verified source data.,none
28093,"Title: New Giza - Invoice Issue
Tags: CI; New giza; Smart; Software",Software,Unknown,Unknown,Unknown,Unknown,Unknown,System or software involved | Meter type: Electric or Water | Exact meter model | Exact error code or error message,Not available from verified source data.,none
28092,"Title: Prime - Correct ip config for aqua url
Tags: aqua; CI; Prime; Software",Software,Aqua,Unknown,Unknown,Unknown,Unknown,Meter type: Electric or Water | Exact meter model | Exact error code or error message,Not available from verified source data.,none
28091,"Title: Kai - Update tariff date
Tags: aqua; CI; KAI; Software",Software,Aqua,Unknown,Unknown,Unknown,Unknown,Meter type: Electric or Water | Exact meter model | Exact error code or error message,Not available from verified source data.,none
28090,"Title: Holland-Service Down
Tags: CI; Holand; Smart; Software",Software,Unknown,Unknown,Unknown,Unknown,Unknown,System or software involved | Meter type: Electric or Water | Exact meter model | Exact error code or error message,Not available from verified source data.,none
28089,"Title: Epower - Modify date
Tags: CI; Epower; Software; vending",Software,Vending,Unknown,Unknown,Unknown,Unknown,Meter type: Electric or Water | Exact meter model | Exact error code or error message,Not available from verified source data.,none
28088,"Title: Amwaj - Write Card Issue
Tags: Amwaj; PI; Software; vending",Software,Vending,Unknown,Unknown,Unknown,Unknown,Meter type: Electric or Water | Exact meter model | Exact error code or error message,Not available from verified source data.,none
28086,"Title: Scandek - Update water tariff
Tags: CI; ScanDeck; Software; STS",Software,Unknown,Water,Unknown,Unknown,Unknown,System or software involved | Exact meter model | Exact error code or error message,Not available from verified source data.,none
28084,"Title: Scandek - Update electricity tariff
Tags: CI; ScanDeck; Software; vending",Software,Vending|Electric,Electric,Unknown,Unknown,Unknown,Exact meter model | Exact error code or error message,Not available from verified source data.,none
28083,"Title: 10th of Ramadan - Utility Electrical Meter Maintenance
Tags: CDC; CI; Hardware; PI; SEM; SLA; Utility",Hardware,Electric,Electric,Unknown,Unknown,Unknown,Exact meter model | Exact error code or error message,Not available from verified source data.,none
28082,"Title: Kai - Update water tariff
Tags: CI; KAI; SMS; Software",Software,Unknown,Water,Unknown,Unknown,Unknown,System or software involved | Exact meter model | Exact error code or error message,Not available from verified source data.,none
28081,"Title: Capital Galleria - Power factor Deposit
Tags: Capital Galleria; PI; Software; vending",Software,Vending,Unknown,Unknown,Unknown,Unknown,Meter type: Electric or Water | Exact meter model | Exact error code or error message,Not available from verified source data.,none
28080,"Title: Florenza - Update water tariff
Tags: CI; Florenza; Holley; Software",Software,Unknown,Water,Unknown,Unknown,Unknown,System or software involved | Exact meter model | Exact error code or error message,Not available from verified source data.,none
28079,"Title: Sun Capital - Water meter maintenance
Tags: Hardware; PI; Suncapital; SWM; W",Hardware,Unknown,Water,Unknown,Unknown,Unknown,System or software involved | Exact meter model | Exact error code or error message,Not available from verified source data.,none
28078,"Title: Banha - Utility water meter maintanence
Tags: Hardware; HCWW; PI; PWM; Utility; W",Hardware,Unknown,Water,Unknown,Unknown,Unknown,System or software involved | Exact meter model | Exact error code or error message,Not available from verified source data.,none
28077,"Title: REMCO - Delete Meter and Customer from PVMS
Tags: CI; PVMS; REMCO; Software",Software,Unknown,Unknown,Unknown,Unknown,Unknown,System or software involved | Meter type: Electric or Water | Exact meter model | Exact error code or error message,Not available from verified source data.,none
28076,"Title: Florenza - Update water tariff
Tags: CI; Florenza; Software; STS",Software,Unknown,Water,Unknown,Unknown,Unknown,System or software involved | Exact meter model | Exact error code or error message,Not available from verified source data.,none
28075,"Title: Elsewedy E&C- Issue 4 CT ratio cards
Tags: Elsewedy E&C; Hardware; PEM; PI",Hardware,Unknown,Unknown,Unknown,Unknown,Unknown,System or software involved | Meter type: Electric or Water | Exact meter model | Exact error code or error message,Not available from verified source data.,none
28074,"Title: Private Sector Meters Maintenance Follow-up
Tags: Hardware; PEM; PI; Private; W",Hardware,Unknown,Unknown,Unknown,Unknown,Unknown,System or software involved | Meter type: Electric or Water | Exact meter model | Exact error code or error message,Not available from verified source data.,none
28073,"Title: New Heliopolis- IC-203 in PWM
System Info: IC-203
Tags: CI; Hardware; New Heliopolis; PWM",Hardware,Unknown,Unknown,Unknown,Unknown,Unknown,System or software involved | Meter type: Electric or Water | Exact meter model | Exact error code or error message,Not available from verified source data.,none
28072,"Title: Florenza - Update electricity tariff
Tags: CI; Florenza; Software; Visa",Software,Electric,Electric,Unknown,Unknown,Unknown,Exact meter model | Exact error code or error message,Not available from verified source data.,none
28071,"Title: Florenza - Update electricity tariff
Tags: CI; Florenza; Software; vending",Software,Vending|Electric,Electric,Unknown,Unknown,Unknown,Exact meter model | Exact error code or error message,Not available from verified source data.,none
28070,"Title: Florenza - Issue with cards
Tags: CI; Florenza; Software; vending",Software,Vending,Unknown,Unknown,Unknown,Unknown,Meter type: Electric or Water | Exact meter model | Exact error code or error message,Not available from verified source data.,none
28069,"Title: New Giza - Meter Readings Upload Issue
Tags: New giza; PI; Smart; Software",Software,Unknown,Unknown,Unknown,Unknown,Unknown,System or software involved | Meter type: Electric or Water | Exact meter model | Exact error code or error message,Not available from verified source data.,none
28068,"Title: New Giza - Invoice Issue
Tags: CI; New giza; Smart; Software",Software,Unknown,Unknown,Unknown,Unknown,Unknown,System or software involved | Meter type: Electric or Water | Exact meter model | Exact error code or error message,Not available from verified source data.,none
28067,"Title: Waterway - Customer service reports
Tags: CI; Software; vending; Waterway",Software,Vending,Water,Unknown,Unknown,Unknown,Exact meter model | Exact error code or error message,Not available from verified source data.,none
28066,"Title: Sheraton Sharm - Follow up about meter in maintenance
Tags: Hardware; PI; PWM; Sheraton Sharm",Hardware,Unknown,Unknown,Unknown,Unknown,Unknown,System or software involved | Meter type: Electric or Water | Exact meter model | Exact error code or error message,Not available from verified source data.,none
28065,"Title: La Quenta - Update tariff
Tags: CI; Laquenta; Software; STS",Software,Unknown,Unknown,Unknown,Unknown,Unknown,System or software involved | Meter type: Electric or Water | Exact meter model | Exact error code or error message,Not available from verified source data.,none
28064,"Title: Courtyard - Delete last charge
Tags: CI; Courtyard; Software; Visa",Software,Unknown,Unknown,Unknown,Unknown,Unknown,System or software involved | Meter type: Electric or Water | Exact meter model | Exact error code or error message,Not available from verified source data.,none
28063,"Title: Travco - Error 52 with customer card
System Info: Err 0052
Tags: CI; Hardware; PEM; Travco",Hardware,Unknown,Unknown,Unknown,52|0052,Unknown,System or software involved | Meter type: Electric or Water | Exact meter model,Not available from verified source data.,none
28062,"Title: Alex - Can not find customer on system
Tags: Alex; CI; Software; vending",Software,Vending,Unknown,Unknown,Unknown,Unknown,Meter type: Electric or Water | Exact meter model | Exact error code or error message,Not available from verified source data.,none
28061,"Title: Tiba - Customer card lost
Tags: aqua; CI; Software; Tiba",Software,Aqua,Unknown,Unknown,Unknown,Unknown,Meter type: Electric or Water | Exact meter model | Exact error code or error message,Not available from verified source data.,none
28060,"Title: Eamar - Device id
Tags: CI; Eamar; Meterverse; Software",Software,MeterVerse,Unknown,Unknown,Unknown,Unknown,Meter type: Electric or Water | Exact meter model | Exact error code or error message,Not available from verified source data.,none
28059,"Title: Fouka Bay - Problems with the server
Tags: CI; Fouka; Smart; Software",Software,Unknown,Unknown,Unknown,Unknown,Unknown,System or software involved | Meter type: Electric or Water | Exact meter model | Exact error code or error message,Not available from verified source data.,none
28058,"Title: Epower- Follow up about meters that need maintenance
Tags: Epower; Hardware; PI; PWM",Hardware,Unknown,Unknown,Unknown,Unknown,Unknown,System or software involved | Meter type: Electric or Water | Exact meter model | Exact error code or error message,Not available from verified source data.,none
28057,"Title: Badr Eldeen - Modifying Tariff
Tags: Badr Eldeen; CI; SMS; Software",Software,Unknown,Unknown,Unknown,Unknown,Unknown,System or software involved | Meter type: Electric or Water | Exact meter model | Exact error code or error message,Not available from verified source data.,none
28056,"Title: Badr Eldeen - Issuing Tariff Cards
Tags: Badr Eldeen; CI; SMS; Software",Software,Unknown,Unknown,Unknown,Unknown,Unknown,System or software involved | Meter type: Electric or Water | Exact meter model | Exact error code or error message,Not available from verified source data.,none
28055,"Title: New Giza - Changing Customer Service Values
Tags: CI; New giza; Smart; Software",Software,Unknown,Unknown,Unknown,Unknown,Unknown,System or software involved | Meter type: Electric or Water | Exact meter model | Exact error code or error message,Not available from verified source data.,none
28054,"Title: New Giza - Modifying Tariff
Tags: New giza; PI; Smart; Software",Software,Unknown,Unknown,Unknown,Unknown,Unknown,System or software involved | Meter type: Electric or Water | Exact meter model | Exact error code or error message,Not available from verified source data.,none
28053,"Title: Sombay - Check updated tariff
Tags: CI; Smart; Software; Somabay",Software,Unknown,Unknown,Unknown,Unknown,Unknown,System or software involved | Meter type: Electric or Water | Exact meter model | Exact error code or error message,Not available from verified source data.,none
28052,"Title: Light Power - Can not read card to charge
Tags: CI; Lightpower; Software; vending",Software,Vending,Unknown,Unknown,Unknown,Unknown,Meter type: Electric or Water | Exact meter model | Exact error code or error message,Not available from verified source data.,none
28051,"Title: La Vie - Issuing Tarif Card
Tags: CI; lavie; SMS; Software",Software,Unknown,Unknown,Unknown,Unknown,Unknown,System or software involved | Meter type: Electric or Water | Exact meter model | Exact error code or error message,Not available from verified source data.,none
28050,"Title: Badr Eldeen - Checking Tariff Value
Tags: Badr Eldeen; CI; SMS; Software",Software,Unknown,Unknown,Unknown,Unknown,Unknown,System or software involved | Meter type: Electric or Water | Exact meter model | Exact error code or error message,Not available from verified source data.,none
28049,"Title: Light Power - Error 0116 with customer card
System Info: Err 0116
Tags: CI; Hardware; Lightpower; PEM",Hardware,Unknown,Unknown,Unknown,0116,Unknown,System or software involved | Meter type: Electric or Water | Exact meter model,Not available from verified source data.,none
28048,"Title: Light power - Difference between credit on meter and on system
Tags: CI; Lightpower; Software; vending",Software,Vending,Unknown,Unknown,Unknown,Unknown,Meter type: Electric or Water | Exact meter model | Exact error code or error message,Not available from verified source data.,none
28047,"Title: Sun Capital - Valve issues
Tags: CI; Hardware; PWM; Suncapital",Hardware,Unknown,Unknown,Unknown,Unknown,Unknown,System or software involved | Meter type: Electric or Water | Exact meter model | Exact error code or error message,Not available from verified source data.,none
28046,"Title: Mena Oasis- Updates on problems with meters in maintenance
Tags: Hardware; Mena Oasis; PI; PWM",Hardware,Unknown,Unknown,Unknown,Unknown,Unknown,System or software involved | Meter type: Electric or Water | Exact meter model | Exact error code or error message,Not available from verified source data.,none
28045,"Title: MEDC- Updated about meters in maintenance
Tags: Hardware; MEDC; PEM; PI",Hardware,Unknown,Unknown,Unknown,Unknown,Unknown,System or software involved | Meter type: Electric or Water | Exact meter model | Exact error code or error message,Not available from verified source data.,none
28044,"Title: Elsewedy E&C- Inquiry about CT Ratio Cards
Tags: CI; Elsewedy E&C; Hardware; PEM",Software|Hardware,Unknown,Unknown,Unknown,Unknown,Unknown,System or software involved | Meter type: Electric or Water | Exact meter model | Exact error code or error message,Not available from verified source data.,none
28043,"Title: Epower - Delete charges
Tags: CI; Epower; Software; vending",Software,Vending,Unknown,Unknown,Unknown,Unknown,Meter type: Electric or Water | Exact meter model | Exact error code or error message,Not available from verified source data.,none
28042,"Title: Korra - Deleting Settlements from Database
Tags: CI; Korra; Software; vending",Software,Vending,Unknown,Unknown,Unknown,Unknown,Meter type: Electric or Water | Exact meter model | Exact error code or error message,Not available from verified source data.,none
28041,"Title: Korra - 20 West - PF Update
Tags: CI; Korra; Software; vending",Software,Vending,Unknown,Unknown,Unknown,Unknown,Meter type: Electric or Water | Exact meter model | Exact error code or error message,Not available from verified source data.,none
28040,"Title: Taqa - Can not upload readings template
System Info: error.http.error.http.500
Tags: CI; Smart; Software; Taqa",Software,Unknown,Unknown,Unknown,Unknown,Unknown,System or software involved | Meter type: Electric or Water | Exact meter model | Exact error code or error message,Not available from verified source data.,none
28039,"Title: Epower - Can not issue control card
Tags: Epower; PI; Software; vending",Software,Vending,Unknown,Unknown,Unknown,Unknown,Meter type: Electric or Water | Exact meter model | Exact error code or error message,Not available from verified source data.,none
28038,"Title: Amwaj - Write Card Issue
Tags: Amwaj; PI; Software; vending",Software,Vending,Unknown,Unknown,Unknown,Unknown,Meter type: Electric or Water | Exact meter model | Exact error code or error message,Not available from verified source data.,none
28037,"Title: Alex - Password reset for user
Tags: Alex; CI; Software; vending",Software,Vending,Unknown,Unknown,Unknown,Unknown,Meter type: Electric or Water | Exact meter model | Exact error code or error message,Not available from verified source data.,none
28036,"Title: Alex - Open account with permissions
Tags: Alex; CI; Software; vending",Software,Vending,Unknown,Unknown,Unknown,Unknown,Meter type: Electric or Water | Exact meter model | Exact error code or error message,Not available from verified source data.,none
28035,"Title: Waterway - Issue in customer service value in reports
Tags: CI; Software; vending; Waterway",Software,Vending,Water,Unknown,Unknown,Unknown,Exact meter model | Exact error code or error message,Not available from verified source data.,none
28034,"Title: New Fayoum - Utility water meter maintenance
Tags: Hardware; NUCA; PI; PWM; Utility; W",Hardware,Unknown,Water,Unknown,Unknown,Unknown,System or software involved | Exact meter model | Exact error code or error message,Not available from verified source data.,none
28033,"Title: New Beni Suef - Utility water meter maintenance
Tags: Hardware; NUCA; PI; PWM; Utility; W",Hardware,Unknown,Water,Unknown,Unknown,Unknown,System or software involved | Exact meter model | Exact error code or error message,Not available from verified source data.,none
28032,"Title: 10th of Ramadan - Utility electrical meter maintenance
Tags: CDC; CI; Hardware; SEM; SLA; Utility",Hardware,Electric,Electric,Unknown,Unknown,Unknown,Exact meter model | Exact error code or error message,Not available from verified source data.,none
28031,"Title: Private Sector Water Meters New Configuration
Tags: Hardware; PI; Private; PWM; W",Hardware,Unknown,Water,Unknown,Unknown,Unknown,System or software involved | Exact meter model | Exact error code or error message,Not available from verified source data.,none
28030,"Title: Private Sector Meters Maintenance Follow-up
Tags: Hardware; PI; Private; SEM; W",Hardware,Unknown,Unknown,Unknown,Unknown,Unknown,System or software involved | Meter type: Electric or Water | Exact meter model | Exact error code or error message,Not available from verified source data.,none
28029,"Title: Light Power- Can not write technician card
Tags: CI; Lightpower; Software; vending",Software,Vending,Unknown,Unknown,Unknown,Unknown,Meter type: Electric or Water | Exact meter model | Exact error code or error message,Not available from verified source data.,none
28028,"Title: ElAbd- Edit Currency
Tags: ElAbd; PI; Software; vending",Software,Vending,Unknown,Unknown,Unknown,Unknown,Meter type: Electric or Water | Exact meter model | Exact error code or error message,Not available from verified source data.,none
28027,"Title: Light Power- Problem when issuing control card for v5
Tags: CI; Lightpower; Software; vending",Software,Vending,Unknown,Unknown,Unknown,Unknown,Meter type: Electric or Water | Exact meter model | Exact error code or error message,Not available from verified source data.,none
28026,"Title: Caribbeano - Issuing a Tariff Card
Tags: Caribbeano; CI; SMS; Software",Software,Unknown,Unknown,Unknown,Unknown,Unknown,System or software involved | Meter type: Electric or Water | Exact meter model | Exact error code or error message,Not available from verified source data.,none
28025,"Title: Amwaj - Deleting a charge from Database
Tags: Amwaj; CI; Software; vending",Software,Vending,Unknown,Unknown,Unknown,Unknown,Meter type: Electric or Water | Exact meter model | Exact error code or error message,Not available from verified source data.,none
28024,"Title: Caribbeano - Changing Vending Tariff
Tags: Caribbeano; PI; Software; vending",Software,Vending,Unknown,Unknown,Unknown,Unknown,Meter type: Electric or Water | Exact meter model | Exact error code or error message,Not available from verified source data.,none
28023,"Title: Caribbeano - Changing STS Tariff
Tags: Caribbeano; CI; SMS; Software",Software,Unknown,Unknown,Unknown,Unknown,Unknown,System or software involved | Meter type: Electric or Water | Exact meter model | Exact error code or error message,Not available from verified source data.,none
28022,"Title: ElAbd- Create new IC customer
Tags: ElAbd; PI; Software; vending",Software,Vending,Unknown,Unknown,Unknown,Unknown,Meter type: Electric or Water | Exact meter model | Exact error code or error message,Not available from verified source data.,none
28021,"Title: ElAbd- Charging for 2 IC meters
Tags: ElAbd; PI; Software; vending",Software,Vending,Unknown,Unknown,Unknown,Unknown,Meter type: Electric or Water | Exact meter model | Exact error code or error message,Not available from verified source data.,none
28020,"Title: Electro Nile: Meterverse Deployment
Tags: CI; Electronile; Meterverse; Software",Software,MeterVerse,Unknown,Unknown,Unknown,Unknown,Meter type: Electric or Water | Exact meter model | Exact error code or error message,Not available from verified source data.,none
28019,"Title: Alex- Stop edit tariff privilege for admin user
Tags: Alex; CI; Software; vending",Software,Vending,Unknown,Unknown,Unknown,Unknown,Meter type: Electric or Water | Exact meter model | Exact error code or error message,Not available from verified source data.,none
28018,"Title: Cornado- Inquiry about tariff diff settlement meaning
Tags: aqua; CI; Cornado; Software",Software,Aqua,Unknown,Unknown,Unknown,Unknown,Meter type: Electric or Water | Exact meter model | Exact error code or error message,Not available from verified source data.,none
28017,"Title: Light Power- Error-0116
System Info: Error-0116
Tags: CI; Hardware; Lightpower; PEM",Hardware,Unknown,Unknown,Unknown,0116,Unknown,System or software involved | Meter type: Electric or Water | Exact meter model,Not available from verified source data.,none
28009,"Title: New Giza - Invoice Issue
Tags: CI; New giza; Smart; Software",Software,Unknown,Unknown,Unknown,Unknown,Unknown,System or software involved | Meter type: Electric or Water | Exact meter model | Exact error code or error message,Not available from verified source data.,none
28008,"Title: Roaya - Charge Issue
Tags: CI; roaya; Smart; Software",Software,Unknown,Unknown,Unknown,Unknown,Unknown,System or software involved | Meter type: Electric or Water | Exact meter model | Exact error code or error message,Not available from verified source data.,none
28007,"Title: Cornado- Inquiry about how to delete settlement from aqua
Tags: aqua; CI; Cornado; Software",Software,Aqua,Unknown,Unknown,Unknown,Unknown,Meter type: Electric or Water | Exact meter model | Exact error code or error message,Not available from verified source data.,none
27914,"Title: Alex - Create new users
Tags: Alex; PI; Software; vending",Software,Vending,Unknown,Unknown,Unknown,Unknown,Meter type: Electric or Water | Exact meter model | Exact error code or error message,Not available from verified source data.,none
27913,"Title: Alex- Change Password for user
Tags: Alex; CI; Software; vending",Software,Vending,Unknown,Unknown,Unknown,Unknown,Meter type: Electric or Water | Exact meter model | Exact error code or error message,Not available from verified source data.,none
27912,"Title: ElAbd- Error 0001 in MT514
System Info: Error 0001
Tags: ElAbd; Hardware; PEM; PI",Hardware,Unknown,Unknown,MT514,0001,Unknown,System or software involved | Meter type: Electric or Water,Not available from verified source data.,none
27911,"Title: Selena Bay - Error 201
System Info: Err-0201
Tags: CI; Hardware; PEM; Selena bay",Hardware,Unknown,Unknown,Unknown,201|0201,Unknown,System or software involved | Meter type: Electric or Water | Exact meter model,Not available from verified source data.,none
27910,"Title: Azurra: Creating clear tamper card
Tags: Azurra; CI; Software; vending",Software,Vending,Unknown,Unknown,Unknown,Unknown,Meter type: Electric or Water | Exact meter model | Exact error code or error message,Not available from verified source data.,none
27909,"Title: Azurra: Editing meter alarm thresholds
Tags: Azurra; CI; Software; vending",Software,Vending,Unknown,Unknown,Unknown,Unknown,Meter type: Electric or Water | Exact meter model | Exact error code or error message,Not available from verified source data.,none
27908,"Title: Fouka Bay- Check meters' connections
Tags: CI; Fouka; Smart; Software",Software|Communication,Unknown,Unknown,Unknown,Unknown,Unknown,System or software involved | Meter type: Electric or Water | Exact meter model | Exact error code or error message,Not available from verified source data.,none
27907,"Title: Prime: Issue with reading Card
Tags: CI; Prime; Software; vending",Software,Vending,Unknown,Unknown,Unknown,Unknown,Meter type: Electric or Water | Exact meter model | Exact error code or error message,Not available from verified source data.,none
27906,"Title: Bee Plus: Open Accounts from Cyshield test server
Tags: Bee Plus; CI; Software; vending",Software,Vending,Unknown,Unknown,Unknown,Unknown,Meter type: Electric or Water | Exact meter model | Exact error code or error message,Not available from verified source data.,none
27905,"Title: Private Sector Water Meters New Configuration
Tags: Hardware; PI; Private; PWM; W",Hardware,Unknown,Water,Unknown,Unknown,Unknown,System or software involved | Exact meter model | Exact error code or error message,Not available from verified source data.,none
27904,"Title: Chinese Mall- Get system number
Tags: Chinese Mall; CI; Software; vending",Software,Vending,Unknown,Unknown,Unknown,Unknown,Meter type: Electric or Water | Exact meter model | Exact error code or error message,Not available from verified source data.,none
27903,"Title: Ora- Follow up meters in maintenance
Tags: Hardware; Ora; PI; PWM",Hardware,Unknown,Unknown,Unknown,Unknown,Unknown,System or software involved | Meter type: Electric or Water | Exact meter model | Exact error code or error message,Not available from verified source data.,none
27902,"Title: SCDC - Error A2 Inquiry
System Info: Error A2
Tags: CI; Hardware; Inquiry; PEM; Scdc",Software|Hardware,Unknown,Unknown,Unknown,Unknown,Unknown,System or software involved | Meter type: Electric or Water | Exact meter model | Exact error code or error message,Not available from verified source data.,none
27901,"Title: Trivium Zayed - Initiating Maintenance Cycle
Tags: Hardware; PI; PWM; Trivium",Hardware,Unknown,Unknown,Unknown,Unknown,Unknown,System or software involved | Meter type: Electric or Water | Exact meter model | Exact error code or error message,Not available from verified source data.,none
27900,"Title: New Giza - Over Load Issue
Tags: CI; Hardware; New giza; PEM",Hardware,Unknown,Unknown,Unknown,Unknown,Unknown,System or software involved | Meter type: Electric or Water | Exact meter model | Exact error code or error message,Not available from verified source data.,none
27899,"Title: New giza - Inquiry about MT 800
Tags: CI; Hardware; Inquiry; New giza; SEM",Software|Hardware,Unknown,Unknown,Unknown,Unknown,Unknown,System or software involved | Meter type: Electric or Water | Exact meter model | Exact error code or error message,Not available from verified source data.,none
27898,"Title: SC zone - Installing MPMS300 and Getting system serial numbers
Tags: CI; MPMS3000; SC zone; Software",Software|Communication,Unknown,Unknown,Unknown,Unknown,Unknown,System or software involved | Meter type: Electric or Water | Exact meter model | Exact error code or error message,Not available from verified source data.,none
27897,"Title: Ecklat - CT Meters Troubleshooting
Tags: CI; Ecklat; Hardware; PEM",Hardware,Unknown,Unknown,Unknown,Unknown,Unknown,System or software involved | Meter type: Electric or Water | Exact meter model | Exact error code or error message,Not available from verified source data.,none
27896,"Title: Roaya - Monthly Finance Report Issue
Tags: CI; roaya; Smart; Software",Software,Unknown,Unknown,Unknown,Unknown,Unknown,System or software involved | Meter type: Electric or Water | Exact meter model | Exact error code or error message,Not available from verified source data.,none
27895,"Title: Private Sector Meters Maintenance Follow-up
Tags: Hardware; PEM; PI; Private; W",Hardware,Unknown,Unknown,Unknown,Unknown,Unknown,System or software involved | Meter type: Electric or Water | Exact meter model | Exact error code or error message,Not available from verified source data.,none
27894,"Title: New Giza - Changing Meters Name
Tags: CI; New giza; Smart; Software",Software,Unknown,Unknown,Unknown,Unknown,Unknown,System or software involved | Meter type: Electric or Water | Exact meter model | Exact error code or error message,Not available from verified source data.,none
27893,"Title: Prime: Error while charging
System Info: Error: General Error
Tags: CI; Prime; Software; vending",Software,Vending,Unknown,Unknown,Unknown,Unknown,Meter type: Electric or Water | Exact meter model | Exact error code or error message,Not available from verified source data.,none
27892,"Title: Utilities: Enquiry about meter with 1/1 CT-Ratio wrong calculations
Tags: CI; Hardware; PEM; Utilities",Software|Hardware,Unknown,Unknown,Unknown,Unknown,Unknown,System or software involved | Meter type: Electric or Water | Exact meter model | Exact error code or error message,Not available from verified source data.,none
27891,"Title: Azurra: Error Rejected-02
System Info: Error on meter:Rejected-02
Tags: Azurra; Hardware; PI; PWM",Hardware,Unknown,Unknown,Unknown,Unknown,Unknown,System or software involved | Meter type: Electric or Water | Exact meter model | Exact error code or error message,Not available from verified source data.,none
27890,"Title: Aqua View: Adding small receipt to old vending
Tags: Aqua View; CI; Software; vending",Software,Vending|Aqua,Unknown,Unknown,Unknown,Unknown,Meter type: Electric or Water | Exact meter model | Exact error code or error message,Not available from verified source data.,none
27889,"Title: Champ Elysees: Enquiry about server
Tags: Champ Elysees; CI; Software; vending",Software,Vending,Unknown,Unknown,Unknown,Unknown,Meter type: Electric or Water | Exact meter model | Exact error code or error message,Not available from verified source data.,none
27888,"Title: Prime: Making control cards with J-Kit tool
Tags: aqua; CI; Prime; Software",Software,Aqua,Unknown,Unknown,Unknown,Unknown,Meter type: Electric or Water | Exact meter model | Exact error code or error message,Not available from verified source data.,none
27886,"Title: October - Utility Water Meter Maintenance
Tags: Hardware; NUCA; PI; PWM; Utility; W",Hardware,Unknown,Water,Unknown,Unknown,Unknown,System or software involved | Exact meter model | Exact error code or error message,Not available from verified source data.,none
27885,"Title: Zayed - Utility Water Meter Maintenance
Tags: Hardware; NUCA; PI; PWM; Utility; W",Hardware,Unknown,Water,Unknown,Unknown,Unknown,System or software involved | Exact meter model | Exact error code or error message,Not available from verified source data.,none
27884,"Title: 10th of Ramadan - Electrical Meter Maintenance
Tags: CDC; CI; Hardware; SEM; SLA; Utility",Hardware,Electric,Electric,Unknown,Unknown,Unknown,Exact meter model | Exact error code or error message,Not available from verified source data.,none
27883,"Title: ElAbd - Error 01b1 while resetting meter
System Info: Error 01b1
Tags: CI; ElAbd; Hardware; PEM",Hardware,Unknown,Unknown,Unknown,Unknown,Unknown,System or software involved | Meter type: Electric or Water | Exact meter model | Exact error code or error message,Not available from verified source data.,none
27882,"Title: ElAbd - Inquiry about V5 meter connection and steps
Tags: CI; ElAbd; Hardware; PEM",Software|Hardware|Communication,Unknown,Unknown,Unknown,Unknown,Unknown,System or software involved | Meter type: Electric or Water | Exact meter model | Exact error code or error message,Not available from verified source data.,none
27881,"Title: ElAhly Momken - Inquiry about meters
Tags: El Ahly Momken; Inquiry",Software,Unknown,Unknown,Unknown,Unknown,Unknown,System or software involved | Meter type: Electric or Water | Exact meter model | Exact error code or error message,Not available from verified source data.,none
27880,"Title: Cyshield - Test Server
Tags: CI; cyshield service; Software; vending",Software,Vending,Unknown,Unknown,Unknown,Unknown,Meter type: Electric or Water | Exact meter model | Exact error code or error message,Not available from verified source data.,none
27879,"Title: Arbiano - Get number of meters and their types
Tags: Arbiano; CI; Software; vending",Software,Vending,Unknown,Unknown,Unknown,Unknown,Meter type: Electric or Water | Exact meter model | Exact error code or error message,Not available from verified source data.,none
27878,"Title: Capital Galleria - Get number of meters and their types
Tags: Capital Galleria; CI; Software; vending",Software,Vending,Unknown,Unknown,Unknown,Unknown,Meter type: Electric or Water | Exact meter model | Exact error code or error message,Not available from verified source data.,none
27877,"Title: Cornado reset meter from database
Tags: aqua; CI; Cornado; Software",Software,Aqua,Unknown,Unknown,Unknown,Unknown,Meter type: Electric or Water | Exact meter model | Exact error code or error message,Not available from verified source data.,none
27876,"Title: SDDC tariff inquiry on IC system
Tags: CI; SDDC; Software; vending",Software,Vending,Unknown,Unknown,Unknown,Unknown,Meter type: Electric or Water | Exact meter model | Exact error code or error message,Not available from verified source data.,none
27875,"Title: E&C install mpms 300 software and get system serial id
Tags: CI; Elsewedy E&C; MPMS3000; Software",Software|Communication,Unknown,Unknown,Unknown,Unknown,Unknown,System or software involved | Meter type: Electric or Water | Exact meter model | Exact error code or error message,Not available from verified source data.,none
27874,"Title: ‏E&C meters inquiry
Tags: Elsewedy E&C; Hardware; PEM; PI",Software|Hardware,Unknown,Unknown,Unknown,Unknown,Unknown,System or software involved | Meter type: Electric or Water | Exact meter model | Exact error code or error message,Not available from verified source data.,none
27873,"Title: Foukabay change meters locations
Tags: CI; Fouka; Smart; Software",Software,Unknown,Unknown,Unknown,Unknown,Unknown,System or software involved | Meter type: Electric or Water | Exact meter model | Exact error code or error message,Not available from verified source data.,none
27871,"Title: ElAbd - Can not charge IC meter
System Info: Error while writing data
Tags: CI; ElAbd; Software; vending",Software,Vending,Unknown,Unknown,Unknown,Unknown,Meter type: Electric or Water | Exact meter model | Exact error code or error message,Not available from verified source data.,none
27870,"Title: ElAbd - Reset meter
Tags: aqua; CI; ElAbd; Software",Software,Aqua,Unknown,Unknown,Unknown,Unknown,Meter type: Electric or Water | Exact meter model | Exact error code or error message,Not available from verified source data.,none
27868,"Title: ElAbd - IC-0004 with open account card
System Info: IC-0004
Tags: CI; ElAbd; Hardware; PWM",Hardware,Unknown,Unknown,Unknown,Unknown,Unknown,System or software involved | Meter type: Electric or Water | Exact meter model | Exact error code or error message,Not available from verified source data.,none
27867,"Title: ElAbd - Can not issue card for customer
System Info: Error while writing data on card
Tags: CI; ElAbd; Software; vending",Software,Vending,Unknown,Unknown,Unknown,Unknown,Meter type: Electric or Water | Exact meter model | Exact error code or error message,Not available from verified source data.,none
27866,"Title: ElAbd - IC -1700 with customer card
System Info: IC-1700
Tags: CI; ElAbd; Hardware; PWM",Hardware,Unknown,Unknown,Unknown,Unknown,Unknown,System or software involved | Meter type: Electric or Water | Exact meter model | Exact error code or error message,Not available from verified source data.,none
27865,"Title: Qena Gardens - Invalid charge on card
Tags: aqua; CI; Qena Gardens; Software",Software,Aqua,Unknown,Unknown,Unknown,Unknown,Meter type: Electric or Water | Exact meter model | Exact error code or error message,Not available from verified source data.,none
27864,"Title: Light Power - Meter does not respond to any cards
System Info: Cardinlet house
Tags: CI; Hardware; Lightpower; PEM",Hardware,Unknown,Unknown,Unknown,Unknown,Unknown,System or software involved | Meter type: Electric or Water | Exact meter model | Exact error code or error message,Not available from verified source data.,none
27794,"Title: Light Power - Error 0805
System Info: Err 0805
Tags: CI; Hardware; Lightpower; PWM",Hardware,Unknown,Unknown,Unknown,0805,Unknown,System or software involved | Meter type: Electric or Water | Exact meter model,Not available from verified source data.,none
27793,"Title: Elsewedy E&C- Inquiry about CT ratio page in MT800
Tags: CI; Elsewedy E&C; Hardware; PEM",Software|Hardware,Unknown,Unknown,MT800,Unknown,Unknown,System or software involved | Meter type: Electric or Water | Exact error code or error message,Not available from verified source data.,none
27792,"Title: Elsewedy E&C- Inquiy about MT800 Wiring
Tags: Elsewedy E&C; Hardware; PEM; PI",Software|Hardware,Unknown,Unknown,MT800,Unknown,Unknown,System or software involved | Meter type: Electric or Water | Exact error code or error message,Not available from verified source data.,none
27791,"Title: Veranda- Edit Friendly Time in Aqua
Tags: aqua; CI; Software; Veranda",Software,Aqua,Unknown,Unknown,Unknown,Unknown,Meter type: Electric or Water | Exact meter model | Exact error code or error message,Not available from verified source data.,none
27790,"Title: Veranda - Edit Friendly time in vending
Tags: CI; Software; vending; Veranda",Software,Vending,Unknown,Unknown,Unknown,Unknown,Meter type: Electric or Water | Exact meter model | Exact error code or error message,Not available from verified source data.,none
27789,"Title: EPower: Total consumption page enquiry
Tags: CI; Epower; Hardware; Petra Gate",Software|Hardware,Unknown,Unknown,Unknown,Unknown,Unknown,System or software involved | Meter type: Electric or Water | Exact meter model | Exact error code or error message,Not available from verified source data.,none
27788,"Title: New Giza - Invoice Issue
Tags: Newgiza; PI; Smart; Software",Software,Unknown,Unknown,Unknown,Unknown,Unknown,System or software involved | Meter type: Electric or Water | Exact meter model | Exact error code or error message,Not available from verified source data.,none
27787,"Title: New Giza - Invoice Issue
Tags: CI; Newgiza; Smart; Software",Software,Unknown,Unknown,Unknown,Unknown,Unknown,System or software involved | Meter type: Electric or Water | Exact meter model | Exact error code or error message,Not available from verified source data.,none
27786,"Title: Cornado- Steps how to delete data on card
Tags: aqua; CI; Cornado; Software",Software,Aqua,Unknown,Unknown,Unknown,Unknown,Meter type: Electric or Water | Exact meter model | Exact error code or error message,Not available from verified source data.,none
27785,"Title: Cornado- Inquiry about adding meters' batch
Tags: aqua; CI; Cornado; Software",Software,Aqua,Unknown,Unknown,Unknown,Unknown,Meter type: Electric or Water | Exact meter model | Exact error code or error message,Not available from verified source data.,none
27784,"Title: Azzura - Rev error so valve is closed
Tags: Azzura; CI; Hardware; PWM",Hardware,Unknown,Unknown,Unknown,Unknown,Unknown,System or software involved | Meter type: Electric or Water | Exact meter model | Exact error code or error message,Not available from verified source data.,none
27783,"Title: Cornado- IC-0002
System Info: IC-0002
Tags: CI; Cornado; Hardware; PWM",Hardware,Unknown,Unknown,Unknown,Unknown,Unknown,System or software involved | Meter type: Electric or Water | Exact meter model | Exact error code or error message,Not available from verified source data.,none
27782,"Title: Light Power - Issue control cards
Tags: CI; Lightpower; Software; vending",Software,Vending,Unknown,Unknown,Unknown,Unknown,Meter type: Electric or Water | Exact meter model | Exact error code or error message,Not available from verified source data.,none
27781,"Title: New Giza - Duplicated Invoice
Tags: Newgiza; PI; Smart; Software",Software,Unknown,Unknown,Unknown,Unknown,Unknown,System or software involved | Meter type: Electric or Water | Exact meter model | Exact error code or error message,Not available from verified source data.,none
27780,"Title: Kernel- Inquiry about tariff in aqua
Tags: aqua; CI; Kernel; Software",Software,Aqua,Unknown,Unknown,Unknown,Unknown,Meter type: Electric or Water | Exact meter model | Exact error code or error message,Not available from verified source data.,none
27779,"Title: Cornado- Problem when adding customer
Tags: aqua; CI; Cornado; Software",Software,Aqua,Unknown,Unknown,Unknown,Unknown,Meter type: Electric or Water | Exact meter model | Exact error code or error message,Not available from verified source data.,none
27778,"Title: Badreldeen - Update Tariff
Tags: Badr Eldeen; CI; Software; STS",Software,Unknown,Unknown,Unknown,Unknown,Unknown,System or software involved | Meter type: Electric or Water | Exact meter model | Exact error code or error message,Not available from verified source data.,none
27777,"Title: Kattameya Heights- Tamper in meter
Tags: Hardware; Kattameya; PI; PWM",Hardware,Unknown,Unknown,Unknown,Unknown,Unknown,System or software involved | Meter type: Electric or Water | Exact meter model | Exact error code or error message,Not available from verified source data.,none
27776,"Title: Selena Bay - Inquiry about cpu and java cards
Tags: Hardware; PEM; PI; Selena bay",Software|Hardware,Unknown,Unknown,Unknown,Unknown,Unknown,System or software involved | Meter type: Electric or Water | Exact meter model | Exact error code or error message,Not available from verified source data.,none
27774,"Title: Power Electric - Get Device ID
Tags: CI; Power Electric; Software; vending",Software,Vending|Electric,Electric,Unknown,Unknown,Unknown,Exact meter model | Exact error code or error message,Not available from verified source data.,none
27773,"Title: Dorra- Edit Tariff from visa
Tags: CI; Dorra; SLA; Software; Visa",Software,Unknown,Unknown,Unknown,Unknown,Unknown,System or software involved | Meter type: Electric or Water | Exact meter model | Exact error code or error message,Not available from verified source data.,none
27772,"Title: New Heliopolis- Rev Error on meter
System Info: Rev Error
Tags: Hardware; New Heliopolis; PI; PWM",Hardware,Unknown,Unknown,Unknown,Unknown,Unknown,System or software involved | Meter type: Electric or Water | Exact meter model | Exact error code or error message,Not available from verified source data.,none
27771,"Title: Kattameya Heights - Problems with meters in maintenance
Tags: Hardware; Kattameya; PI; PWM",Hardware,Unknown,Unknown,Unknown,Unknown,Unknown,System or software involved | Meter type: Electric or Water | Exact meter model | Exact error code or error message,Not available from verified source data.,none
27770,"Title: Courtyard - Delete charge
Tags: CI; Courtyard; Software; Visa",Software,Unknown,Unknown,Unknown,Unknown,Unknown,System or software involved | Meter type: Electric or Water | Exact meter model | Exact error code or error message,Not available from verified source data.,none
27769,"Title: The view- Reset meter from database
Tags: aqua; CI; Software; The view",Software,Aqua,Unknown,Unknown,Unknown,Unknown,Meter type: Electric or Water | Exact meter model | Exact error code or error message,Not available from verified source data.,none
27768,"Title: New Giza - Inquiry about manual readings and invoices
Tags: CI; Newgiza; Smart; Software",Software,Unknown,Unknown,Unknown,Unknown,Unknown,System or software involved | Meter type: Electric or Water | Exact meter model | Exact error code or error message,Not available from verified source data.,none
27767,"Title: The View- Problem in creating customer
System Info: يحنوي هذه العداد على بطاقة نشطة
Tags: aqua; CI; Software; The view",Software,Aqua,Unknown,Unknown,Unknown,Unknown,Meter type: Electric or Water | Exact meter model | Exact error code or error message,Not available from verified source data.,none
27766,"Title: The View- Troubleshoot meter and customer not linked
Tags: aqua; CI; Software; The view",Software,Aqua,Unknown,Unknown,Unknown,Unknown,Meter type: Electric or Water | Exact meter model | Exact error code or error message,Not available from verified source data.,none
27765,"Title: Light Sharm: Vending not working
System Info: Service unavailable
Tags: CI; Light Sharm; Software; vending",Software,Vending,Unknown,Unknown,Unknown,Unknown,Meter type: Electric or Water | Exact meter model | Exact error code or error message,Not available from verified source data.,none
27764,"Title: Azurra: Alarm threshold card
Tags: Azurra; CI; Software; Visa",Software,Unknown,Unknown,Unknown,Unknown,Unknown,System or software involved | Meter type: Electric or Water | Exact meter model | Exact error code or error message,Not available from verified source data.,none
27763,"Title: ElAbd - Delete settlement
Tags: aqua; CI; ElAbd; Software",Software,Aqua,Unknown,Unknown,Unknown,Unknown,Meter type: Electric or Water | Exact meter model | Exact error code or error message,Not available from verified source data.,none
27762,"Title: New Giza - No consumptions in invoice
Tags: CI; Newgiza; Smart; Software",Software,Unknown,Unknown,Unknown,Unknown,Unknown,System or software involved | Meter type: Electric or Water | Exact meter model | Exact error code or error message,Not available from verified source data.,none
27761,"Title: Emaar - Change meter status
Tags: CI; Emaar; Smart; Software",Software,Unknown,Unknown,Unknown,Unknown,Unknown,System or software involved | Meter type: Electric or Water | Exact meter model | Exact error code or error message,Not available from verified source data.,none
27760,"Title: The View- Steps to add customer and meter
Tags: aqua; CI; Software; The view",Software,Aqua,Unknown,Unknown,Unknown,Unknown,Meter type: Electric or Water | Exact meter model | Exact error code or error message,Not available from verified source data.,none
27759,"Title: ElAbd - Valve closed opened with negative balance and errors
System Info: E-106 & E-107
Tags: ElAbd; Hardware; PI; PWM",Hardware,Unknown,Unknown,Unknown,106|107,Unknown,System or software involved | Meter type: Electric or Water | Exact meter model,Not available from verified source data.,none
27758,"Title: The View- Inquiry about how to add meter batch
Tags: aqua; CI; Software; The view",Software,Aqua,Unknown,Unknown,Unknown,Unknown,Meter type: Electric or Water | Exact meter model | Exact error code or error message,Not available from verified source data.,none
27757,"Title: UEDC - Update tariff permissions
Tags: CI; UEDC; Utility; vending",Software,Vending,Unknown,Unknown,Unknown,Unknown,Meter type: Electric or Water | Exact meter model | Exact error code or error message,Not available from verified source data.,none
27756,"Title: New Cairo: Utility Water Meter Maintenance visit
Tags: Hardware; NUCA; PI; PWM; Utility; W",Hardware,Unknown,Water,Unknown,Unknown,Unknown,System or software involved | Exact meter model | Exact error code or error message,Not available from verified source data.,none
27755,"Title: Sharkia: Utility Water Meter Maintenance visit
Tags: Hardware; HCWW; PI; PWM; Utility; W",Hardware,Unknown,Water,Unknown,Unknown,Unknown,System or software involved | Exact meter model | Exact error code or error message,Not available from verified source data.,none
27754,"Title: EPower: July Solar Readings
Tags: CI; Epower; Smart; Software",Software,Unknown,Unknown,Unknown,Unknown,Unknown,System or software involved | Meter type: Electric or Water | Exact meter model | Exact error code or error message,Not available from verified source data.,none
27753,"Title: Emaar-Marassi- Edit water meter connection with electricity
Tags: Emaar; PI; Smart; Software",Software|Communication,Electric,Water|Electric,Unknown,Unknown,Unknown,Exact meter model | Exact error code or error message,Not available from verified source data.,none
27752,"Title: Emaar - Check readings
Tags: CI; Emaar; Smart; Software",Software,Unknown,Unknown,Unknown,Unknown,Unknown,System or software involved | Meter type: Electric or Water | Exact meter model | Exact error code or error message,Not available from verified source data.,none
27751,"Title: MEDC- Follow Up on meters in maintenance
Tags: Hardware; MEDC; PEM; PI",Hardware,Unknown,Unknown,Unknown,Unknown,Unknown,System or software involved | Meter type: Electric or Water | Exact meter model | Exact error code or error message,Not available from verified source data.,none
27750,"Title: Cornado- STS meter has high negative balance
Tags: Cornado; Hardware; PI; PWM",Hardware,Unknown,Unknown,Unknown,Unknown,Unknown,System or software involved | Meter type: Electric or Water | Exact meter model | Exact error code or error message,Not available from verified source data.,none
27749,"Title: Motawe Group- Inquiry about changing tariff
Tags: CI; Motawe Group; Software; vending",Software,Vending,Unknown,Unknown,Unknown,Unknown,Meter type: Electric or Water | Exact meter model | Exact error code or error message,Not available from verified source data.,none
27748,"Title: Trivium - E-100 with customer card
System Info: E-100
Tags: CI; Hardware; PWM; Trivium",Hardware,Unknown,Unknown,Unknown,100,Unknown,System or software involved | Meter type: Electric or Water | Exact meter model,Not available from verified source data.,none
27747,"Title: Trivium - IC-900 with remove tamper card
System Info: IC-900
Tags: CI; Hardware; PWM; Trivium",Hardware,Unknown,Unknown,Unknown,Unknown,Unknown,System or software involved | Meter type: Electric or Water | Exact meter model | Exact error code or error message,Not available from verified source data.,none
27746,"Title: 10th of Ramadan - Utility electrical meter
Tags: CDC; CI; Hardware; SEM; SLA; Utility",Hardware,Electric,Electric,Unknown,Unknown,Unknown,Exact meter model | Exact error code or error message,Not available from verified source data.,none
27745,"Title: Sun Capital - Electrical And Water Meters Communication troubleshooting
Tags: CI; Hardware; SEM; Suncapital; W",Hardware|Communication,Electric,Water|Electric,Unknown,Unknown,Unknown,Exact meter model | Exact error code or error message,Not available from verified source data.,none
27744,"Title: Sun Capital - Electrical And Water Meters Communication troubleshooting
Tags: Hardware; PI; Suncapital; SWM; W",Hardware|Communication,Electric,Water|Electric,Unknown,Unknown,Unknown,Exact meter model | Exact error code or error message,Not available from verified source data.,none
27743,"Title: Trivium - Error E-101 on water meter
System Info: E-101
Tags: CI; Hardware; PWM; STS",Hardware,Unknown,Water,Unknown,101,Unknown,System or software involved | Exact meter model,Not available from verified source data.,none
27742,"Title: Electro Nile: Acquiring device ID
Tags: CI; Electronile; Meterverse; Software",Software,MeterVerse,Unknown,Unknown,Unknown,Unknown,Meter type: Electric or Water | Exact meter model | Exact error code or error message,Not available from verified source data.,none
27741,"Title: Azurra: Alarm threshold enquiry
Tags: Azurra; CI; Software; Visa",Software,Unknown,Unknown,Unknown,Unknown,Unknown,System or software involved | Meter type: Electric or Water | Exact meter model | Exact error code or error message,Not available from verified source data.,none
27740,"Title: Azurra: Friendly time issue
Tags: Azurra; CI; Software; vending",Software,Vending,Unknown,Unknown,Unknown,Unknown,Meter type: Electric or Water | Exact meter model | Exact error code or error message,Not available from verified source data.,none
27738,"Title: New Giza - Solar Invoice Issue
Tags: New giza; PI; Smart; Software",Software,Unknown,Unknown,Unknown,Unknown,Unknown,System or software involved | Meter type: Electric or Water | Exact meter model | Exact error code or error message,Not available from verified source data.,none
27736,"Title: Utilities: Delete charge
Tags: CI; Software; Utilities; vending",Software,Vending,Unknown,Unknown,Unknown,Unknown,Meter type: Electric or Water | Exact meter model | Exact error code or error message,Not available from verified source data.,none
27735,"Title: SC Zone - Transferring MPMS software
Tags: CI; MPMS; SC zone; Software",Software,Unknown,Unknown,Unknown,Unknown,Unknown,System or software involved | Meter type: Electric or Water | Exact meter model | Exact error code or error message,Not available from verified source data.,none
27734,"Title: EPower: Delete Charges
Tags: CI; Epower; Smart; Software",Software,Unknown,Unknown,Unknown,Unknown,Unknown,System or software involved | Meter type: Electric or Water | Exact meter model | Exact error code or error message,Not available from verified source data.,none
27733,"Title: Azurra: Security Update & Proxy server issue
Tags: Azurra; CI; Software; vending",Software,Vending,Unknown,Unknown,Unknown,Unknown,Meter type: Electric or Water | Exact meter model | Exact error code or error message,Not available from verified source data.,none
27732,"Title: New Giza - Invoice Issue
Tags: New giza; PI; Smart; Software",Software,Unknown,Unknown,Unknown,Unknown,Unknown,System or software involved | Meter type: Electric or Water | Exact meter model | Exact error code or error message,Not available from verified source data.,none
27731,"Title: Taqa - Change tariff date
Tags: CI; Smart; Software; Taqa",Software,Unknown,Unknown,Unknown,Unknown,Unknown,System or software involved | Meter type: Electric or Water | Exact meter model | Exact error code or error message,Not available from verified source data.,none
27730,"Title: Light Power - Reject 02
System Info: reject 02
Tags: CI; Hardware; Lightpower; PWM",Hardware,Unknown,Unknown,Unknown,02,Unknown,System or software involved | Meter type: Electric or Water | Exact meter model,Not available from verified source data.,none
27729,"Title: EPower: Consumption Steps Details report issue
Tags: CI; Epower; Smart; Software",Software,Unknown,Unknown,Unknown,Unknown,Unknown,System or software involved | Meter type: Electric or Water | Exact meter model | Exact error code or error message,Not available from verified source data.,none
27728,"Title: EPower: Consumption Steps Details report issue
Tags: CI; Epower; Smart; Software",Software,Unknown,Unknown,Unknown,Unknown,Unknown,System or software involved | Meter type: Electric or Water | Exact meter model | Exact error code or error message,Not available from verified source data.,none
27727,"Title: Light power - Reject 02
System Info: reject 02
Tags: CI; Hardware; Lightpower; PWM",Hardware,Unknown,Unknown,Unknown,02,Unknown,System or software involved | Meter type: Electric or Water | Exact meter model,Not available from verified source data.,none
27726,"Title: New Giza - Changing Billing Tariff
Tags: CI; New giza; Smart; Software",Software,Billing,Unknown,Unknown,Unknown,Unknown,Meter type: Electric or Water | Exact meter model | Exact error code or error message,Not available from verified source data.,none
27725,"Title: New Giza - Changing Vending Tariff
Tags: CI; New giza; Software; vending",Software,Vending,Unknown,Unknown,Unknown,Unknown,Meter type: Electric or Water | Exact meter model | Exact error code or error message,Not available from verified source data.,none
27724,"Title: New Heliopolis - Delete Settlement
Tags: aqua; CI; NewHeliopolis; Software",Software,Aqua,Unknown,Unknown,Unknown,Unknown,Meter type: Electric or Water | Exact meter model | Exact error code or error message,Not available from verified source data.,none
27723,"Title: ElAbd - IC 0203 on water meter
System Info: IC-0203
Tags: CI; ElAbd; Hardware; PWM",Hardware,Unknown,Water,Unknown,Unknown,Unknown,System or software involved | Exact meter model | Exact error code or error message,Not available from verified source data.,none
27722,"Title: The view - Issue control cards
Tags: aqua; CI; Software; The view",Software,Aqua,Unknown,Unknown,Unknown,Unknown,Meter type: Electric or Water | Exact meter model | Exact error code or error message,Not available from verified source data.,none
27721,"Title: Ecklat - Deleting a charge from Database
Tags: CI; Ecklat; Software; vending",Software,Vending,Unknown,Unknown,Unknown,Unknown,Meter type: Electric or Water | Exact meter model | Exact error code or error message,Not available from verified source data.,none
27720,"Title: Eltelwany - Update tariff
Tags: CI; Eltelwany; Software; vending",Software,Vending,Unknown,Unknown,Unknown,Unknown,Meter type: Electric or Water | Exact meter model | Exact error code or error message,Not available from verified source data.,none
27719,"Title: The view - Steps to reset meter and open account
Tags: aqua; CI; Software; The view",Software,Aqua,Unknown,Unknown,Unknown,Unknown,Meter type: Electric or Water | Exact meter model | Exact error code or error message,Not available from verified source data.,none
27718,"Title: 10th of Ramadan - Utility Electrical meter maintenance
Tags: CDC; CI; Hardware; SEM; SLA; Utility",Hardware,Electric,Electric,Unknown,Unknown,Unknown,Exact meter model | Exact error code or error message,Not available from verified source data.,none
27717,"Title: Private Sector: Meters Maintenance Follow-up
Tags: Hardware; PEM; PI; Private; W",Hardware,Unknown,Unknown,Unknown,Unknown,Unknown,System or software involved | Meter type: Electric or Water | Exact meter model | Exact error code or error message,Not available from verified source data.,none
27716,"Title: New Demyat: Utility Water meter maintenance visit
Tags: Hardware; NUCA; PI; PWM; Utility; W",Hardware,Unknown,Water,Unknown,Unknown,Unknown,System or software involved | Exact meter model | Exact error code or error message,Not available from verified source data.,none
27715,"Title: Sharkia: Utility water meter maintenance
Tags: CI; Hardware; HCWW; PWM; Utility; W",Hardware,Unknown,Water,Unknown,Unknown,Unknown,System or software involved | Exact meter model | Exact error code or error message,Not available from verified source data.,none
27714,"Title: Arbiano - Current month consumption missing
Tags: Arbiano; CI; Software; vending",Software,Vending,Unknown,Unknown,Unknown,Unknown,Meter type: Electric or Water | Exact meter model | Exact error code or error message,Not available from verified source data.,none
27713,"Title: Alex - Open access to update tariff
Tags: Alex; CI; Software; vending",Software,Vending,Unknown,Unknown,Unknown,Unknown,Meter type: Electric or Water | Exact meter model | Exact error code or error message,Not available from verified source data.,none
27712,"Title: Travco: Spark meter error
System Info: error: ICErr-00
Tags: CI; Hardware; PEM; Travco",Hardware,Unknown,Unknown,Unknown,Unknown,Unknown,System or software involved | Meter type: Electric or Water | Exact meter model | Exact error code or error message,Not available from verified source data.,none
27711,"Title: Travco: Issue with charge
System Info: Error Message: Last charge record did not make card, please make card for last charge record firstly
Tags: CI; Software; Travco; Visa",Software,Unknown,Unknown,Unknown,Unknown,Unknown,System or software involved | Meter type: Electric or Water | Exact meter model | Exact error code or error message,Not available from verified source data.,none
27710,"Title: Azurra: Several Enquiries
Tags: Azzura; CI; SMS; Software",Software,Unknown,Unknown,Unknown,Unknown,Unknown,System or software involved | Meter type: Electric or Water | Exact meter model | Exact error code or error message,Not available from verified source data.,none
27709,"Title: ElAbd - Open account for customer
Tags: CI; ElAbd; Software; vending",Software,Vending,Unknown,Unknown,Unknown,Unknown,Meter type: Electric or Water | Exact meter model | Exact error code or error message,Not available from verified source data.,none
27708,"Title: ElAbd - Steps to replace meter on software for the customer
Tags: CI; ElAbd; Software; vending",Software,Vending,Unknown,Unknown,Unknown,Unknown,Meter type: Electric or Water | Exact meter model | Exact error code or error message,Not available from verified source data.,none
27707,"Title: ElAbd - Error 0052 on mt514 IC
Tags: ElAbd; Hardware; PEM; PI",Hardware,Unknown,Unknown,MT514,0052,Unknown,System or software involved | Meter type: Electric or Water,Not available from verified source data.,none
27706,"Title: ElAbd - Reset meter
Tags: CI; ElAbd; Software; vending",Software,Vending,Unknown,Unknown,Unknown,Unknown,Meter type: Electric or Water | Exact meter model | Exact error code or error message,Not available from verified source data.,none
27705,"Title: ElAbd - Create control cards for IC meters
Tags: CI; ElAbd; Software; vending",Software,Vending,Unknown,Unknown,Unknown,Unknown,Meter type: Electric or Water | Exact meter model | Exact error code or error message,Not available from verified source data.,none
27704,"Title: Light power - Inquiry about customer consumption
Tags: Inquiry; Lightpower; PWM",Software,Unknown,Unknown,Unknown,Unknown,Unknown,System or software involved | Meter type: Electric or Water | Exact meter model | Exact error code or error message,Not available from verified source data.,none
27703,"Title: Fouka Bay- Water Meter Leakage
Tags: Fouka; Hardware; PI; SWM",Hardware,Unknown,Water,Unknown,Unknown,Unknown,System or software involved | Exact meter model | Exact error code or error message,Not available from verified source data.,none
27702,"Title: Light power - Error 81 on water meter
Tags: CI; Hardware; Lightpower; PWM",Hardware,Unknown,Water,Unknown,81,Unknown,System or software involved | Exact meter model,Not available from verified source data.,none
27701,"Title: Mena Oasis - IC 0004 with clear tamper card
Tags: CI; Mena Oasis; Software; STS",Software,Unknown,Unknown,Unknown,Unknown,Unknown,System or software involved | Meter type: Electric or Water | Exact meter model | Exact error code or error message,Not available from verified source data.,none
27700,"Title: Tiba: Valve Issue
System Info: Error E-106/E-107
Tags: Hardware; PI; PWM; Tiba",Hardware,Unknown,Unknown,Unknown,106|107,Unknown,System or software involved | Meter type: Electric or Water | Exact meter model,Not available from verified source data.,none
27699,"Title: Travco: Issue with mend charge
System Info: Error Message: It's show the card did not insert into meter, please insert meter at first
Tags: CI; Software; Travco; Visa",Software,Unknown,Unknown,Unknown,Unknown,Unknown,System or software involved | Meter type: Electric or Water | Exact meter model | Exact error code or error message,Not available from verified source data.,none
27698,"Title: Travco: Issue with creating user
System Info: Error Message: List index out of bounds (0)
Tags: CI; Software; Travco; Visa",Software,Unknown,Unknown,Unknown,Unknown,Unknown,System or software involved | Meter type: Electric or Water | Exact meter model | Exact error code or error message,Not available from verified source data.,none
27697,"Title: Travco - Issue in screen of mt514 meter
Tags: CI; Hardware; PEM; Travco",Hardware,Unknown,Unknown,MT514,Unknown,Unknown,System or software involved | Meter type: Electric or Water | Exact error code or error message,Not available from verified source data.,none
27696,"Title: Light power - Inquiry about a 3 phase meter with over consumption
Tags: CI; Hardware; Lightpower; PEM",Software|Hardware,Unknown,Unknown,Unknown,Unknown,Unknown,System or software involved | Meter type: Electric or Water | Exact meter model | Exact error code or error message,Not available from verified source data.,none
27695,"Title: Fouka Bay- Follow up meters in maintenance
Tags: Fouka; Hardware; PI; PWM",Hardware,Unknown,Unknown,Unknown,Unknown,Unknown,System or software involved | Meter type: Electric or Water | Exact meter model | Exact error code or error message,Not available from verified source data.,none
27694,"Title: Arbiano - Browser blocking service
Tags: Arbiano; PI; Software; vending",Software,Vending,Unknown,Unknown,Unknown,Unknown,Meter type: Electric or Water | Exact meter model | Exact error code or error message,Not available from verified source data.,none
27693,"Title: Capital Galleria - Browser blocking service
Tags: Capital Galleria; PI; Software; vending",Software,Vending,Unknown,Unknown,Unknown,Unknown,Meter type: Electric or Water | Exact meter model | Exact error code or error message,Not available from verified source data.,none
27692,"Title: Fouka Bay- Edit Reversed meters from billing
Tags: CI; Fouka; Smart; Software",Software,Billing,Unknown,Unknown,Unknown,Unknown,Meter type: Electric or Water | Exact meter model | Exact error code or error message,Not available from verified source data.,none
27691,"Title: Emdad - Error 81 on water meter with customer card
Tags: CI; Emdad; Hardware; PWM",Hardware,Unknown,Water,Unknown,81,Unknown,System or software involved | Exact meter model,Not available from verified source data.,none
27690,"Title: Fouka Bay- Check if meter is connected right
Tags: CI; Fouka; Smart; Software",Software,Unknown,Unknown,Unknown,Unknown,Unknown,System or software involved | Meter type: Electric or Water | Exact meter model | Exact error code or error message,Not available from verified source data.,none
27689,"Title: Fouka Bay- Edit Reversed Meter from symbiot
Tags: CI; Fouka; Smart; Sodic VYE",Software,Symbiot,Unknown,Unknown,Unknown,Unknown,Meter type: Electric or Water | Exact meter model | Exact error code or error message,Not available from verified source data.,none
27688,"Title: Remco - Stella ElSokhna - Change tariff
Tags: CI; Software; Stella ElSokhna; STS",Software,Unknown,Unknown,Unknown,Unknown,Unknown,System or software involved | Meter type: Electric or Water | Exact meter model | Exact error code or error message,Not available from verified source data.,none
27687,"Title: ElAbd - Control card issue
Tags: CI; ElAbd; Software; vending",Software,Vending,Unknown,Unknown,Unknown,Unknown,Meter type: Electric or Water | Exact meter model | Exact error code or error message,Not available from verified source data.,none
27686,"Title: Emaar - Marassi - Change meter status
Tags: CI; Emaar; Smart; Software",Software,Unknown,Unknown,Unknown,Unknown,Unknown,System or software involved | Meter type: Electric or Water | Exact meter model | Exact error code or error message,Not available from verified source data.,none
27685,"Title: Fouka Bay- Troubleshoot reversed meters
Tags: CI; Fouka; Smart; Software",Software,Unknown,Unknown,Unknown,Unknown,Unknown,System or software involved | Meter type: Electric or Water | Exact meter model | Exact error code or error message,Not available from verified source data.,none
27684,"Title: Emaar - Marassi - Change meter status
Tags: CI; Emaar; Smart; Software",Software,Unknown,Unknown,Unknown,Unknown,Unknown,System or software involved | Meter type: Electric or Water | Exact meter model | Exact error code or error message,Not available from verified source data.,none
27683,"Title: New Giza - Inquiry about the solar meter
Tags: CI; Inquiry; Newgiza",Software,Unknown,Unknown,Unknown,Unknown,Unknown,System or software involved | Meter type: Electric or Water | Exact meter model | Exact error code or error message,Not available from verified source data.,none
27682,"Title: Elsewedy E&C- Inquiry about MT800 CT
Tags: CI; Elsewedy E&C; Hardware; SEM",Software|Hardware,Unknown,Unknown,MT800,Unknown,Unknown,System or software involved | Meter type: Electric or Water | Exact error code or error message,Not available from verified source data.,none
27681,"Title: Elsewedy E&C- Inquiry about MT174 Meters
Tags: Elsewedy E&C; Hardware; PEM; PI",Software|Hardware,Unknown,Unknown,Unknown,Unknown,Unknown,System or software involved | Meter type: Electric or Water | Exact meter model | Exact error code or error message,Not available from verified source data.,none
27680,"Title: EPower: Solar Invoice Issue
Tags: CI; Epower; Smart; Software",Software,Unknown,Unknown,Unknown,Unknown,Unknown,System or software involved | Meter type: Electric or Water | Exact meter model | Exact error code or error message,Not available from verified source data.,none
27679,"Title: Elsewedy E&C- Inquiry about cards' types
Tags: Elsewedy E&C; Hardware; PEM; PI",Software|Hardware,Unknown,Unknown,Unknown,Unknown,Unknown,System or software involved | Meter type: Electric or Water | Exact meter model | Exact error code or error message,Not available from verified source data.,none
27677,"Title: EPower: Tariff issue
Tags: aqua; CI; Epower; Software",Software,Aqua,Unknown,Unknown,Unknown,Unknown,Meter type: Electric or Water | Exact meter model | Exact error code or error message,Not available from verified source data.,none
27676,"Title: Family House - System down
Tags: aqua; Family House; PI; Software",Software,Aqua,Unknown,Unknown,Unknown,Unknown,Meter type: Electric or Water | Exact meter model | Exact error code or error message,Not available from verified source data.,none
27675,"Title: Sadat: Utility Water Meters Maintenance
Tags: Hardware; NUCA; PI; PWM; Utility; W",Hardware,Unknown,Water,Unknown,Unknown,Unknown,System or software involved | Exact meter model | Exact error code or error message,Not available from verified source data.,none
27674,"Title: Private Sector Meters Maintenance Follow-up
Tags: Hardware; PI; Private; PWM; W",Hardware,Unknown,Unknown,Unknown,Unknown,Unknown,System or software involved | Meter type: Electric or Water | Exact meter model | Exact error code or error message,Not available from verified source data.,none
27673,"Title: Tiba: Negative Consumption error enquiry
Tags: CI; Hardware; PWM; Tiba",Software|Hardware,Unknown,Unknown,Unknown,Unknown,Unknown,System or software involved | Meter type: Electric or Water | Exact meter model | Exact error code or error message,Not available from verified source data.,none
27672,"Title: Fouka Bay- Check all linked meters to every unit
Tags: CI; Fouka; Smart; Software",Software,Unknown,Unknown,Unknown,Unknown,Unknown,System or software involved | Meter type: Electric or Water | Exact meter model | Exact error code or error message,Not available from verified source data.,none
27671,"Title: Fouka Bay - Check Reversed Water Meters from billing
Tags: CI; Fouka; Smart; Software",Software,Billing,Water,Unknown,Unknown,Unknown,Exact meter model | Exact error code or error message,Not available from verified source data.,none
27670,"Title: Sun Capital - Connect order duplicated
Tags: CI; Smart; Software; Suncapital",Software,Unknown,Unknown,Unknown,Unknown,Unknown,System or software involved | Meter type: Electric or Water | Exact meter model | Exact error code or error message,Not available from verified source data.,none
27669,"Title: New Giza - RS Meters failed to communicate
Tags: CI; Hardware; Newgiza; SEM; SLA",Hardware,Unknown,Unknown,Unknown,Unknown,Unknown,System or software involved | Meter type: Electric or Water | Exact meter model | Exact error code or error message,Not available from verified source data.,none
27668,"Title: 10th of Ramadan - Utility electrical meter maintenance
Tags: CDC; CI; Hardware; SEM; SLA; Utility",Hardware,Electric,Electric,Unknown,Unknown,Unknown,Exact meter model | Exact error code or error message,Not available from verified source data.,none
27667,"Title: Arbiano - Upgrade Vending software
Tags: Arbiano; PI; Software; vending",Software,Vending,Unknown,Unknown,Unknown,Unknown,Meter type: Electric or Water | Exact meter model | Exact error code or error message,Not available from verified source data.,none
27666,"Title: Capital Galleria - Upgrade Vending Software
Tags: Capital Galleria; PI; Software; vending",Software,Vending,Unknown,Unknown,Unknown,Unknown,Meter type: Electric or Water | Exact meter model | Exact error code or error message,Not available from verified source data.,none
27664,"Title: Red Carpet- Change applet on card to technician applet
Tags: Hardware; PI; PWM; red carpet",Hardware,Unknown,Unknown,Unknown,Unknown,Unknown,System or software involved | Meter type: Electric or Water | Exact meter model | Exact error code or error message,Not available from verified source data.,none
27663,"Title: Red Carpet- IC-0101
Tags: CI; Hardware; PWM; red carpet",Hardware,Unknown,Unknown,Unknown,Unknown,Unknown,System or software involved | Meter type: Electric or Water | Exact meter model | Exact error code or error message,Not available from verified source data.,none
27662,"Title: Korra - Deleting a Charge from Database
Tags: CI; Korra; Software; vending",Software,Vending,Unknown,Unknown,Unknown,Unknown,Meter type: Electric or Water | Exact meter model | Exact error code or error message,Not available from verified source data.,none
27661,"Title: Fouka Bay- Check all linked meters to every unit
Tags: CI; Fouka; Smart; Software",Software,Unknown,Unknown,Unknown,Unknown,Unknown,System or software involved | Meter type: Electric or Water | Exact meter model | Exact error code or error message,Not available from verified source data.,none
27660,"Title: Fouka Bay - Check Reversed Water Meters from billing
Tags: CI; Fouka; Smart; Software",Software,Billing,Water,Unknown,Unknown,Unknown,Exact meter model | Exact error code or error message,Not available from verified source data.,none
27659,"Title: Travco: Delete User
Tags: CI; Software; Travco; Visa",Software,Unknown,Unknown,Unknown,Unknown,Unknown,System or software involved | Meter type: Electric or Water | Exact meter model | Exact error code or error message,Not available from verified source data.,none
27658,"Title: Elsewedy E&C-Problem in page display in EM
Tags: Elsewedy E&C; Hardware; PEM; PI",Hardware,Unknown,Unknown,Unknown,Unknown,Unknown,System or software involved | Meter type: Electric or Water | Exact meter model | Exact error code or error message,Not available from verified source data.,none
27657,"Title: Emdad- Problem with meter's gear
Tags: Emdad; Hardware; PI; PWM",Hardware,Unknown,Unknown,Unknown,Unknown,Unknown,System or software involved | Meter type: Electric or Water | Exact meter model | Exact error code or error message,Not available from verified source data.,none
27656,"Title: Fouka Bay- Check Reversed Meters
Tags: CI; Fouka; Smart; Software",Software,Unknown,Unknown,Unknown,Unknown,Unknown,System or software involved | Meter type: Electric or Water | Exact meter model | Exact error code or error message,Not available from verified source data.,none
27655,"Title: Korra - Error A3
Tags: Hardware; Korra; PEM; PI",Hardware,Unknown,Unknown,Unknown,Unknown,Unknown,System or software involved | Meter type: Electric or Water | Exact meter model | Exact error code or error message,Not available from verified source data.,none
27654,"Title: Travco: Issue with mend charge
Tags: CI; Travco; Visa",Unknown,Unknown,Unknown,Unknown,Unknown,Unknown,System or software involved | Meter type: Electric or Water | Exact meter model | Exact error code or error message,Not available from verified source data.,none
27653,"Title: Emaar - Marassi - Changing Meter State
Tags: CI; Emaar; Marassi; Smart; Software",Software,Unknown,Unknown,Unknown,Unknown,Unknown,System or software involved | Meter type: Electric or Water | Exact meter model | Exact error code or error message,Not available from verified source data.,none
27652,"Title: El Abd: Charge Issue
Tags: CI; ElAbd; Software; vending",Software,Vending,Unknown,Unknown,Unknown,Unknown,Meter type: Electric or Water | Exact meter model | Exact error code or error message,Not available from verified source data.,none
27651,"Title: Fouka Bay - Troubleshoot reversed meters
Tags: CI; Fouka; Hardware; SEM",Hardware,Unknown,Unknown,Unknown,Unknown,Unknown,System or software involved | Meter type: Electric or Water | Exact meter model | Exact error code or error message,Not available from verified source data.,none
27650,"Title: EPower: Error-0004
Tags: aqua; CI; Epower; Software",Software,Aqua,Unknown,Unknown,0004,Unknown,Meter type: Electric or Water | Exact meter model,Not available from verified source data.,none
27649,"Title: New Obour - Utility Water Meter Maintenance
Tags: Hardware; NUCA; PI; PWM; Utility; W",Hardware,Unknown,Water,Unknown,Unknown,Unknown,System or software involved | Exact meter model | Exact error code or error message,Not available from verified source data.,none
27648,"Title: Obour - Utility Water Meter Maintenance
Tags: Hardware; NUCA; PI; PWM; Utility; W",Hardware,Unknown,Water,Unknown,Unknown,Unknown,System or software involved | Exact meter model | Exact error code or error message,Not available from verified source data.,none
27647,"Title: Badr - Utility Water Meter Maintenance
Tags: Hardware; NUCA; PI; PWM; Utility; W",Hardware,Unknown,Water,Unknown,Unknown,Unknown,System or software involved | Exact meter model | Exact error code or error message,Not available from verified source data.,none
27646,"Title: 10th of Ramadan - Utility Water Meter Maintenance
Tags: Hardware; NUCA; PI; PWM; Utility; W",Hardware,Unknown,Water,Unknown,Unknown,Unknown,System or software involved | Exact meter model | Exact error code or error message,Not available from verified source data.,none
27645,"Title: UEDC - Error 500
Tags: CI; Hardware; PEM; UEDC",Hardware,Unknown,Unknown,Unknown,500,Unknown,System or software involved | Meter type: Electric or Water | Exact meter model,Not available from verified source data.,none
27644,"Title: Elsewedy E&C - Battery Inquiry
Tags: Elsewedy E&C; Hardware; PEM; PI",Software|Hardware,Unknown,Unknown,Unknown,Unknown,Unknown,System or software involved | Meter type: Electric or Water | Exact meter model | Exact error code or error message,Not available from verified source data.,none
27643,"Title: Sun Capital - Troubleshooting Electrical Meters
Tags: CI; Hardware; SEM; Suncapital; W",Hardware,Electric,Electric,Unknown,Unknown,Unknown,Exact meter model | Exact error code or error message,Not available from verified source data.,none
27642,"Title: Cornado- Meter Consumption Problem
Tags: Cornado; Hardware; PI; PWM",Hardware,Unknown,Unknown,Unknown,Unknown,Unknown,System or software involved | Meter type: Electric or Water | Exact meter model | Exact error code or error message,Not available from verified source data.,none
27641,"Title: Private Sector Meters Maintenance Follow up
Tags: Hardware; PI; Private; SEM; W",Hardware,Unknown,Unknown,Unknown,Unknown,Unknown,System or software involved | Meter type: Electric or Water | Exact meter model | Exact error code or error message,Not available from verified source data.,none
27640,"Title: 10th of Ramadan: Utility Meters Maintenance
Tags: CDC; CI; Hardware; SEM; SLA; Utility",Hardware,Unknown,Unknown,Unknown,Unknown,Unknown,System or software involved | Meter type: Electric or Water | Exact meter model | Exact error code or error message,Not available from verified source data.,none
27639,"Title: New Giza - RS Meters failed to communicate
Tags: CI; Hardware; New giza; SEM; SLA",Hardware,Unknown,Unknown,Unknown,Unknown,Unknown,System or software involved | Meter type: Electric or Water | Exact meter model | Exact error code or error message,Not available from verified source data.,none
27638,"Title: Private Sector Water Meters New Configuration
Tags: Hardware; PI; Private; SWM; W",Hardware,Unknown,Water,Unknown,Unknown,Unknown,System or software involved | Exact meter model | Exact error code or error message,Not available from verified source data.,none
27637,"Title: Soma bay: Resseting Meter
Tags: CI; Smart; Software; Somabay",Software,Unknown,Unknown,Unknown,Unknown,Unknown,System or software involved | Meter type: Electric or Water | Exact meter model | Exact error code or error message,Not available from verified source data.,none
27636,"Title: Travco: Invoices Issue
Tags: CI; Smart; Software; Travco",Software,Unknown,Unknown,Unknown,Unknown,Unknown,System or software involved | Meter type: Electric or Water | Exact meter model | Exact error code or error message,Not available from verified source data.,none
27635,"Title: Travco: Invoices Issue
Tags: CI; Smart; Software; Travco",Software,Unknown,Unknown,Unknown,Unknown,Unknown,System or software involved | Meter type: Electric or Water | Exact meter model | Exact error code or error message,Not available from verified source data.,none
27634,"Title: Travco: Invoices Issue
Tags: CI; Smart; Software; Travco",Software,Unknown,Unknown,Unknown,Unknown,Unknown,System or software involved | Meter type: Electric or Water | Exact meter model | Exact error code or error message,Not available from verified source data.,none
27633,"Title: Travco: Invoices Issue
Tags: CI; Smart; Software; Travco
History: **30000127** was reset in **08/2024** and again in **08/2025**. the invoices for both months show negative consumption. The meter readings have been correct since **09/2025**. **30000204** was reset in **08/2024** and again in **08/2025**. There are gaps in the readings from **08/2025** to **07/2026**. **30001429** was reset in **08/2024** and again in **08/2025**. There are no meter readings for **12/2025**. The readings have been correct since **09/2025**. **30001677** Was reset in 08/2024 and again in 08/2025. There are no readings for 12/2025. The readings have been correct since 09/2025. **30000186** was reset in **08/2024** and again in **08/2025**. The readings have been correct since **09/2025**. **30001106** was reset in **08/2024** and again in **08/2025**. There are no meter readings for **12/2025**. The readings have been correct since **09/2025**. **30001133** was reset in **08/2024** and again in **08/2025**. There are no meter readings for **12/2025**. The readings have been correct since **09/2025**. **30001131** was reset in **08/2024** and again in **08/2025**. There are no meter readings from **08/2025** to **07/2026**. **30002355** was reset in **08/2024** and again in **08/2025**. There are no meter readings for **12/2025**. The readings have been correct since **09/2025**. **30001107** was reset in **08/2024** and again in **08/2025**. There are no meter readings for **12/2025**. The readings have been correct since **09/2025**",Software,Unknown,Unknown,Unknown,Unknown,Unknown,System or software involved | Meter type: Electric or Water | Exact meter model | Exact error code or error message,**30000127** was reset in **08/2024** and again in **08/2025**. the invoices for both months show negative consumption. The meter readings have been correct since **09/2025**. **30000204** was reset in **08/2024** and again in **08/2025**. There are gaps in the readings from **08/2025** to **07/2026**. **30001429** was reset in **08/2024** and again in **08/2025**. There are no meter readings for **12/2025**. The readings have been correct since **09/2025**. **30001677** Was reset in 08/2024 and again in 08/2025. There are no readings for 12/2025. The readings have been correct since 09/2025. **30000186** was reset in **08/2024** and again in **08/2025**. The readings have been correct since **09/2025**. **30001106** was reset in **08/2024** and again in **08/2025**. There are no meter readings for **12/2025**. The readings have been correct since **09/2025**. **30001133** was reset in **08/2024** and again in **08/2025**. There are no meter readings for **12/2025**. The readings have been correct since **09/2025**. **30001131** was reset in **08/2024** and again in **08/2025**. There are no meter readings from **08/2025** to **07/2026**. **30002355** was reset in **08/2024** and again in **08/2025**. There are no meter readings for **12/2025**. The readings have been correct since **09/2025**. **30001107** was reset in **08/2024** and again in **08/2025**. There are no meter readings for **12/2025**. The readings have been correct since **09/2025**,history
27632,"Title: Travco: Invoices issue
Tags: CI; Smart; Software; Travco",Software,Unknown,Unknown,Unknown,Unknown,Unknown,System or software involved | Meter type: Electric or Water | Exact meter model | Exact error code or error message,Not available from verified source data.,none
27631,"Title: Travco: Invoices Issue
Tags: CI; Smart; Software; Travco",Software,Unknown,Unknown,Unknown,Unknown,Unknown,System or software involved | Meter type: Electric or Water | Exact meter model | Exact error code or error message,Not available from verified source data.,none
27630,"Title: Travco: Invoices Issue
Tags: CI; Smart; Software; Travco",Software,Unknown,Unknown,Unknown,Unknown,Unknown,System or software involved | Meter type: Electric or Water | Exact meter model | Exact error code or error message,Not available from verified source data.,none
27629,"Title: Prime: Read Data Error
Tags: CI; Prime; Software; vending",Software,Vending,Unknown,Unknown,Unknown,Unknown,Meter type: Electric or Water | Exact meter model | Exact error code or error message,Not available from verified source data.,none
27628,"Title: Coronado - Steps for mend card in sts
Tags: CI; Cornado; Software; STS
History: Mend token then go to meter serial number from the drop down list on the top left , write meter no and press search then if there is a charge in the table at the bottom , choose it then mend token. Otherwise , mend token directly",Software|Communication,Unknown,Unknown,Unknown,Unknown,Unknown,System or software involved | Meter type: Electric or Water | Exact meter model | Exact error code or error message,"Mend token then go to meter serial number from the drop down list on the top left , write meter no and press search then if there is a charge in the table at the bottom , choose it then mend token. Otherwise , mend token directly",history
27627,"Title: Elsewedy E&C - Inquiry about digital meter maintenance
Tags: CI; Elsewedy E&C; Hardware",Software|Hardware,Unknown,Unknown,Unknown,Unknown,Unknown,System or software involved | Meter type: Electric or Water | Exact meter model | Exact error code or error message,Not available from verified source data.,none
27626,"Title: ElAbd - E-106 and E-107 with valve opened closed
Tags: CI; ElAbd; Hardware; PWM",Hardware,Unknown,Unknown,Unknown,106|107,Unknown,System or software involved | Meter type: Electric or Water | Exact meter model,Not available from verified source data.,none
27625,"Title: Alex - Reset password and change permissions
Tags: Alex; CI; Software; vending",Software,Vending,Unknown,Unknown,Unknown,Unknown,Meter type: Electric or Water | Exact meter model | Exact error code or error message,Not available from verified source data.,none
27624,"Title: MEEDCO - Inquiry about meters in maintenance
Tags: CI; Hardware; MEEDCO; PEM
History: Waiting for stamping",Software|Hardware,Unknown,Unknown,Unknown,Unknown,Unknown,System or software involved | Meter type: Electric or Water | Exact meter model | Exact error code or error message,Waiting for stamping,history
27623,"Title: Travco: Manual Readings uploaded
Tags: CI; Smart; Software; Travco",Software,Unknown,Unknown,Unknown,Unknown,Unknown,System or software involved | Meter type: Electric or Water | Exact meter model | Exact error code or error message,Not available from verified source data.,none
27622,"Title: Travco: MPMS3000 & SONDA Training
Tags: CI; Hardware; O/S; SEM; Travco",Hardware,Unknown,Unknown,Unknown,Unknown,Unknown,System or software involved | Meter type: Electric or Water | Exact meter model | Exact error code or error message,Not available from verified source data.,none
27619,"Title: New Giza - Changing Meter Name
Tags: CI; New giza; Smart; Software",Software,Unknown,Unknown,Unknown,Unknown,Unknown,System or software involved | Meter type: Electric or Water | Exact meter model | Exact error code or error message,Not available from verified source data.,none
27618,"Title: Alex - Deactivate account
Tags: Alex; CI; Software; vending",Software,Vending,Unknown,Unknown,Unknown,Unknown,Meter type: Electric or Water | Exact meter model | Exact error code or error message,Not available from verified source data.,none
27616,"Title: Korra - Can not read card in charging tab
Tags: aqua; Korra; PI; Software",Software,Aqua,Unknown,Unknown,Unknown,Unknown,Meter type: Electric or Water | Exact meter model | Exact error code or error message,Not available from verified source data.,none
27615,"Title: Stella Heights - Delete charges
Tags: CI; PVMS; Software; Stella Heights",Software,Unknown,Unknown,Unknown,Unknown,Unknown,System or software involved | Meter type: Electric or Water | Exact meter model | Exact error code or error message,Not available from verified source data.,none
27614,"Title: Stella Heights - Delete charges
Tags: CI; PVMS; Software; Stella Heights",Software,Unknown,Unknown,Unknown,Unknown,Unknown,System or software involved | Meter type: Electric or Water | Exact meter model | Exact error code or error message,Not available from verified source data.,none
27613,"Title: Stella Heights - Delete charges
Tags: CI; PVMS; Software; Stella Heights",Software,Unknown,Unknown,Unknown,Unknown,Unknown,System or software involved | Meter type: Electric or Water | Exact meter model | Exact error code or error message,Not available from verified source data.,none
27612,"Title: Stella Heights - Delete charges
Tags: CI; PVMS; Software; Stella Heights",Software,Unknown,Unknown,Unknown,Unknown,Unknown,System or software involved | Meter type: Electric or Water | Exact meter model | Exact error code or error message,Not available from verified source data.,none
27611,"Title: Stella Heights - Delete charges
Tags: CI; PVMS; Software; Stella Heights",Software,Unknown,Unknown,Unknown,Unknown,Unknown,System or software involved | Meter type: Electric or Water | Exact meter model | Exact error code or error message,Not available from verified source data.,none
27610,"Title: Holandya - Updating Serial Number
Tags: CI; Holand; Smart; Software",Software|Communication,Unknown,Unknown,Unknown,Unknown,Unknown,System or software involved | Meter type: Electric or Water | Exact meter model | Exact error code or error message,Not available from verified source data.,none
27604,"Title: Jump server - Meter verse migration
Tags: jump; Meterverse; PI; Software",Software,MeterVerse,Unknown,Unknown,Unknown,Unknown,Meter type: Electric or Water | Exact meter model | Exact error code or error message,Not available from verified source data.,none
27603,"Title: Jump server - Meter verse migration
Tags: jump; Meterverse; PI; Software",Software,MeterVerse,Unknown,Unknown,Unknown,Unknown,Meter type: Electric or Water | Exact meter model | Exact error code or error message,Not available from verified source data.,none
27602,"Title: Jump server - Meter verse migration
Tags: jump; Meterverse; PI; Software",Software,MeterVerse,Unknown,Unknown,Unknown,Unknown,Meter type: Electric or Water | Exact meter model | Exact error code or error message,Not available from verified source data.,none
27601,"Title: Jump server - Meter verse migration
Tags: jump; Meterverse; PI; Software",Software,MeterVerse,Unknown,Unknown,Unknown,Unknown,Meter type: Electric or Water | Exact meter model | Exact error code or error message,Not available from verified source data.,none
27600,"Title: Jump server - Meter verse migration
Tags: jump; Meterverse; PI; Software",Software,MeterVerse,Unknown,Unknown,Unknown,Unknown,Meter type: Electric or Water | Exact meter model | Exact error code or error message,Not available from verified source data.,none
27599,"Title: Stella Heights - Delete charges
Tags: CI; PVMS; Software; Stella Heights",Software,Unknown,Unknown,Unknown,Unknown,Unknown,System or software involved | Meter type: Electric or Water | Exact meter model | Exact error code or error message,Not available from verified source data.,none
27598,"Title: Sun Capital - Troubleshooting Electrical Meters
Tags: CI; Hardware; SEM; Suncapital; W",Hardware,Electric,Electric,Unknown,Unknown,Unknown,Exact meter model | Exact error code or error message,Not available from verified source data.,none
27597,"Title: Sun Capital - Troubleshooting Electrical Meters
Tags: CI; Hardware; SEM; Suncapital; W",Hardware,Electric,Electric,Unknown,Unknown,Unknown,Exact meter model | Exact error code or error message,Not available from verified source data.,none
27596,"Title: Private Sector Meters Maintenance Follow-up
Tags: Hardware; PEM; PI; Private; W",Hardware,Unknown,Unknown,Unknown,Unknown,Unknown,System or software involved | Meter type: Electric or Water | Exact meter model | Exact error code or error message,Not available from verified source data.,none
27595,"Title: 10th of Ramadan - Electrical Meter Maintenance
Tags: CDC; CI; Hardware; SEM; SLA; Utility",Hardware,Electric,Electric,Unknown,Unknown,Unknown,Exact meter model | Exact error code or error message,Not available from verified source data.,none
27594,"Title: New Cairo - Utility Water Meter Maintenance
Tags: Hardware; NUCA; PI; PWM; Utility; W",Hardware,Unknown,Water,Unknown,Unknown,Unknown,System or software involved | Exact meter model | Exact error code or error message,Not available from verified source data.,none
27592,"Title: SDDC - Delete duplicated charge
Tags: CI; SDDC; Software; vending",Software,Vending,Unknown,Unknown,Unknown,Unknown,Meter type: Electric or Water | Exact meter model | Exact error code or error message,Not available from verified source data.,none
27591,"Title: Troubleshoot claims which has problem with cost
Tags: Hardware; PEM; PI",Hardware,Unknown,Unknown,Unknown,Unknown,Unknown,System or software involved | Meter type: Electric or Water | Exact meter model | Exact error code or error message,Not available from verified source data.,none
27590,"Title: Elsewedy E&C- Inquiry about mt800
Tags: Elsewedy E&C; Hardware; PEM; PI",Software|Hardware,Unknown,Unknown,MT800,Unknown,Unknown,System or software involved | Meter type: Electric or Water | Exact error code or error message,Not available from verified source data.,none
27589,"Title: Elsewedy E&C- Inquiry about water meter specs
Tags: Elsewedy E&C; Hardware; PEM; PI",Software|Hardware,Unknown,Water,Unknown,Unknown,Unknown,System or software involved | Exact meter model | Exact error code or error message,Not available from verified source data.,none
27588,"Title: Fouka Bay- Check Meter Readings
Tags: CI; Fouka; Smart; Software",Software,Unknown,Unknown,Unknown,Unknown,Unknown,System or software involved | Meter type: Electric or Water | Exact meter model | Exact error code or error message,Not available from verified source data.,none
27587,"Title: Mena Oasis - Maintenance Follow up
Tags: Hardware; Mena Oasis; PI; PWM",Hardware,Unknown,Unknown,Unknown,Unknown,Unknown,System or software involved | Meter type: Electric or Water | Exact meter model | Exact error code or error message,Not available from verified source data.,none
27586,"Title: Fouka Bay- Check meter readings after they were reversed in symbiot
Tags: CI; Fouka; Smart; Software",Software,Symbiot,Unknown,Unknown,Unknown,Unknown,Meter type: Electric or Water | Exact meter model | Exact error code or error message,Not available from verified source data.,none
27585,"Title: New Giza - System Not Working Inquiry
Tags: CI; New giza; Smart; Software",Software,Unknown,Unknown,Unknown,Unknown,Unknown,System or software involved | Meter type: Electric or Water | Exact meter model | Exact error code or error message,Not available from verified source data.,none
27584,"Title: New Giza - Old Billing System Down
Tags: CI; New giza; Smart; Software",Software,Billing,Unknown,Unknown,Unknown,Unknown,Meter type: Electric or Water | Exact meter model | Exact error code or error message,Not available from verified source data.,none
27583,"Title: Ecklat - Testing Incoming and Outgoing current on a Meter
Tags: CI; Ecklat; Hardware; PEM",Hardware,Unknown,Unknown,Unknown,Unknown,Unknown,System or software involved | Meter type: Electric or Water | Exact meter model | Exact error code or error message,Not available from verified source data.,none
27582,"Title: Epower - Delete charge
Tags: aqua; CI; Epower; Software",Software,Aqua,Unknown,Unknown,Unknown,Unknown,Meter type: Electric or Water | Exact meter model | Exact error code or error message,Not available from verified source data.,none
27581,"Title: Korra - Blumar - Daily Charging Report Issue
Tags: CI; Korra; Software; vending",Software,Vending,Unknown,Unknown,Unknown,Unknown,Meter type: Electric or Water | Exact meter model | Exact error code or error message,Not available from verified source data.,none
27580,"Title: Korra - Blumar - Installing Visa Software
Tags: CI; Korra; Software; Visa",Software,Unknown,Unknown,Unknown,Unknown,Unknown,System or software involved | Meter type: Electric or Water | Exact meter model | Exact error code or error message,Not available from verified source data.,none
27579,"Title: Korra - Blumar - Database Backup
Tags: Korra; PI; Software; Visa",Software,Unknown,Unknown,Unknown,Unknown,Unknown,System or software involved | Meter type: Electric or Water | Exact meter model | Exact error code or error message,Not available from verified source data.,none
27578,"Title: Emaar - Marassi - Changing Meter Status
Tags: CI; Emaar; Marassi; Smart; Software",Software,Unknown,Unknown,Unknown,Unknown,Unknown,System or software involved | Meter type: Electric or Water | Exact meter model | Exact error code or error message,Not available from verified source data.,none
27576,"Title: Fouka Bay- 2 meter are reversed
Tags: CI; Fouka; Smart; Software",Software,Unknown,Unknown,Unknown,Unknown,Unknown,System or software involved | Meter type: Electric or Water | Exact meter model | Exact error code or error message,Not available from verified source data.,none
27568,"Title: Elsewedy Utilities - Delete Charge
Tags: CI; Software; Utilities; vending",Software,Vending,Unknown,Unknown,Unknown,Unknown,Meter type: Electric or Water | Exact meter model | Exact error code or error message,Not available from verified source data.,none
27567,"Title: Ora- Aqua System Down
Tags: aqua; Ora; PI; Software",Software,Aqua,Unknown,Unknown,Unknown,Unknown,Meter type: Electric or Water | Exact meter model | Exact error code or error message,Not available from verified source data.,none
27566,"Title: Somabay- Connect meter from billing
Tags: CI; Smart; Software; Somabay",Software,Billing,Unknown,Unknown,Unknown,Unknown,Meter type: Electric or Water | Exact meter model | Exact error code or error message,Not available from verified source data.,none
27565,"Title: Travco - Error while mending card on software
Tags: CI; Software; Travco; Visa",Software,Unknown,Unknown,Unknown,Unknown,Unknown,System or software involved | Meter type: Electric or Water | Exact meter model | Exact error code or error message,Not available from verified source data.,none
27564,"Title: Somabay- Symbiot Down
Tags: PI; Smart; Software; Somabay",Software,Symbiot,Unknown,Unknown,Unknown,Unknown,Meter type: Electric or Water | Exact meter model | Exact error code or error message,Not available from verified source data.,none
27561,"Title: Elsewedy E&C- Error0003 in ME514 meter
Tags: Elsewedy E&C; Hardware; PEM; PI",Hardware,Unknown,Unknown,ME514,0003,Unknown,System or software involved | Meter type: Electric or Water,Not available from verified source data.,none
27559,"Title: Meedco- Error0052 in MT514
Tags: Hardware; MEEDCO; PEM; PI",Hardware,Unknown,Unknown,MT514,0052,Unknown,System or software involved | Meter type: Electric or Water,Not available from verified source data.,none
27557,"Title: Elsewedy Utilities - Error b1 on MT514 while openning account
Tags: CI; Hardware; PEM; Utilities",Hardware,Unknown,Unknown,MT514,Unknown,Unknown,System or software involved | Meter type: Electric or Water | Exact error code or error message,Not available from verified source data.,none
27529,"Title: Elsewedy E&C- Inquiry about relantecs meters
Tags: Elsewedy E&C; Hardware; PI; PWM",Software|Hardware,Unknown,Unknown,Unknown,Unknown,Unknown,System or software involved | Meter type: Electric or Water | Exact meter model | Exact error code or error message,Not available from verified source data.,none
27528,"Title: Fanadir - Error 0202 on ME514 meter
Tags: CI; Fanadir; Hardware; PEM",Hardware,Unknown,Unknown,ME514,0202,Unknown,System or software involved | Meter type: Electric or Water,Not available from verified source data.,none
27527,"Title: Azzura- Reject 02
Tags: Azzura; Hardware; PI; PWM",Hardware,Unknown,Unknown,Unknown,02,Unknown,System or software involved | Meter type: Electric or Water | Exact meter model,Not available from verified source data.,none
27526,"Title: Korra - Blumar - Deleting Tariff Difference Settlements
Tags: CI; Korra; Software; vending",Software,Vending,Unknown,Unknown,Unknown,Unknown,Meter type: Electric or Water | Exact meter model | Exact error code or error message,Not available from verified source data.,none
27525,"Title: Shorouk - Utility water meter maintenance
Tags: Hardware; NUCA; PI; PWM; Utility; W",Hardware,Unknown,Water,Unknown,Unknown,Unknown,System or software involved | Exact meter model | Exact error code or error message,Not available from verified source data.,none
27524,"Title: New Heliopolis - Utility water meter maintenance
Tags: Hardware; New Heliopolis; PI; PWM; W",Hardware,Unknown,Water,Unknown,Unknown,Unknown,System or software involved | Exact meter model | Exact error code or error message,Not available from verified source data.,none
27523,"Title: New Fayoum - Utility water meter maintenance
Tags: Hardware; NUCA; PI; PWM; Utility; W",Hardware,Unknown,Water,Unknown,Unknown,Unknown,System or software involved | Exact meter model | Exact error code or error message,Not available from verified source data.,none
27522,"Title: Fayoum - Utility water meter maintenance
Tags: Hardware; HCWW; PI; PWM; Utility; W",Hardware,Unknown,Water,Unknown,Unknown,Unknown,System or software involved | Exact meter model | Exact error code or error message,Not available from verified source data.,none
27521,"Title: Travco - Meter Readings
Tags: CI; Smart; Software; Travco",Software,Unknown,Unknown,Unknown,Unknown,Unknown,System or software involved | Meter type: Electric or Water | Exact meter model | Exact error code or error message,Not available from verified source data.,none
27520,"Title: Medco- Follow up on meter in maintenance
Tags: Hardware; MEDC; PEM; PI",Hardware,Unknown,Unknown,Unknown,Unknown,Unknown,System or software involved | Meter type: Electric or Water | Exact meter model | Exact error code or error message,Not available from verified source data.,none
27499,"Title: Injaz - Issue in payment with fawry
Tags: CI; Injaz; Software; vending",Software,Vending,Unknown,Unknown,Unknown,Unknown,Meter type: Electric or Water | Exact meter model | Exact error code or error message,Not available from verified source data.,none
27498,"Title: Utilities - Delete charges
Tags: CI; Software; Utilities; vending",Software,Vending,Unknown,Unknown,Unknown,Unknown,Meter type: Electric or Water | Exact meter model | Exact error code or error message,Not available from verified source data.,none
27487,"Title: Coral Bay- Error 103 in V5
Tags: CI; Coral; Hardware; PEM",Hardware,Unknown,Unknown,Unknown,103,Unknown,System or software involved | Meter type: Electric or Water | Exact meter model,Not available from verified source data.,none
27486,"Title: Elsewedy E&C- Follow up on maintenance
Tags: Elsewedy E&C; Hardware; PEM; PI",Hardware,Unknown,Unknown,Unknown,Unknown,Unknown,System or software involved | Meter type: Electric or Water | Exact meter model | Exact error code or error message,Not available from verified source data.,none
27485,"Title: Private Sector Meters Maintenance Follow-up
Tags: Hardware; PI; Private; PWM; W",Hardware,Unknown,Unknown,Unknown,Unknown,Unknown,System or software involved | Meter type: Electric or Water | Exact meter model | Exact error code or error message,Not available from verified source data.,none
27484,"Title: Cornado- Inquiry about STS control cards
Tags: Cornado; Hardware; PI; PWM",Software|Hardware,Unknown,Unknown,Unknown,Unknown,Unknown,System or software involved | Meter type: Electric or Water | Exact meter model | Exact error code or error message,Not available from verified source data.,none
27483,"Title: Emaar - Uptown Cairo - Electrical Meters New Configuration
Tags: Hardware; PI; SEM; SWM; Uptown Cairo; W",Hardware,Electric,Electric,Unknown,Unknown,Unknown,Exact meter model | Exact error code or error message,Not available from verified source data.,none
27482,"Title: Emaar - Uptown Cairo - Electrical Meters New Configuration
Tags: Hardware; PI; SEM; Uptown Cairo; W",Hardware,Electric,Electric,Unknown,Unknown,Unknown,Exact meter model | Exact error code or error message,Not available from verified source data.,none
27481,"Title: SCDC - Dokki - Electrical Meter Maintenance
Tags: CI; Hardware; PEM; PI; Scdc; Utility; W",Hardware,Electric,Electric,Unknown,Unknown,Unknown,Exact meter model | Exact error code or error message,Not available from verified source data.,none
27478,"Title: Cornado- Meter has negative balance
Tags: Cornado; Hardware; PI; PWM",Hardware,Unknown,Unknown,Unknown,Unknown,Unknown,System or software involved | Meter type: Electric or Water | Exact meter model | Exact error code or error message,Not available from verified source data.,none
27473,"Title: New Giza - Smart Meter Pages Inquiry
Tags: CI; Hardware; Inquiry; New giza; SEM",Software|Hardware,Unknown,Unknown,Unknown,Unknown,Unknown,System or software involved | Meter type: Electric or Water | Exact meter model | Exact error code or error message,Not available from verified source data.,none
27472,"Title: Elkhamayel- System Down
Tags: aqua; CI; ElKhamayl; Software",Software,Aqua,Unknown,Unknown,Unknown,Unknown,Meter type: Electric or Water | Exact meter model | Exact error code or error message,Not available from verified source data.,none
27471,"Title: New Giza - Meter Maximum Current Page Inquiry
Tags: CI; Hardware; Inquiry; New giza; PEM",Software|Hardware,Unknown,Unknown,Unknown,Unknown,Unknown,System or software involved | Meter type: Electric or Water | Exact meter model | Exact error code or error message,Not available from verified source data.,none
27470,"Title: New Giza - Initiating Maintenance Cycle
Tags: CI; Hardware; New giza; PEM",Hardware,Unknown,Unknown,Unknown,Unknown,Unknown,System or software involved | Meter type: Electric or Water | Exact meter model | Exact error code or error message,Not available from verified source data.,none
27469,"Title: ORA- IC-0114
Tags: Hardware; Ora; PI; PWM",Hardware,Unknown,Unknown,Unknown,Unknown,Unknown,System or software involved | Meter type: Electric or Water | Exact meter model | Exact error code or error message | Detailed problem description and reproduction steps,Not available from verified source data.,none
27468,"Title: New Heliopolis - Delete Customer
Tags: aqua; CI; New Heliopolis; Software",Software,Aqua,Unknown,Unknown,Unknown,Unknown,Meter type: Electric or Water | Exact meter model | Exact error code or error message,Not available from verified source data.,none
27467,"Title: Ecklat - Electrical Meter not working Inquiry
Tags: CI; Ecklat; Hardware; Inquiry; PEM",Software|Hardware,Electric,Electric,Unknown,Unknown,Unknown,Exact meter model | Exact error code or error message,Not available from verified source data.,none
27466,"Title: Edelma - Friendly Time Inquiry
Tags: CI; Edelma; Inquiry; Software; vending",Software,Vending,Unknown,Unknown,Unknown,Unknown,Meter type: Electric or Water | Exact meter model | Exact error code or error message,Not available from verified source data.,none
27465,"Title: Edelma - Date and Time card Issue
Tags: CI; Edelma; Software; vending",Software,Vending,Unknown,Unknown,Unknown,Unknown,Meter type: Electric or Water | Exact meter model | Exact error code or error message,Not available from verified source data.,none
27464,"Title: New Giza - Invoice Issue
Tags: CI; New giza; Smart; Software",Software,Unknown,Unknown,Unknown,Unknown,Unknown,System or software involved | Meter type: Electric or Water | Exact meter model | Exact error code or error message,Not available from verified source data.,none
27462,"Title: Azurra: Rejected-02
Tags: Azzura; CI; SMS; Software",Software,Unknown,Unknown,Unknown,Unknown,Unknown,System or software involved | Meter type: Electric or Water | Exact meter model | Exact error code or error message,Not available from verified source data.,none
27461,"Title: Courtyard - Delete charge from visa
Tags: CI; Courtyard; Software; Visa",Software,Unknown,Unknown,Unknown,Unknown,Unknown,System or software involved | Meter type: Electric or Water | Exact meter model | Exact error code or error message,Not available from verified source data.,none
27460,"Title: ElAbd - CT Ratio cards
Tags: CI; ElAbd; Software; vending",Software,Vending,Unknown,Unknown,Unknown,Unknown,Meter type: Electric or Water | Exact meter model | Exact error code or error message,Not available from verified source data.,none
27459,"Title: Elsewedy E&C- Inquiry about meter that will be taken from factory
Tags: Elsewedy E&C; Hardware; PI; PWM",Software|Hardware,Unknown,Unknown,Unknown,Unknown,Unknown,System or software involved | Meter type: Electric or Water | Exact meter model | Exact error code or error message,Not available from verified source data.,none
27456,"Title: Elsewedy E&C- Inform them about meter that will not be maintained
Tags: Elsewedy E&C; Hardware; PEM; PI",Hardware,Unknown,Unknown,Unknown,Unknown,Unknown,System or software involved | Meter type: Electric or Water | Exact meter model | Exact error code or error message,Not available from verified source data.,none
27454,"Title: Travco: Delete Charge
Tags: CI; Software; Travco; Visa",Software,Unknown,Unknown,Unknown,Unknown,Unknown,System or software involved | Meter type: Electric or Water | Exact meter model | Exact error code or error message,Not available from verified source data.,none
27453,"Title: UEDC - Deleting a charge
Tags: CI; Software; UEDC; vending",Software,Vending,Unknown,Unknown,Unknown,Unknown,Meter type: Electric or Water | Exact meter model | Exact error code or error message,Not available from verified source data.,none
27452,"Title: Veranda- Error while charging card
Tags: aqua; CI; Software; Veranda",Software,Aqua,Unknown,Unknown,Unknown,Unknown,Meter type: Electric or Water | Exact meter model | Exact error code or error message,Not available from verified source data.,none
27451,"Title: Coral Bay- Add Settlement type in vending
Tags: CI; Coral; Software; vending",Software,Vending,Unknown,Unknown,Unknown,Unknown,Meter type: Electric or Water | Exact meter model | Exact error code or error message,Not available from verified source data.,none
27450,"Title: Soma bay: Manual Readings
Tags: CI; Smart; Software; Somabay",Software,Unknown,Unknown,Unknown,Unknown,Unknown,System or software involved | Meter type: Electric or Water | Exact meter model | Exact error code or error message,Not available from verified source data.,none
27449,"Title: Soma bay: Manual Readings
Tags: CI; Smart; Software; Somabay",Software,Unknown,Unknown,Unknown,Unknown,Unknown,System or software involved | Meter type: Electric or Water | Exact meter model | Exact error code or error message,Not available from verified source data.,none
27448,"Title: Soma bay: Manual Readings
Tags: CI; Smart; Software; Somabay",Software,Unknown,Unknown,Unknown,Unknown,Unknown,System or software involved | Meter type: Electric or Water | Exact meter model | Exact error code or error message,Not available from verified source data.,none
27447,"Title: Soma bay: Early Readings
Tags: CI; Smart; Software; Somabay",Software,Unknown,Unknown,Unknown,Unknown,Unknown,System or software involved | Meter type: Electric or Water | Exact meter model | Exact error code or error message,Not available from verified source data.,none
27446,"Title: Soma bay: Early Readings
Tags: CI; Smart; Software; Somabay",Software,Unknown,Unknown,Unknown,Unknown,Unknown,System or software involved | Meter type: Electric or Water | Exact meter model | Exact error code or error message,Not available from verified source data.,none
27445,"Title: Soma bay: Early Readings
Tags: CI; Smart; Software; Somabay",Software,Unknown,Unknown,Unknown,Unknown,Unknown,System or software involved | Meter type: Electric or Water | Exact meter model | Exact error code or error message,Not available from verified source data.,none
27444,"Title: Soma bay: Measure point issue
Tags: CI; Smart; Software; Somabay",Software,Unknown,Unknown,Unknown,Unknown,Unknown,System or software involved | Meter type: Electric or Water | Exact meter model | Exact error code or error message,Not available from verified source data.,none
27443,"Title: EPower: MT-514 Malfunction
Tags: Epower; Hardware; PEM; PI",Hardware,Unknown,Unknown,Unknown,Unknown,Unknown,System or software involved | Meter type: Electric or Water | Exact meter model | Exact error code or error message,Not available from verified source data.,none
27442,"Title: Soma Bay: Early Readings
Tags: CI; Smart; Software; Somabay",Software,Unknown,Unknown,Unknown,Unknown,Unknown,System or software involved | Meter type: Electric or Water | Exact meter model | Exact error code or error message,Not available from verified source data.,none
27441,"Title: Soma bay: Manual Readings
Tags: CI; Smart; Software; Somabay",Software,Unknown,Unknown,Unknown,Unknown,Unknown,System or software involved | Meter type: Electric or Water | Exact meter model | Exact error code or error message,Not available from verified source data.,none
27440,"Title: Tiba View: Error E-107
Tags: Hardware; PI; PWM; Tiba",Hardware,Unknown,Unknown,Unknown,107,Unknown,System or software involved | Meter type: Electric or Water | Exact meter model,Not available from verified source data.,none
27439,"Title: Mena Oasis - Maintenance Meters
Tags: Hardware; Mena Oasis; PI; PWM",Hardware,Unknown,Unknown,Unknown,Unknown,Unknown,System or software involved | Meter type: Electric or Water | Exact meter model | Exact error code or error message,Not available from verified source data.,none
27364,"Title: ElAbd - Issue in reports
Tags: ElAbd; PI; Software; vending",Software,Vending,Unknown,Unknown,Unknown,Unknown,Meter type: Electric or Water | Exact meter model | Exact error code or error message,Not available from verified source data.,none
27363,"Title: Private Sector Meters Maintenance Follow-up
Tags: Hardware; PI; Private; SEM; W",Hardware,Unknown,Unknown,Unknown,Unknown,Unknown,System or software involved | Meter type: Electric or Water | Exact meter model | Exact error code or error message,Not available from verified source data.,none
27362,"Title: Alex - Open new accounts
Tags: Alex; CI; Software; vending",Software,Vending,Unknown,Unknown,Unknown,Unknown,Meter type: Electric or Water | Exact meter model | Exact error code or error message,Not available from verified source data.,none
27361,"Title: Emdad - Delete tariff difference settlement
Tags: aqua; CI; Emdad; Software",Software,Aqua,Unknown,Unknown,Unknown,Unknown,Meter type: Electric or Water | Exact meter model | Exact error code or error message,Not available from verified source data.,none
27342,"Title: New Heliopolis- Maintenance Meters
Tags: Hardware; New Heliopolis; PI; PWM",Hardware,Unknown,Unknown,Unknown,Unknown,Unknown,System or software involved | Meter type: Electric or Water | Exact meter model | Exact error code or error message,Not available from verified source data.,none
27341,"Title: 10th of Ramadan - Electrical meter maintenance
Tags: CDC; CI; Hardware; SEM; SLA; Utility",Hardware,Electric,Electric,Unknown,Unknown,Unknown,Exact meter model | Exact error code or error message,Not available from verified source data.,none
27340,"Title: Emaar - Uptown Cairo - Electrical Meters New Configuration
Tags: Hardware; PI; SEM; SWM; Uptown Cairo; W",Hardware,Electric,Electric,Unknown,Unknown,Unknown,Exact meter model | Exact error code or error message,Not available from verified source data.,none
27339,"Title: Emaar - Uptown Cairo - Electrical Meters New Configuration
Tags: Hardware; PI; SEM; Uptown Cairo; W",Hardware,Electric,Electric,Unknown,Unknown,Unknown,Exact meter model | Exact error code or error message,Not available from verified source data.,none
27338,"Title: Emdad - Inquiry about consumption and settlements for a customer
Tags: aqua; CI; Emdad; Software",Software,Aqua,Unknown,Unknown,Unknown,Unknown,Meter type: Electric or Water | Exact meter model | Exact error code or error message,Not available from verified source data.,none
27337,"Title: New Beni Suef - Utility water meter maintenance
Tags: Hardware; NUCA; PI; PWM; Utility; W",Hardware,Unknown,Water,Unknown,Unknown,Unknown,System or software involved | Exact meter model | Exact error code or error message,Not available from verified source data.,none
27336,"Title: Beni Suef - Utility water meter maintenance
Tags: Hardware; HCWW; PI; PWM; Utility; W",Hardware,Unknown,Water,Unknown,Unknown,Unknown,System or software involved | Exact meter model | Exact error code or error message,Not available from verified source data.,none
27335,"Title: Travco: Error-0001
Tags: CI; Hardware; PEM; Travco",Hardware,Unknown,Unknown,Unknown,0001,Unknown,System or software involved | Meter type: Electric or Water | Exact meter model,Not available from verified source data.,none
27334,"Title: NDDC: Error-0170
Tags: CI; Hardware; NDDC; PEM",Hardware,Unknown,Unknown,Unknown,0170,Unknown,System or software involved | Meter type: Electric or Water | Exact meter model,Not available from verified source data.,none
27333,"Title: Selena bay: Negative Consumption
Tags: CI; Hardware; PEM; Selena bay",Hardware,Unknown,Unknown,Unknown,Unknown,Unknown,System or software involved | Meter type: Electric or Water | Exact meter model | Exact error code or error message,Not available from verified source data.,none
27332,"Title: New Giza: Error Over-P
Tags: CI; Hardware; New giza; PEM",Hardware,Unknown,Unknown,Unknown,Unknown,Unknown,System or software involved | Meter type: Electric or Water | Exact meter model | Exact error code or error message,Not available from verified source data.,none
27331,"Title: Edelma: Date & Time Card
Tags: CI; Edelma; Software; vending",Software,Vending,Unknown,Unknown,Unknown,Unknown,Meter type: Electric or Water | Exact meter model | Exact error code or error message,Not available from verified source data.,none
27330,"Title: Selena Bay: Suspicion of foul consumption
Tags: CI; Hardware; PEM; Selena bay",Hardware,Unknown,Unknown,Unknown,Unknown,Unknown,System or software involved | Meter type: Electric or Water | Exact meter model | Exact error code or error message,Not available from verified source data.,none
27329,"Title: New Heliopolis: Error E-107
Tags: Hardware; New Heliopolis; PI; PWM",Hardware,Unknown,Unknown,Unknown,107,Unknown,System or software involved | Meter type: Electric or Water | Exact meter model,Not available from verified source data.,none
27328,"Title: New Giza - How to know details of alarm or tamper on mt514
Tags: CI; Hardware; Newgiza; PEM",Hardware,Unknown,Unknown,MT514,Unknown,Unknown,System or software involved | Meter type: Electric or Water | Exact error code or error message,Not available from verified source data.,none
27327,"Title: Waterway - Inquiry about max kilowatt for 3 phase meter
Tags: CI; Software; vending; Waterway",Software,Vending,Water,Unknown,Unknown,Unknown,Exact meter model | Exact error code or error message,Not available from verified source data.,none
27326,"Title: Soma bay: Site visit recap
Tags: billing; CI; Software; Somabay",Software,Billing,Unknown,Unknown,Unknown,Unknown,Meter type: Electric or Water | Exact meter model | Exact error code or error message,Not available from verified source data.,none
27325,"Title: Tiba View: Error-0203
Tags: aqua; CI; Software; Tiba",Software,Aqua,Unknown,Unknown,0203,Unknown,Meter type: Electric or Water | Exact meter model,Not available from verified source data.,none
27324,"Title: Soma bay: Creating Invoices Summary report
Tags: CI; Smart; Software; Somabay",Software,Unknown,Unknown,Unknown,Unknown,Unknown,System or software involved | Meter type: Electric or Water | Exact meter model | Exact error code or error message,Not available from verified source data.,none
27323,"Title: Soma bay: Running Bill Cycle from 06/2025
Tags: CI; Smart; Software; Somabay",Software,Unknown,Unknown,Unknown,Unknown,Unknown,System or software involved | Meter type: Electric or Water | Exact meter model | Exact error code or error message,Not available from verified source data.,none
27322,"Title: Soma bay: Creating monthly consumptions report
Tags: CI; Smart; Software; Somabay",Software,Unknown,Unknown,Unknown,Unknown,Unknown,System or software involved | Meter type: Electric or Water | Exact meter model | Exact error code or error message,Not available from verified source data.,none
27321,"Title: Travco: Error-1057
Tags: Hardware; PEM; PI; Travco",Hardware,Unknown,Unknown,Unknown,1057,Unknown,System or software involved | Meter type: Electric or Water | Exact meter model,Not available from verified source data.,none
27320,"Title: CDC - Error 0001
Tags: CDC; Hardware; PEM; PI",Hardware,Unknown,Unknown,Unknown,0001,Unknown,System or software involved | Meter type: Electric or Water | Exact meter model,Not available from verified source data.,none
27319,"Title: Korra - Charging Report Issue
Tags: CI; Korra; Software; vending",Software,Vending,Unknown,Unknown,Unknown,Unknown,Meter type: Electric or Water | Exact meter model | Exact error code or error message,Not available from verified source data.,none
27318,"Title: Korra - Adding New Customer Inquiry
Tags: CI; Korra; Software; vending",Software,Vending,Unknown,Unknown,Unknown,Unknown,Meter type: Electric or Water | Exact meter model | Exact error code or error message,Not available from verified source data.,none
27317,"Title: Korra - Settlement Issue
Tags: CI; Korra; Software; vending",Software,Vending,Unknown,Unknown,Unknown,Unknown,Meter type: Electric or Water | Exact meter model | Exact error code or error message,Not available from verified source data.,none
27316,"Title: Korra - Vending Read Card Issue
Tags: CI; Korra; Software; vending",Software,Vending,Unknown,Unknown,Unknown,Unknown,Meter type: Electric or Water | Exact meter model | Exact error code or error message,Not available from verified source data.,none
27315,"Title: El Abd - Getting System Number
Tags: CI; ElAbd; Software; vending",Software,Vending,Unknown,Unknown,Unknown,Unknown,Meter type: Electric or Water | Exact meter model | Exact error code or error message,Not available from verified source data.,none
27312,"Title: Holandya - Reading Synch Issue
Tags: CI; Holand; Smart; Software",Software,Unknown,Unknown,Unknown,Unknown,Unknown,System or software involved | Meter type: Electric or Water | Exact meter model | Exact error code or error message,Not available from verified source data.,none
27311,"Title: Soma bay - Change relay status
Tags: PI; Smart; Software; Somabay",Software|Hardware,Unknown,Unknown,Unknown,Unknown,Unknown,System or software involved | Meter type: Electric or Water | Exact meter model | Exact error code or error message,Not available from verified source data.,none
27310,"Title: Diwaneya - Change activation date
Tags: CI; Diwanyah; Smart; Software",Software,Unknown,Unknown,Unknown,Unknown,Unknown,System or software involved | Meter type: Electric or Water | Exact meter model | Exact error code or error message,Not available from verified source data.,none
27309,"Title: Emdad - Delete Tariff difference for all customers
Tags: aqua; CI; Emdad; Software",Software,Aqua,Unknown,Unknown,Unknown,Unknown,Meter type: Electric or Water | Exact meter model | Exact error code or error message,Not available from verified source data.,none
27308,"Title: ElAbd - CT Ratio cards
Tags: CI; ElAbd; Software; vending",Software,Vending,Unknown,Unknown,Unknown,Unknown,Meter type: Electric or Water | Exact meter model | Exact error code or error message,Not available from verified source data.,none
27307,"Title: SC Zone - Changing CT Ratio
Tags: CI; PVMS; SC zone; Software",Software,Unknown,Unknown,Unknown,Unknown,Unknown,System or software involved | Meter type: Electric or Water | Exact meter model | Exact error code or error message,Not available from verified source data.,none
27306,"Title: ElAbd - E-106 on water meter
Tags: CI; ElAbd; Hardware; PWM",Hardware,Unknown,Water,Unknown,106,Unknown,System or software involved | Exact meter model,Not available from verified source data.,none
27305,"Title: ElAbd - CT ratio cards
Tags: CI; ElAbd; Software; vending",Software,Vending,Unknown,Unknown,Unknown,Unknown,Meter type: Electric or Water | Exact meter model | Exact error code or error message,Not available from verified source data.,none
27304,"Title: ElAbd - Can not charge on system
Tags: CI; ElAbd; Software; vending",Software,Vending,Unknown,Unknown,Unknown,Unknown,Meter type: Electric or Water | Exact meter model | Exact error code or error message,Not available from verified source data.,none
27303,"Title: Tibia View - Rejected 02
Tags: PI; Software; STS; tibia",Software,Unknown,Unknown,Unknown,Unknown,Unknown,System or software involved | Meter type: Electric or Water | Exact meter model | Exact error code or error message,Not available from verified source data.,none
27302,"Title: Tibia View - Rejected 02
Tags: PI; Software; STS; tibia",Software,Unknown,Unknown,Unknown,Unknown,Unknown,System or software involved | Meter type: Electric or Water | Exact meter model | Exact error code or error message,Not available from verified source data.,none
27301,"Title: Elsewedy E&C - Inquiry about difference between cards in aqua and vending
Tags: Elsewedy E&C; Hardware; Inquiry",Software|Hardware,Vending|Aqua,Unknown,Unknown,Unknown,Unknown,Meter type: Electric or Water | Exact meter model | Exact error code or error message,Not available from verified source data.,none
27300,"Title: Travco - Delete user from visa
Tags: CI; Software; Travco; Visa",Software,Unknown,Unknown,Unknown,Unknown,Unknown,System or software involved | Meter type: Electric or Water | Exact meter model | Exact error code or error message,Not available from verified source data.,none
27299,"Title: Emdad - Total tariff difference on system
Tags: aqua; CI; Emdad; Software",Software,Aqua,Unknown,Unknown,Unknown,Unknown,Meter type: Electric or Water | Exact meter model | Exact error code or error message,Not available from verified source data.,none
27298,"Title: New Giza - Invoice Issue
Tags: CI; New giza; Smart; Software",Software,Unknown,Unknown,Unknown,Unknown,Unknown,System or software involved | Meter type: Electric or Water | Exact meter model | Exact error code or error message,Not available from verified source data.,none
27297,"Title: New Giza - Deleting Meter from Billing
Tags: New giza; PI; Smart; Software",Software,Billing,Unknown,Unknown,Unknown,Unknown,Meter type: Electric or Water | Exact meter model | Exact error code or error message,Not available from verified source data.,none
27296,"Title: Injaz - Inquiry regarding software deployment
Tags: CI; Injaz; Inquiry; Software",Software,Unknown,Unknown,Unknown,Unknown,Unknown,System or software involved | Meter type: Electric or Water | Exact meter model | Exact error code or error message,Not available from verified source data.,none
27295,"Title: Soma bay: Smart electrical meters troubleshooting
Tags: CI; Hardware; O/S; PI; SEM; Somabay",Hardware,Electric,Electric,Unknown,Unknown,Unknown,Exact meter model | Exact error code or error message,Not available from verified source data.,none
27294,"Title: Private sector water meters new configuration
Tags: Hardware; PI; Private; PWM; W",Hardware,Unknown,Water,Unknown,Unknown,Unknown,System or software involved | Exact meter model | Exact error code or error message,Not available from verified source data.,none
27293,"Title: Private sector meters maintenance follow-up
Tags: Hardware; PEM; PI; Private; W",Hardware,Unknown,Unknown,Unknown,Unknown,Unknown,System or software involved | Meter type: Electric or Water | Exact meter model | Exact error code or error message,Not available from verified source data.,none
27292,"Title: Elsewedy E&C - Inquiry about claims that are ready
Tags: Elsewedy E&C; Hardware; Inquiry",Software|Hardware,Unknown,Unknown,Unknown,Unknown,Unknown,System or software involved | Meter type: Electric or Water | Exact meter model | Exact error code or error message,Not available from verified source data.,none
27291,"Title: Relantecs - Inquiry about about meter consumption and alarms
Tags: CI; Hardware; PEM; Relantecs",Software|Hardware,Unknown,Unknown,Unknown,Unknown,Unknown,System or software involved | Meter type: Electric or Water | Exact meter model | Exact error code or error message,Not available from verified source data.,none
27290,"Title: Zayed - Utility water meter maintenance
Tags: Hardware; NUCA; PI; PWM; Utility; W",Hardware,Unknown,Water,Unknown,Unknown,Unknown,System or software involved | Exact meter model | Exact error code or error message,Not available from verified source data.,none
27289,"Title: ElAbd - Reports Issue
Tags: ElAbd; PI; Software; vending",Software,Vending,Unknown,Unknown,Unknown,Unknown,Meter type: Electric or Water | Exact meter model | Exact error code or error message,Not available from verified source data.,none
27288,"Title: New Giza - Changing Meter Name
Tags: New giza; PI; Smart; Software",Software,Unknown,Unknown,Unknown,Unknown,Unknown,System or software involved | Meter type: Electric or Water | Exact meter model | Exact error code or error message,Not available from verified source data.,none
27287,"Title: Soma bay: Enquiries about Vending, aqua & meterverse
Tags: aqua; CI; Software; Somabay; vending",Software,Vending|MeterVerse|Aqua,Unknown,Unknown,Unknown,Unknown,Meter type: Electric or Water | Exact meter model | Exact error code or error message,Not available from verified source data.,none
27286,"Title: Soma bay: Visa Enquiry
Tags: CI; Software; Somabay; Visa",Software,Unknown,Unknown,Unknown,Unknown,Unknown,System or software involved | Meter type: Electric or Water | Exact meter model | Exact error code or error message,Not available from verified source data.,none
27285,"Title: Soma bay: Enquiries about billing
Tags: CI; Smart; Software; Somabay
History: how the unit name is connected to either meter number or customer name postpaid suggestion: unit name visible on billing while meter is new location of the succeeded and failed jobs report",Software,Billing,Unknown,Unknown,Unknown,Unknown,Meter type: Electric or Water | Exact meter model | Exact error code or error message,how the unit name is connected to either meter number or customer name postpaid suggestion: unit name visible on billing while meter is new location of the succeeded and failed jobs report,history
27284,"Title: Soma bay: Enquiries about Hes Operator
Tags: CI; Smart; Software; Somabay",Software,Unknown,Unknown,Unknown,Unknown,Unknown,System or software involved | Meter type: Electric or Water | Exact meter model | Exact error code or error message,Not available from verified source data.,none
27283,"Title: Soma bay: Manual readings template or Deleting old readings because of gaps in readings
Tags: CI; Smart; Software; Somabay",Software,Unknown,Unknown,Unknown,Unknown,Unknown,System or software involved | Meter type: Electric or Water | Exact meter model | Exact error code or error message,Not available from verified source data.,none
27282,"Title: Soma bay: Editing activation date
Tags: CI; Smart; Software; Somabay",Software,Unknown,Unknown,Unknown,Unknown,Unknown,System or software involved | Meter type: Electric or Water | Exact meter model | Exact error code or error message,Not available from verified source data.,none
27281,"Title: Soma bay: Early readings on billing
Tags: CI; Smart; Software; Somabay",Software,Billing,Unknown,Unknown,Unknown,Unknown,Meter type: Electric or Water | Exact meter model | Exact error code or error message,Not available from verified source data.,none
27280,"Title: Korra Vedning- Error when charging IC card
Tags: Korra; PI; Software; vending",Software,Vending,Unknown,Unknown,Unknown,Unknown,Meter type: Electric or Water | Exact meter model | Exact error code or error message,Not available from verified source data.,none
27279,"Title: Korra Vending- Inquiry about meter settlement type
Tags: CI; Korra; Software; vending",Software,Vending,Unknown,Unknown,Unknown,Unknown,Meter type: Electric or Water | Exact meter model | Exact error code or error message,Not available from verified source data.,none
27278,"Title: ElAbd - Inquiry about reports
Tags: ElAbd; PI; Software; vending",Software,Vending,Unknown,Unknown,Unknown,Unknown,Meter type: Electric or Water | Exact meter model | Exact error code or error message,Not available from verified source data.,none
27277,"Title: ElAbd - Inquiry about charge in reports
Tags: CI; ElAbd; Software; vending",Software,Vending,Unknown,Unknown,Unknown,Unknown,Meter type: Electric or Water | Exact meter model | Exact error code or error message,Not available from verified source data.,none
27276,"Title: Travco - Delete User from database
Tags: CI; Software; Travco; Visa",Software,Unknown,Unknown,Unknown,Unknown,Unknown,System or software involved | Meter type: Electric or Water | Exact meter model | Exact error code or error message,Not available from verified source data.,none
27275,"Title: UEDC - Delete Charge
Tags: CI; UEDC; Utility; vending",Software,Vending,Unknown,Unknown,Unknown,Unknown,Meter type: Electric or Water | Exact meter model | Exact error code or error message,Not available from verified source data.,none
27274,"Title: Chinese Mall- Issue with reports
Tags: Chinese Mall; PI; Software; vending",Software,Vending,Unknown,Unknown,Unknown,Unknown,Meter type: Electric or Water | Exact meter model | Exact error code or error message,Not available from verified source data.,none
27273,"Title: Korra Vending- Login Issue
Tags: Korra; PI; Software; vending",Software,Vending,Unknown,Unknown,Unknown,Unknown,Meter type: Electric or Water | Exact meter model | Exact error code or error message,Not available from verified source data.,none
27272,"Title: Korra Vending - Invoice Issue
Tags: Korra; PI; Software; vending",Software,Vending,Unknown,Unknown,Unknown,Unknown,Meter type: Electric or Water | Exact meter model | Exact error code or error message,Not available from verified source data.,none
27271,"Title: Korra Vending- Delete Charge Diff settlement
Tags: CI; Korra; Software; vending",Software,Vending,Unknown,Unknown,Unknown,Unknown,Meter type: Electric or Water | Exact meter model | Exact error code or error message,Not available from verified source data.,none
27270,"Title: Elsewedy E&C- Inquiry about new meter that has consumptions
Tags: Elsewedy E&C; Hardware; PEM; PI",Software|Hardware,Unknown,Unknown,Unknown,Unknown,Unknown,System or software involved | Meter type: Electric or Water | Exact meter model | Exact error code or error message,Not available from verified source data.,none
27269,"Title: ScanDeck- Check if meter has negative balance
Tags: CI; ScanDeck; Software; vending",Software,Vending,Unknown,Unknown,Unknown,Unknown,Meter type: Electric or Water | Exact meter model | Exact error code or error message,Not available from verified source data.,none
27262,"Title: ElAbd - Error while charging
Tags: CI; ElAbd; Software; vending",Software,Vending,Unknown,Unknown,Unknown,Unknown,Meter type: Electric or Water | Exact meter model | Exact error code or error message,Not available from verified source data.,none
27261,"Title: Light power - Update electricity tariff
Tags: CI; Lightpower; Software; vending",Software,Vending|Electric,Electric,Unknown,Unknown,Unknown,Exact meter model | Exact error code or error message,Not available from verified source data.,none
27260,"Title: Summer Internship Mentorship
Tags: Inquiry; training",Software,Unknown,Unknown,Unknown,Unknown,Unknown,System or software involved | Meter type: Electric or Water | Exact meter model | Exact error code or error message,Not available from verified source data.,none
27245,"Title: ElAbd - Steps to open account
Tags: CI; ElAbd; Software; vending",Software,Vending,Unknown,Unknown,Unknown,Unknown,Meter type: Electric or Water | Exact meter model | Exact error code or error message,Not available from verified source data.,none
27224,"Title: Roaya - Issue with application
Tags: CI; Roayaa; Smart; Software",Software,Unknown,Unknown,Unknown,Unknown,Unknown,System or software involved | Meter type: Electric or Water | Exact meter model | Exact error code or error message,Not available from verified source data.,none
27223,"Title: Korra Vending- Minimum Charge price problem
Tags: CI; Korra; Software; vending",Software,Vending,Unknown,Unknown,Unknown,Unknown,Meter type: Electric or Water | Exact meter model | Exact error code or error message,Not available from verified source data.,none
27222,"Title: New Heliopolis - Inquiry about maintenance issue
Tags: CI; Hardware; NewHeliopolis; PWM",Software|Hardware,Unknown,Unknown,Unknown,Unknown,Unknown,System or software involved | Meter type: Electric or Water | Exact meter model | Exact error code or error message,Not available from verified source data.,none
27221,"Title: Korra Vending - Software Issue
Tags: Korra; PI; Software; vending",Software,Vending,Unknown,Unknown,Unknown,Unknown,Meter type: Electric or Water | Exact meter model | Exact error code or error message,Not available from verified source data.,none
27220,"Title: New Cairo - Utility water meter maintenance
Tags: Hardware; NUCA; PI; PWM; Utility; W",Hardware,Unknown,Water,Unknown,Unknown,Unknown,System or software involved | Exact meter model | Exact error code or error message,Not available from verified source data.,none
27219,"Title: Elsewedy E&C- Withdraw meters from maintenance
Tags: Elsewedy E&C; Hardware; PI; PWM",Hardware,Unknown,Unknown,Unknown,Unknown,Unknown,System or software involved | Meter type: Electric or Water | Exact meter model | Exact error code or error message,Not available from verified source data.,none
27218,"Title: Emdad - Rev Warning in PWM
Tags: Emdad; Hardware; PI; PWM",Hardware,Unknown,Unknown,Unknown,Unknown,Unknown,System or software involved | Meter type: Electric or Water | Exact meter model | Exact error code or error message,Not available from verified source data.,none
27217,"Title: Soma bay: Early readings on billing
Tags: CI; Smart; Software; Somabay
History: Meters Serial Number: 20000036 20000159 20000173 20000199 20000223 20000897 20000974 20001289 20001291",Software|Communication,Billing,Unknown,Unknown,Unknown,Unknown,Meter type: Electric or Water | Exact meter model | Exact error code or error message,Meters Serial Number: 20000036 20000159 20000173 20000199 20000223 20000897 20000974 20001289 20001291,history
27216,"Title: Private Sector Water Meters New Configuration
Tags: Hardware; PI; Private; SWM; W",Hardware,Unknown,Water,Unknown,Unknown,Unknown,System or software involved | Exact meter model | Exact error code or error message,Not available from verified source data.,none
27215,"Title: ScanDeck- Delete Charge from database
Tags: CI; ScanDeck; Software; STS",Software,Unknown,Unknown,Unknown,Unknown,Unknown,System or software involved | Meter type: Electric or Water | Exact meter model | Exact error code or error message,Not available from verified source data.,none
27214,"Title: Alex - Rest Password for user
Tags: Alex; CI; Software; vending",Software,Vending,Unknown,Unknown,Unknown,Unknown,Meter type: Electric or Water | Exact meter model | Exact error code or error message,Not available from verified source data.,none
27213,"Title: Injaz - Invoice is empty
Tags: CI; Injaz; Software; vending",Software,Vending,Unknown,Unknown,Unknown,Unknown,Meter type: Electric or Water | Exact meter model | Exact error code or error message,Not available from verified source data.,none
27212,"Title: Injaz - Difference between charges on meter and on vending software
Tags: CI; Injaz; Software; vending",Software,Vending,Unknown,Unknown,Unknown,Unknown,Meter type: Electric or Water | Exact meter model | Exact error code or error message,Not available from verified source data.,none
27211,"Title: ScanDeck- Edit Tariff in Vending
Tags: CI; ScanDeck; Software; vending",Software,Vending,Unknown,Unknown,Unknown,Unknown,Meter type: Electric or Water | Exact meter model | Exact error code or error message,Not available from verified source data.,none
27210,"Title: Florenza- Edit Tariff in Vending
Tags: CI; Florenza; Software; vending",Software,Vending,Unknown,Unknown,Unknown,Unknown,Meter type: Electric or Water | Exact meter model | Exact error code or error message,Not available from verified source data.,none
27209,"Title: ScanDeck- Check charging failure
Tags: CI; ScanDeck; SMS; Software",Software,Unknown,Unknown,Unknown,Unknown,Unknown,System or software involved | Meter type: Electric or Water | Exact meter model | Exact error code or error message,Not available from verified source data.,none
27208,"Title: Florenza- Edit Tarrif in Visa
Tags: CI; Florenza; Software; Visa",Software,Unknown,Unknown,Unknown,Unknown,Unknown,System or software involved | Meter type: Electric or Water | Exact meter model | Exact error code or error message,Not available from verified source data.,none
27206,"Title: Scandeck- Edit Tariff in SMS and Issue Tariff Card
Tags: CI; ScanDeck; SMS; Software",Software,Unknown,Unknown,Unknown,Unknown,Unknown,System or software involved | Meter type: Electric or Water | Exact meter model | Exact error code or error message,Not available from verified source data.,none
27205,"Title: Florenza- Issue Tariff Card in SMS and RF35
Tags: CI; Florenza; SMS; Software",Software,Unknown,Unknown,Unknown,Unknown,Unknown,System or software involved | Meter type: Electric or Water | Exact meter model | Exact error code or error message,Not available from verified source data.,none
27204,"Title: Light Power - General error while charging and pending charge each time
Tags: CI; Lightpower; Software; vending",Software,Vending,Unknown,Unknown,Unknown,Unknown,Meter type: Electric or Water | Exact meter model | Exact error code or error message,Not available from verified source data.,none
27203,"Title: Florenza- Edit Tariff in RF35
Tags: CI; Florenza; RF35; Software",Software,Unknown,Unknown,Unknown,Unknown,Unknown,System or software involved | Meter type: Electric or Water | Exact meter model | Exact error code or error message,Not available from verified source data.,none
27202,"Title: Florenza- Edit Tariff in SMS
Tags: CI; Florenza; SMS; Software",Software,Unknown,Unknown,Unknown,Unknown,Unknown,System or software involved | Meter type: Electric or Water | Exact meter model | Exact error code or error message,Not available from verified source data.,none
27201,"Title: Family House - Restarting Server
Tags: aqua; CI; Family House; Software",Software,Aqua,Unknown,Unknown,Unknown,Unknown,Meter type: Electric or Water | Exact meter model | Exact error code or error message,Not available from verified source data.,none
27200,"Title: Travco- Check Ports and IP of HES Operator
Tags: CI; Smart; Software; Travco",Software,Unknown,Unknown,Unknown,Unknown,Unknown,System or software involved | Meter type: Electric or Water | Exact meter model | Exact error code or error message,Not available from verified source data.,none
27199,"Title: Travco- Send link to HES operator
Tags: CI; Smart; Software; Travco",Software,Unknown,Unknown,Unknown,Unknown,Unknown,System or software involved | Meter type: Electric or Water | Exact meter model | Exact error code or error message,Not available from verified source data.,none
27198,"Title: Private sector meters maintenance follow-up
Tags: Hardware; PI; Private; SEM; W",Hardware,Unknown,Unknown,Unknown,Unknown,Unknown,System or software involved | Meter type: Electric or Water | Exact meter model | Exact error code or error message,Not available from verified source data.,none
27197,"Title: SDDC- Inquiry about meters in maintenance
Tags: Hardware; PEM; PI; SDDC",Software|Hardware,Unknown,Unknown,Unknown,Unknown,Unknown,System or software involved | Meter type: Electric or Water | Exact meter model | Exact error code or error message,Not available from verified source data.,none
27196,"Title: Elkhamayel- Check Server down
Tags: aqua; CI; ElKhamayl; Software",Software,Aqua,Unknown,Unknown,Unknown,Unknown,Meter type: Electric or Water | Exact meter model | Exact error code or error message,Not available from verified source data.,none
27195,"Title: CDC - Error 103
Tags: CDC; CI; Hardware; PEM",Hardware,Unknown,Unknown,Unknown,103,Unknown,System or software involved | Meter type: Electric or Water | Exact meter model,Not available from verified source data.,none
27194,"Title: Edelma - Meter Disconnection during friendly time Issue
Tags: CI; Edelma; Hardware; PEM",Hardware|Communication,Unknown,Unknown,Unknown,Unknown,Unknown,System or software involved | Meter type: Electric or Water | Exact meter model | Exact error code or error message,Not available from verified source data.,none
27193,"Title: Caribbeano - Motor Installation Inquiry
Tags: Caribbeano; CI; Hardware; Inquiry; PWM",Software|Hardware,Unknown,Unknown,Unknown,Unknown,Unknown,System or software involved | Meter type: Electric or Water | Exact meter model | Exact error code or error message,Not available from verified source data.,none
27192,"Title: SCDC - Haram - Meter Maintenance Visit
Tags: CI; Hardware; PEM; PI; Scdc; Utility; W",Hardware,Unknown,Unknown,Unknown,Unknown,Unknown,System or software involved | Meter type: Electric or Water | Exact meter model | Exact error code or error message,Not available from verified source data.,none
27191,"Title: Elkhamayel- Server Down
Tags: aqua; CI; ElKhamayl; Software",Software,Aqua,Unknown,Unknown,Unknown,Unknown,Meter type: Electric or Water | Exact meter model | Exact error code or error message,Not available from verified source data.,none
27190,"Title: New Damietta - Utility water meter maintenance
Tags: Hardware; NUCA; PI; PWM; Utility; W",Hardware,Unknown,Water,Unknown,Unknown,Unknown,System or software involved | Exact meter model | Exact error code or error message,Not available from verified source data.,none
27189,"Title: Sun Capital - Electrical And Water Meters Communication troubleshooting
Tags: CI; Hardware; SEM; Suncapital; W",Hardware|Communication,Electric,Water|Electric,Unknown,Unknown,Unknown,Exact meter model | Exact error code or error message,Not available from verified source data.,none
27188,"Title: Elabd: CT ratio cards expiration date enquiry
Tags: CI; ElAbd; Software; Visa",Software,Unknown,Unknown,Unknown,Unknown,Unknown,System or software involved | Meter type: Electric or Water | Exact meter model | Exact error code or error message,Not available from verified source data.,none
27187,"Title: Somabay: Site Troubleshooting Visit
Tags: Hardware; PI; SEM; Somabay",Hardware,Unknown,Unknown,Unknown,Unknown,Unknown,System or software involved | Meter type: Electric or Water | Exact meter model | Exact error code or error message,Not available from verified source data.,none
27186,"Title: EPower: Wrong Meter Serial Number
Tags: Epower; Hardware; PEM; PI",Hardware|Communication,Unknown,Unknown,Unknown,Unknown,Unknown,System or software involved | Meter type: Electric or Water | Exact meter model | Exact error code or error message,Not available from verified source data.,none
27185,"Title: EPower: Top & Terminal Cover Open
Tags: CI; Epower; Hardware; PEM",Hardware,Unknown,Unknown,Unknown,Unknown,Unknown,System or software involved | Meter type: Electric or Water | Exact meter model | Exact error code or error message,Not available from verified source data.,none
27184,"Title: Soma Bay - Hurghada : Smart Electrical Meters Troubleshooting
Tags: CI; Hardware; O/S; PI; SEM; Somabay",Hardware,Electric,Electric,Unknown,Unknown,Unknown,Exact meter model | Exact error code or error message,Not available from verified source data.,none
27183,"Title: Selena Bay - Reinitializing a Meter
Tags: CI; Hardware; PEM; Selena bay",Hardware,Unknown,Unknown,Unknown,Unknown,Unknown,System or software involved | Meter type: Electric or Water | Exact meter model | Exact error code or error message,Not available from verified source data.,none
27182,"Title: Travco: Error-1091
Tags: CI; Software; Travco; Visa",Software,Unknown,Unknown,Unknown,1091,Unknown,System or software involved | Meter type: Electric or Water | Exact meter model,Not available from verified source data.,none
27181,"Title: Elabd: Error-1091
Tags: CI; ElAbd; Software; vending",Software,Vending,Unknown,Unknown,1091,Unknown,Meter type: Electric or Water | Exact meter model,Not available from verified source data.,none
27153,"Title: Holandya: Meter Sync Issue
Tags: CI; Iraq; Smart; Software",Software,Unknown,Unknown,Unknown,Unknown,Unknown,System or software involved | Meter type: Electric or Water | Exact meter model | Exact error code or error message,Not available from verified source data.,none
27152,"Title: Holandya: Report Issue
Tags: CI; Iraq; Smart; Software",Software,Unknown,Unknown,Unknown,Unknown,Unknown,System or software involved | Meter type: Electric or Water | Exact meter model | Exact error code or error message,Not available from verified source data.,none
27151,"Title: Elsewedy E&C- Troubleshoot problems with meters in maintenance
Tags: Elsewedy E&C; Hardware; PEM; PI; PWM",Hardware,Unknown,Unknown,Unknown,Unknown,Unknown,System or software involved | Meter type: Electric or Water | Exact meter model | Exact error code or error message,Not available from verified source data.,none
27149,"Title: New Giza - Deleting a Settlement
Tags: CI; New giza; Smart; Software",Software,Unknown,Unknown,Unknown,Unknown,Unknown,System or software involved | Meter type: Electric or Water | Exact meter model | Exact error code or error message,Not available from verified source data.,none
27148,"Title: Epower: Upload Solar
Tags: CI; Epower; Smart; Software",Software,Unknown,Unknown,Unknown,Unknown,Unknown,System or software involved | Meter type: Electric or Water | Exact meter model | Exact error code or error message,Not available from verified source data.,none
27147,"Title: Selena Bay - Deleting a Charge from Database
Tags: CI; Selena bay; Software; vending",Software,Vending,Unknown,Unknown,Unknown,Unknown,Meter type: Electric or Water | Exact meter model | Exact error code or error message,Not available from verified source data.,none
27146,"Title: New Giza - Changing Meter Name
Tags: CI; New giza; Smart; Software",Software,Unknown,Unknown,Unknown,Unknown,Unknown,System or software involved | Meter type: Electric or Water | Exact meter model | Exact error code or error message,Not available from verified source data.,none
27145,"Title: New Giza - Invoice Values Issue
Tags: CI; New giza; Smart; Software",Software,Unknown,Unknown,Unknown,Unknown,Unknown,System or software involved | Meter type: Electric or Water | Exact meter model | Exact error code or error message,Not available from verified source data.,none
27144,"Title: New Giza - Invoice Values Issue
Tags: CI; New giza; Smart; Software",Software,Unknown,Unknown,Unknown,Unknown,Unknown,System or software involved | Meter type: Electric or Water | Exact meter model | Exact error code or error message,Not available from verified source data.,none
27143,"Title: New Giza - Invoice Values Issue
Tags: CI; New giza; Smart; Software",Software,Unknown,Unknown,Unknown,Unknown,Unknown,System or software involved | Meter type: Electric or Water | Exact meter model | Exact error code or error message,Not available from verified source data.,none
27142,"Title: New Giza - Invoice Values Issue
Tags: CI; New giza; Smart; Software",Software,Unknown,Unknown,Unknown,Unknown,Unknown,System or software involved | Meter type: Electric or Water | Exact meter model | Exact error code or error message,Not available from verified source data.,none
27141,"Title: New Giza - Invoice Values Issue
Tags: CI; New giza; Smart; Software",Software,Unknown,Unknown,Unknown,Unknown,Unknown,System or software involved | Meter type: Electric or Water | Exact meter model | Exact error code or error message,Not available from verified source data.,none
27140,"Title: New Giza - Invoice Values Issue
Tags: CI; New giza; Smart; Software",Software,Unknown,Unknown,Unknown,Unknown,Unknown,System or software involved | Meter type: Electric or Water | Exact meter model | Exact error code or error message,Not available from verified source data.,none
27139,"Title: New Giza - Invoice Values Issue
Tags: CI; New giza; Smart; Software",Software,Unknown,Unknown,Unknown,Unknown,Unknown,System or software involved | Meter type: Electric or Water | Exact meter model | Exact error code or error message,Not available from verified source data.,none
27138,"Title: New Giza - Invoice Values Issue
Tags: CI; New giza; Smart; Software",Software,Unknown,Unknown,Unknown,Unknown,Unknown,System or software involved | Meter type: Electric or Water | Exact meter model | Exact error code or error message,Not available from verified source data.,none
27137,"Title: The View- Aqua Deployment
Tags: aqua; CI; Software; The view",Software,Aqua,Unknown,Unknown,Unknown,Unknown,Meter type: Electric or Water | Exact meter model | Exact error code or error message,Not available from verified source data.,none
27136,"Title: Elsewedy E&C- Inquiry about meters in maintenance and cost
Tags: Elsewedy E&C; Hardware; PEM; PI; PWM",Software|Hardware,Unknown,Unknown,Unknown,Unknown,Unknown,System or software involved | Meter type: Electric or Water | Exact meter model | Exact error code or error message,Not available from verified source data.,none
27135,"Title: Mena Oasis- Issue with replacing meters
Tags: Hardware; Mena Oasis; PI; PWM",Hardware,Unknown,Unknown,Unknown,Unknown,Unknown,System or software involved | Meter type: Electric or Water | Exact meter model | Exact error code or error message,Not available from verified source data.,none
27134,"Title: Arabiano: Vending Deployment
Tags: arabiano; PI; Software; vending",Software,Vending,Unknown,Unknown,Unknown,Unknown,Meter type: Electric or Water | Exact meter model | Exact error code or error message,Not available from verified source data.,none
27133,"Title: Galleria: Vending Deployment
Tags: Galleria Mall; PI; Software; vending",Software,Vending,Unknown,Unknown,Unknown,Unknown,Meter type: Electric or Water | Exact meter model | Exact error code or error message,Not available from verified source data.,none
27132,"Title: Epower: Solar Billing Enquiry
Tags: CI; Epower; Smart; Software",Software,Billing,Unknown,Unknown,Unknown,Unknown,Meter type: Electric or Water | Exact meter model | Exact error code or error message,Not available from verified source data.,none
27131,"Title: Epower: MT-514 Missing Spring Issue
Tags: Epower; Hardware; PEM; PI",Hardware,Unknown,Unknown,Unknown,Unknown,Unknown,System or software involved | Meter type: Electric or Water | Exact meter model | Exact error code or error message,Not available from verified source data.,none
27130,"Title: CDC - Meter reading card issue
Tags: CDC; CI; Hardware; PEM",Hardware,Unknown,Unknown,Unknown,Unknown,Unknown,System or software involved | Meter type: Electric or Water | Exact meter model | Exact error code or error message,Not available from verified source data.,none
27129,"Title: New Giza - Changing Meter Name
Tags: CI; New giza; Smart; Software",Software,Unknown,Unknown,Unknown,Unknown,Unknown,System or software involved | Meter type: Electric or Water | Exact meter model | Exact error code or error message,Not available from verified source data.,none
27128,"Title: Korra - Reinitializing a Meter
Tags: CI; Korra; Software; vending",Software,Vending,Unknown,Unknown,Unknown,Unknown,Meter type: Electric or Water | Exact meter model | Exact error code or error message,Not available from verified source data.,none
27127,"Title: Korra - Blumar - Vending Deployment
Tags: Blumar; Korra; PI; Software; vending",Software,Vending,Unknown,Unknown,Unknown,Unknown,Meter type: Electric or Water | Exact meter model | Exact error code or error message,Not available from verified source data.,none
27126,"Title: Elkhamayel- IC203 in PWM
Tags: ElKhamayl; Hardware; PI; PWM",Hardware,Unknown,Unknown,Unknown,Unknown,Unknown,System or software involved | Meter type: Electric or Water | Exact meter model | Exact error code or error message,Not available from verified source data.,none
27125,"Title: Elsewedy E&C- Inquiry about meters' type in badreldeen
Tags: Elsewedy E&C; Hardware; PI; PWM",Software|Hardware,Unknown,Unknown,Unknown,Unknown,Unknown,System or software involved | Meter type: Electric or Water | Exact meter model | Exact error code or error message,Not available from verified source data.,none
27123,"Title: Mena Oasis- Check Meters for Maintenance
Tags: Hardware; Mena Oasis; PI; PWM",Hardware,Unknown,Unknown,Unknown,Unknown,Unknown,System or software involved | Meter type: Electric or Water | Exact meter model | Exact error code or error message,Not available from verified source data.,none
27122,"Title: New Obour: Utility Water Meter maintainenance visit
Tags: Hardware; NUCA; PI; PWM; Utility; W",Hardware,Unknown,Water,Unknown,Unknown,Unknown,System or software involved | Exact meter model | Exact error code or error message,Not available from verified source data.,none
27121,"Title: Shorouk: Utility Water Meter maintainenance visit
Tags: Hardware; NUCA; PI; PWM; Utility; W",Hardware,Unknown,Water,Unknown,Unknown,Unknown,System or software involved | Exact meter model | Exact error code or error message,Not available from verified source data.,none
27120,"Title: Badr: Utility Water Meter maintainenance visit
Tags: Hardware; NUCA; PI; PWM; Utility; W",Hardware,Unknown,Water,Unknown,Unknown,Unknown,System or software involved | Exact meter model | Exact error code or error message,Not available from verified source data.,none
27119,"Title: 10th of Ramadan: Utility Water Meter maintainenance visit
Tags: Hardware; NUCA; PI; PWM; Utility; W",Hardware,Unknown,Water,Unknown,Unknown,Unknown,System or software involved | Exact meter model | Exact error code or error message,Not available from verified source data.,none
27118,"Title: Arabiano: Server Down
Tags: arabiano; CI; Software; vending",Software,Vending,Unknown,Unknown,Unknown,Unknown,Meter type: Electric or Water | Exact meter model | Exact error code or error message,Not available from verified source data.,none
27117,"Title: Sun Capital: Missing Readings
Tags: CI; Smart; Software; Suncapital",Software,Unknown,Unknown,Unknown,Unknown,Unknown,System or software involved | Meter type: Electric or Water | Exact meter model | Exact error code or error message,Not available from verified source data.,none
27116,"Title: Kattamya: Reports issue
Tags: aqua; CI; Kattameya; Software",Software,Aqua,Unknown,Unknown,Unknown,Unknown,Meter type: Electric or Water | Exact meter model | Exact error code or error message,Not available from verified source data.,none
27114,"Title: Mivida: Erase water meter RF35
Tags: CI; Holley; Mivida; O/S; Software",Software,Unknown,Water,Unknown,Unknown,Unknown,System or software involved | Exact meter model | Exact error code or error message,Not available from verified source data.,none
27107,"Title: Trivium Zayed: Reject-02 STS
Tags: O/S; PI; SMS; Software; Trivium",Software,Unknown,Unknown,Unknown,02,Unknown,System or software involved | Meter type: Electric or Water | Exact meter model,Not available from verified source data.,none
27089,"Title: MEEDCO- Error 0077 in MT514
Tags: Hardware; MEEDCO; PI; PWM",Hardware,Unknown,Unknown,MT514,0077,Unknown,System or software involved | Meter type: Electric or Water,Not available from verified source data.,none
27088,"Title: Sun Capital: Checking Meter Readings
Tags: CI; Smart; Software; Suncapital",Software,Unknown,Unknown,Unknown,Unknown,Unknown,System or software involved | Meter type: Electric or Water | Exact meter model | Exact error code or error message,Not available from verified source data.,none
27087,"Title: New Giza - Aggregated Readings and Invoices Summary Reports Issue
Tags: New giza; PI; Smart; Software",Software,Unknown,Unknown,Unknown,Unknown,Unknown,System or software involved | Meter type: Electric or Water | Exact meter model | Exact error code or error message,Not available from verified source data.,none
27086,"Title: Sun Capital - Electrical And Water Meters Communication troubleshooting
Tags: Hardware; PI; Suncapital; SWM; W",Hardware|Communication,Electric,Water|Electric,Unknown,Unknown,Unknown,Exact meter model | Exact error code or error message,Not available from verified source data.,none
27085,"Title: New Giza - Invoice Issue
Tags: CI; New giza; Smart; Software",Software,Unknown,Unknown,Unknown,Unknown,Unknown,System or software involved | Meter type: Electric or Water | Exact meter model | Exact error code or error message,Not available from verified source data.,none
27084,"Title: Stella Sokhna- Delete meters from pvms
Tags: CI; PWM; Software; Stella ElSokhna",Software,Unknown,Unknown,Unknown,Unknown,Unknown,System or software involved | Meter type: Electric or Water | Exact meter model | Exact error code or error message,Not available from verified source data.,none
27083,"Title: Libya: Customer Type Bug
Tags: CI; Libya; Software; vending",Software,Vending,Unknown,Unknown,Unknown,Unknown,Meter type: Electric or Water | Exact meter model | Exact error code or error message,Not available from verified source data.,none
27082,"Title: El Abd: Delete fawry service and install sahl
Tags: CI; ElAbd; Software; vending",Software,Vending,Unknown,Unknown,Unknown,Unknown,Meter type: Electric or Water | Exact meter model | Exact error code or error message,Not available from verified source data.,none
27081,"Title: Private sector meters maintenance follow up
Tags: Hardware; PEM; PI; Private; W",Hardware,Unknown,Unknown,Unknown,Unknown,Unknown,System or software involved | Meter type: Electric or Water | Exact meter model | Exact error code or error message,Not available from verified source data.,none
27080,"Title: New Giza - Using Replacement Card Inquiry
Tags: CI; Inquiry; New giza; Software; vending",Software,Vending,Unknown,Unknown,Unknown,Unknown,Meter type: Electric or Water | Exact meter model | Exact error code or error message,Not available from verified source data.,none
27079,Title: Internship: Transferring Knowledge to Interns,Unknown,Unknown,Unknown,Unknown,Unknown,Unknown,System or software involved | Meter type: Electric or Water | Exact meter model | Exact error code or error message,Not available from verified source data.,none
27078,"Title: Elsewedy E&C- Maintenance Inquiry
Tags: Elsewedy E&C; Hardware; PI; PWM",Software|Hardware,Unknown,Unknown,Unknown,Unknown,Unknown,System or software involved | Meter type: Electric or Water | Exact meter model | Exact error code or error message,Not available from verified source data.,none
27077,"Title: Injaz - Inquiry about tariff prices
Tags: CI; Injaz; Software; vending",Software,Vending,Unknown,Unknown,Unknown,Unknown,Meter type: Electric or Water | Exact meter model | Exact error code or error message,Not available from verified source data.,none
27076,"Title: Elsewedy E&C Meeting
Tags: Elsewedy E&C; Hardware; PEM; PI",Hardware,Unknown,Unknown,Unknown,Unknown,Unknown,System or software involved | Meter type: Electric or Water | Exact meter model | Exact error code or error message,Not available from verified source data.,none
27075,"Title: Carliton- Battery Removal in PWM
Tags: Carliton; Hardware; PI; PWM",Hardware,Unknown,Unknown,Unknown,Unknown,Unknown,System or software involved | Meter type: Electric or Water | Exact meter model | Exact error code or error message,Not available from verified source data.,none
27074,"Title: ElAbd - Inquiry about the new vending software
Tags: CI; ElAbd; Software; vending",Software,Vending,Unknown,Unknown,Unknown,Unknown,Meter type: Electric or Water | Exact meter model | Exact error code or error message,Not available from verified source data.,none
27073,"Title: Sun Capital - Delete charge
Tags: CI; Smart; Software; Suncapital",Software,Unknown,Unknown,Unknown,Unknown,Unknown,System or software involved | Meter type: Electric or Water | Exact meter model | Exact error code or error message,Not available from verified source data.,none
27071,"Title: Kattamya: Uninstal and install meter
Tags: aqua; CI; Kattameya; Software",Software,Aqua,Unknown,Unknown,Unknown,Unknown,Meter type: Electric or Water | Exact meter model | Exact error code or error message,Not available from verified source data.,none
27070,"Title: Emaar - Uptown Cairo - Changing Meter Status
Tags: CI; Emaar; Smart; Software",Software,Unknown,Unknown,Unknown,Unknown,Unknown,System or software involved | Meter type: Electric or Water | Exact meter model | Exact error code or error message,Not available from verified source data.,none
27069,"Title: Qena Gardens - Reset meter
Tags: aqua; CI; Qena Gardens; Software",Software,Aqua,Unknown,Unknown,Unknown,Unknown,Meter type: Electric or Water | Exact meter model | Exact error code or error message,Not available from verified source data.,none
27068,"Title: MEDC- Follow-up on meters in maintenance
Tags: Hardware; MEDC; PEM; PI",Hardware,Unknown,Unknown,Unknown,Unknown,Unknown,System or software involved | Meter type: Electric or Water | Exact meter model | Exact error code or error message,Not available from verified source data.,none
27067,"Title: Florenza: Deleting Charge
Tags: CI; Florenza; Software; vending",Software,Vending,Unknown,Unknown,Unknown,Unknown,Meter type: Electric or Water | Exact meter model | Exact error code or error message,Not available from verified source data.,none
27066,"Title: Private Sector Meters Maintenance Follow-up
Tags: Hardware; PI; Private; PWM; W",Hardware,Unknown,Unknown,Unknown,Unknown,Unknown,System or software involved | Meter type: Electric or Water | Exact meter model | Exact error code or error message,Not available from verified source data.,none
27065,"Title: Relantecs - E107 in PWM
Tags: Hardware; PI; PWM; Relantecs",Hardware,Unknown,Unknown,Unknown,107,Unknown,System or software involved | Meter type: Electric or Water | Exact meter model,Not available from verified source data.,none
27064,"Title: Somabay: Checking Readings
Tags: CI; Smart; Software; Somabay",Software,Unknown,Unknown,Unknown,Unknown,Unknown,System or software involved | Meter type: Electric or Water | Exact meter model | Exact error code or error message,Not available from verified source data.,none
27063,"Title: Taqa - Issue in fawry payment
Tags: CI; Smart; Software; Taqa",Software,Unknown,Unknown,Unknown,Unknown,Unknown,System or software involved | Meter type: Electric or Water | Exact meter model | Exact error code or error message,Not available from verified source data.,none
27055,"Title: Ecklat - Meter Negative Consumption Inquiry
Tags: CI; Ecklat; Hardware; PEM",Software|Hardware,Unknown,Unknown,Unknown,Unknown,Unknown,System or software involved | Meter type: Electric or Water | Exact meter model | Exact error code or error message,Not available from verified source data.,none
27054,"Title: Ecklat - Changing Friendly Time
Tags: CI; Ecklat; Software; vending",Software,Vending,Unknown,Unknown,Unknown,Unknown,Meter type: Electric or Water | Exact meter model | Exact error code or error message,Not available from verified source data.,none
27053,"Title: Ecklat - PF Update
Tags: Ecklat; PI; Software; vending",Software,Vending,Unknown,Unknown,Unknown,Unknown,Meter type: Electric or Water | Exact meter model | Exact error code or error message,Not available from verified source data.,none
27052,"Title: EPower: Energy 360 Update
Tags: CI; Epower; Smart; Software",Software,Unknown,Unknown,Unknown,Unknown,Unknown,System or software involved | Meter type: Electric or Water | Exact meter model | Exact error code or error message,Not available from verified source data.,none
27051,"Title: Korra - Investigating MT514 CT Issue
Tags: CI; Hardware; Korra; O/S; PEM; PI",Hardware,Unknown,Unknown,MT514,Unknown,Unknown,System or software involved | Meter type: Electric or Water | Exact error code or error message,Not available from verified source data.,none
27049,"Title: Cleopatra mall - PF Update
Tags: CI; Cleopatra; Software; vending",Software,Vending,Unknown,Unknown,Unknown,Unknown,Meter type: Electric or Water | Exact meter model | Exact error code or error message,Not available from verified source data.,none
27048,"Title: Cornado- Mend Card
Tags: aqua; CI; Cornado; Software",Software,Aqua,Unknown,Unknown,Unknown,Unknown,Meter type: Electric or Water | Exact meter model | Exact error code or error message,Not available from verified source data.,none
27047,"Title: Alex - Add users to El-Montazah's stations
Tags: Alex; CI; Software; vending",Software,Vending,Unknown,Unknown,Unknown,Unknown,Meter type: Electric or Water | Exact meter model | Exact error code or error message,Not available from verified source data.,none
27046,"Title: 10th of ramadan - Electrical meter maintenance
Tags: CDC; CI; Hardware; SEM; SLA; Utility",Hardware,Electric,Electric,Unknown,Unknown,Unknown,Exact meter model | Exact error code or error message,Not available from verified source data.,none
27045,"Title: Tanta - Utility water meter maintenance
Tags: Hardware; HCWW; PI; PWM; Utility; W",Hardware,Unknown,Water,Unknown,Unknown,Unknown,System or software involved | Exact meter model | Exact error code or error message,Not available from verified source data.,none
27044,"Title: Sun Capital - Electrical And Water Meters Communication troubleshooting
Tags: CI; Hardware; SEM; Suncapital; SWM; W",Hardware|Communication,Electric,Water|Electric,Unknown,Unknown,Unknown,Exact meter model | Exact error code or error message,Not available from verified source data.,none
27043,"Title: Makadi - Error IC 0301 on IC single phase meter
Tags: CI; Hardware; Makadi; PEM",Hardware,Unknown,Unknown,Unknown,Unknown,Unknown,System or software involved | Meter type: Electric or Water | Exact meter model | Exact error code or error message,Not available from verified source data.,none
27042,"Title: Summer Internship Mentorship
Tags: Inquiry; training",Software,Unknown,Unknown,Unknown,Unknown,Unknown,System or software involved | Meter type: Electric or Water | Exact meter model | Exact error code or error message,Not available from verified source data.,none
27041,"Title: Summer Internship Mentorship
Tags: Inquiry; training",Software,Unknown,Unknown,Unknown,Unknown,Unknown,System or software involved | Meter type: Electric or Water | Exact meter model | Exact error code or error message,Not available from verified source data.,none
27040,"Title: Summer Internship Mentorship
Tags: Inquiry; training",Software,Unknown,Unknown,Unknown,Unknown,Unknown,System or software involved | Meter type: Electric or Water | Exact meter model | Exact error code or error message,Not available from verified source data.,none
27039,"Title: Somabay: MTXX meters readings gaps issue
Tags: CI; Smart; Software; Somabay",Software,Unknown,Unknown,Unknown,Unknown,Unknown,System or software involved | Meter type: Electric or Water | Exact meter model | Exact error code or error message,Not available from verified source data.,none
27038,"Title: Somabay: Aligning with solution and L2 Hardware teams the plan of action in the site visit
Tags: CI; Smart; Software; Somabay",Software|Hardware,Unknown,Unknown,Unknown,Unknown,L2 Hardware,System or software involved | Meter type: Electric or Water | Exact meter model | Exact error code or error message,Not available from verified source data.,none
27037,"Title: Somabay: Troubleshooting meters with wrong activation date
Tags: CI; Smart; Software; Somabay",Software,Unknown,Unknown,Unknown,Unknown,Unknown,System or software involved | Meter type: Electric or Water | Exact meter model | Exact error code or error message,Not available from verified source data.,none
27036,"Title: EPower: Enquiry about IE three phase device and shcema
Tags: CI; Epower; Smart; Software",Software,Unknown,Unknown,Unknown,Unknown,Unknown,System or software involved | Meter type: Electric or Water | Exact meter model | Exact error code or error message,Not available from verified source data.,none
27035,"Title: Internship: Knowledge transfer to interns
Tags: Inquiry; training",Software,Unknown,Unknown,Unknown,Unknown,Unknown,System or software involved | Meter type: Electric or Water | Exact meter model | Exact error code or error message,Not available from verified source data.,none
27034,"Title: Internship: Knowledge transfer to interns
Tags: Inquiry; training",Software,Unknown,Unknown,Unknown,Unknown,Unknown,System or software involved | Meter type: Electric or Water | Exact meter model | Exact error code or error message,Not available from verified source data.,none
27033,"Title: Internship: Knowledge transfer to interns
Tags: Inquiry; training",Software,Unknown,Unknown,Unknown,Unknown,Unknown,System or software involved | Meter type: Electric or Water | Exact meter model | Exact error code or error message,Not available from verified source data.,none
27032,"Title: Internship: Knowledge transfer to interns
Tags: Inquiry; training",Software,Unknown,Unknown,Unknown,Unknown,Unknown,System or software involved | Meter type: Electric or Water | Exact meter model | Exact error code or error message,Not available from verified source data.,none
27031,"Title: New Giza - Invoice Issue
Tags: CI; New giza; Smart; Software",Software,Unknown,Unknown,Unknown,Unknown,Unknown,System or software involved | Meter type: Electric or Water | Exact meter model | Exact error code or error message,Not available from verified source data.,none
27027,"Title: Light Power - Browser blocking software
Tags: Lightpower; PI; Software; vending",Software,Vending,Unknown,Unknown,Unknown,Unknown,Meter type: Electric or Water | Exact meter model | Exact error code or error message,Not available from verified source data.,none
27026,"Title: Knowledge transfer to interns
Tags: Inquiry; training",Software,Unknown,Unknown,Unknown,Unknown,Unknown,System or software involved | Meter type: Electric or Water | Exact meter model | Exact error code or error message,Not available from verified source data.,none
27016,"Title: MEEDCO - Creating Maintenance Report
Tags: CI; Hardware; MEEDCO",Hardware,Unknown,Unknown,Unknown,Unknown,Unknown,System or software involved | Meter type: Electric or Water | Exact meter model | Exact error code or error message,Not available from verified source data.,none
27015,"Title: Summer Internship Mentorship
Tags: Inquiry; training",Software,Unknown,Unknown,Unknown,Unknown,Unknown,System or software involved | Meter type: Electric or Water | Exact meter model | Exact error code or error message,Not available from verified source data.,none
27014,"Title: New Giza - Communication Issue
Tags: CI; New giza; Smart; Software",Software|Communication,Unknown,Unknown,Unknown,Unknown,Unknown,System or software involved | Meter type: Electric or Water | Exact meter model | Exact error code or error message,Not available from verified source data.,none
27013,"Title: CDC - Error 103
Tags: CDC; CI; Hardware; PEM",Hardware,Unknown,Unknown,Unknown,103,Unknown,System or software involved | Meter type: Electric or Water | Exact meter model,Not available from verified source data.,none
27012,"Title: El Ahly Momken - Issuing Control Cards Request
Tags: CI; El Ahly Momken; Software; vending",Software,Vending,Unknown,Unknown,Unknown,Unknown,Meter type: Electric or Water | Exact meter model | Exact error code or error message,Not available from verified source data.,none
27011,"Title: El Ahly Momken - Opening Account Request
Tags: CI; El Ahly Momken; Software; vending",Software,Vending,Unknown,Unknown,Unknown,Unknown,Meter type: Electric or Water | Exact meter model | Exact error code or error message,Not available from verified source data.,none
27010,"Title: Elhayat Resort - Inquiry about using software on another Device
Tags: CI; El hayat Resort; Inquiry; Software; vending",Software,Vending,Unknown,Unknown,Unknown,Unknown,Meter type: Electric or Water | Exact meter model | Exact error code or error message,Not available from verified source data.,none
27006,"Title: Emaar - Marassi - Deleting Duplicate Meters
Tags: CI; Emaar; Marassi; Smart; Software",Software,Unknown,Unknown,Unknown,Unknown,Unknown,System or software involved | Meter type: Electric or Water | Exact meter model | Exact error code or error message,Not available from verified source data.,none
27004,"Title: Somabay - Readings Issue
Tags: CI; Smart; Software; Somabay",Software,Unknown,Unknown,Unknown,Unknown,Unknown,System or software involved | Meter type: Electric or Water | Exact meter model | Exact error code or error message,Not available from verified source data.,none
27003,"Title: New Giza - Modifying a Settlement
Tags: CI; New giza; Smart; Software",Software,Unknown,Unknown,Unknown,Unknown,Unknown,System or software involved | Meter type: Electric or Water | Exact meter model | Exact error code or error message,Not available from verified source data.,none
27002,"Title: New Giza - Deleting Meters from Database
Tags: CI; New giza; Smart; Software",Software,Unknown,Unknown,Unknown,Unknown,Unknown,System or software involved | Meter type: Electric or Water | Exact meter model | Exact error code or error message,Not available from verified source data.,none
27001,"Title: Epower-Info about device and schema
Tags: CI; Epower; Smart; Software",Software,Unknown,Unknown,Unknown,Unknown,Unknown,System or software involved | Meter type: Electric or Water | Exact meter model | Exact error code or error message,Not available from verified source data.,none
26936,"Title: New Giza - Deleting Meters from Database
Tags: CI; New giza; Smart; Software",Software,Unknown,Unknown,Unknown,Unknown,Unknown,System or software involved | Meter type: Electric or Water | Exact meter model | Exact error code or error message,Not available from verified source data.,none
26935,"Title: MEEDCO- Inquiry about meters in maintenance
Tags: Hardware; MEDC; PEM; PI",Software|Hardware,Unknown,Unknown,Unknown,Unknown,Unknown,System or software involved | Meter type: Electric or Water | Exact meter model | Exact error code or error message,Not available from verified source data.,none
26934,"Title: Travco - Issue clear tamper card
Tags: CI; Software; Travco; Visa",Software,Unknown,Unknown,Unknown,Unknown,Unknown,System or software involved | Meter type: Electric or Water | Exact meter model | Exact error code or error message,Not available from verified source data.,none
26933,"Title: South Delta- Delete Charge
Tags: CI; SDDC; Software; vending",Software,Vending,Unknown,Unknown,Unknown,Unknown,Meter type: Electric or Water | Exact meter model | Exact error code or error message,Not available from verified source data.,none
26932,"Title: Alex - Open Accounts
Tags: Alex; CI; Software; vending",Software,Vending,Unknown,Unknown,Unknown,Unknown,Meter type: Electric or Water | Exact meter model | Exact error code or error message,Not available from verified source data.,none
26930,"Title: Alex - Reactivate Account
Tags: Alex; CI; Software; vending",Software,Vending,Unknown,Unknown,Unknown,Unknown,Meter type: Electric or Water | Exact meter model | Exact error code or error message,Not available from verified source data.,none
26928,"Title: Private Sector Meters Maintenance Follow-up
Tags: Hardware; PI; Private; SEM; W",Hardware,Unknown,Unknown,Unknown,Unknown,Unknown,System or software involved | Meter type: Electric or Water | Exact meter model | Exact error code or error message,Not available from verified source data.,none
26927,"Title: New Giza - RS Meters failed to communicate
Tags: CI; Hardware; New giza; SEM; SLA",Hardware,Unknown,Unknown,Unknown,Unknown,Unknown,System or software involved | Meter type: Electric or Water | Exact meter model | Exact error code or error message,Not available from verified source data.,none
26926,"Title: Diwaneya - Check readings to update activation date
Tags: CI; Diwanyah; Smart; Software",Software,Unknown,Unknown,Unknown,Unknown,Unknown,System or software involved | Meter type: Electric or Water | Exact meter model | Exact error code or error message,Not available from verified source data.,none
26924,"Title: 10th of ramadan - Utility electrical meter maintenance
Tags: CDC; CI; Hardware; SEM; SLA; Utility",Hardware,Electric,Electric,Unknown,Unknown,Unknown,Exact meter model | Exact error code or error message,Not available from verified source data.,none
26923,"Title: Sheikh Zayed - Utility water meter maintenance
Tags: Hardware; NUCA; PI; PWM; Utility; W",Hardware,Unknown,Water,Unknown,Unknown,Unknown,System or software involved | Exact meter model | Exact error code or error message,Not available from verified source data.,none
26916,"Title: Emaar - Mivida - Billing Deployment
Tags: CI; Emaar; Smart; Software",Software,Billing,Unknown,Unknown,Unknown,Unknown,Meter type: Electric or Water | Exact meter model | Exact error code or error message,Not available from verified source data.,none
26915,"Title: New Giza - Deleting Meters from Database
Tags: CI; New giza; Smart; Software",Software,Unknown,Unknown,Unknown,Unknown,Unknown,System or software involved | Meter type: Electric or Water | Exact meter model | Exact error code or error message,Not available from verified source data.,none
26914,"Title: New Giza - Deleting Meters from Database
Tags: CI; New giza; Smart; Software",Software,Unknown,Unknown,Unknown,Unknown,Unknown,System or software involved | Meter type: Electric or Water | Exact meter model | Exact error code or error message,Not available from verified source data.,none
26913,"Title: New Giza - Deleting Meters from Database
Tags: CI; New giza; Smart; Software",Software,Unknown,Unknown,Unknown,Unknown,Unknown,System or software involved | Meter type: Electric or Water | Exact meter model | Exact error code or error message,Not available from verified source data.,none
26912,"Title: New Giza - Deleting Meters from Database
Tags: CI; New giza; Smart; Software",Software,Unknown,Unknown,Unknown,Unknown,Unknown,System or software involved | Meter type: Electric or Water | Exact meter model | Exact error code or error message,Not available from verified source data.,none
26911,"Title: New Giza - Deleting Meters from Database
Tags: CI; New giza; Smart; Software",Software,Unknown,Unknown,Unknown,Unknown,Unknown,System or software involved | Meter type: Electric or Water | Exact meter model | Exact error code or error message,Not available from verified source data.,none
26910,"Title: Amwaj - Vending charging issue
Tags: Amwaj; CI; Software; vending",Software,Vending,Unknown,Unknown,Unknown,Unknown,Meter type: Electric or Water | Exact meter model | Exact error code or error message,Not available from verified source data.,none
26909,"Title: Amwaj - Charging Issue
Tags: Amwaj; CI; Software; vending",Software,Vending,Unknown,Unknown,Unknown,Unknown,Meter type: Electric or Water | Exact meter model | Exact error code or error message,Not available from verified source data.,none
26908,"Title: Korra - Changing Meter for a Client
Tags: CI; Korra; Software; vending",Software,Vending,Unknown,Unknown,Unknown,Unknown,Meter type: Electric or Water | Exact meter model | Exact error code or error message,Not available from verified source data.,none
26907,"Title: Korra - Changing Admin Password from Database
Tags: Korra; PI; Software; vending",Software,Vending,Unknown,Unknown,Unknown,Unknown,Meter type: Electric or Water | Exact meter model | Exact error code or error message,Not available from verified source data.,none
26905,"Title: Tanta: Utility Water Maintenance Visit
Tags: Hardware; HCWW; PI; PWM; Utility; W",Hardware,Unknown,Water,Unknown,Unknown,Unknown,System or software involved | Exact meter model | Exact error code or error message,Not available from verified source data.,none
26904,"Title: EPower: 360 Stmp
Tags: CI; Epower; Smart; Software",Software,Unknown,Unknown,Unknown,Unknown,Unknown,System or software involved | Meter type: Electric or Water | Exact meter model | Exact error code or error message,Not available from verified source data.,none
26903,"Title: UEDC - Error 103
Tags: CI; Hardware; PEM; UEDC",Hardware,Unknown,Unknown,Unknown,103,Unknown,System or software involved | Meter type: Electric or Water | Exact meter model,Not available from verified source data.,none
26902,"Title: UEDC - Error 600
Tags: CI; Hardware; PEM; UEDC",Hardware,Unknown,Unknown,Unknown,600,Unknown,System or software involved | Meter type: Electric or Water | Exact meter model,Not available from verified source data.,none
26901,"Title: Makadi - Issuing Date and Time Card
Tags: CI; Makadi; Software; vending",Software,Vending,Unknown,Unknown,Unknown,Unknown,Meter type: Electric or Water | Exact meter model | Exact error code or error message,Not available from verified source data.,none
26900,"Title: KSA Alaman - Vending Read Issue
Tags: CI; KSA; Software; vending",Software,Vending,Unknown,Unknown,Unknown,Unknown,Meter type: Electric or Water | Exact meter model | Exact error code or error message,Not available from verified source data.,none
26899,"Title: KSA Alaman - Chrome Issue
Tags: KSA; PI; Software; vending",Software,Vending,Unknown,Unknown,Unknown,Unknown,Meter type: Electric or Water | Exact meter model | Exact error code or error message,Not available from verified source data.,none
26897,"Title: Family House - IC 105
Tags: CI; Family House; Hardware; PWM",Hardware,Unknown,Unknown,Unknown,Unknown,Unknown,System or software involved | Meter type: Electric or Water | Exact meter model | Exact error code or error message,Not available from verified source data.,none
26895,"Title: ElAbd - Valve closed while there is enough balance
Tags: CI; ElAbd; Hardware; PWM",Hardware,Unknown,Unknown,Unknown,Unknown,Unknown,System or software involved | Meter type: Electric or Water | Exact meter model | Exact error code or error message,Not available from verified source data.,none
26894,"Title: CDC - Error 304
Tags: CDC; CI; Hardware; PEM",Hardware,Unknown,Unknown,Unknown,304,Unknown,System or software involved | Meter type: Electric or Water | Exact meter model,Not available from verified source data.,none
26892,"Title: Light Power - Error 0102 while opening account on v5 meter
Tags: CI; Hardware; Lightpower; PWM",Hardware,Unknown,Unknown,Unknown,0102,Unknown,System or software involved | Meter type: Electric or Water | Exact meter model,Not available from verified source data.,none
26891,"Title: Emdad - Browser update blocking software
Tags: aqua; CI; Emdad; Software",Software,Aqua,Unknown,Unknown,Unknown,Unknown,Meter type: Electric or Water | Exact meter model | Exact error code or error message,Not available from verified source data.,none
26890,"Title: Light Power - Can not issue card for open account
Tags: CI; Lightpower; Software; vending",Software,Vending,Unknown,Unknown,Unknown,Unknown,Meter type: Electric or Water | Exact meter model | Exact error code or error message,Not available from verified source data.,none
26889,"Title: Roaya - Energy360 Payment Issue
Tags: CI; roaya; Smart; Software",Software,Unknown,Unknown,Unknown,Unknown,Unknown,System or software involved | Meter type: Electric or Water | Exact meter model | Exact error code or error message,Not available from verified source data.,none
26888,"Title: Waterway: Top cover open error
Tags: CI; Hardware; PWM; Waterway",Hardware,Unknown,Water,Unknown,Unknown,Unknown,System or software involved | Exact meter model | Exact error code or error message,Not available from verified source data.,none
26887,"Title: Travco: Deleting User from database
Tags: CI; Software; Travco; Visa",Software,Unknown,Unknown,Unknown,Unknown,Unknown,System or software involved | Meter type: Electric or Water | Exact meter model | Exact error code or error message,Not available from verified source data.,none
26886,"Title: Kattamya: Creating Maintenance Sheet
Tags: CI; Hardware; Kattameya; PWM",Hardware,Unknown,Unknown,Unknown,Unknown,Unknown,System or software involved | Meter type: Electric or Water | Exact meter model | Exact error code or error message,Not available from verified source data.,none
26885,"Title: Soma Bay: Synch Readings
Tags: CI; Smart; Software; Somabay",Software,Unknown,Unknown,Unknown,Unknown,Unknown,System or software involved | Meter type: Electric or Water | Exact meter model | Exact error code or error message,Not available from verified source data.,none
26883,"Title: Elkhamayel- Delete Deposit for meter
Tags: aqua; CI; ElKhamayl; Software",Software,Aqua,Unknown,Unknown,Unknown,Unknown,Meter type: Electric or Water | Exact meter model | Exact error code or error message,Not available from verified source data.,none
26882,"Title: Alex - Open new account
Tags: Alex; CI; Utility; vending",Software,Vending,Unknown,Unknown,Unknown,Unknown,Meter type: Electric or Water | Exact meter model | Exact error code or error message,Not available from verified source data.,none
26881,"Title: Waterway: Checking reports
Tags: CI; Software; vending; Waterway",Software,Vending,Water,Unknown,Unknown,Unknown,Exact meter model | Exact error code or error message,Not available from verified source data.,none
26880,"Title: Private Sector Meters Maintenance Follow-up
Tags: Hardware; PEM; PI; Private; W",Hardware,Unknown,Unknown,Unknown,Unknown,Unknown,System or software involved | Meter type: Electric or Water | Exact meter model | Exact error code or error message,Not available from verified source data.,none
26879,"Title: Arabella - PF Update
Tags: arabella; PI; Software; vending",Software,Vending,Unknown,Unknown,Unknown,Unknown,Meter type: Electric or Water | Exact meter model | Exact error code or error message,Not available from verified source data.,none
26878,"Title: Elsewedy E&C- Inquiry about old PWM
Tags: Elsewedy E&C; Hardware; PI; PWM",Software|Hardware,Unknown,Unknown,Unknown,Unknown,Unknown,System or software involved | Meter type: Electric or Water | Exact meter model | Exact error code or error message,Not available from verified source data.,none
26877,"Title: Elsewedy E&C- Inquiry about Spark Meter
Tags: Elsewedy E&C; Hardware; PEM; PI",Software|Hardware,Unknown,Unknown,Unknown,Unknown,Unknown,System or software involved | Meter type: Electric or Water | Exact meter model | Exact error code or error message,Not available from verified source data.,none
26875,"Title: Arabella - General error while charging
Tags: arabella; CI; Software; vending",Software,Vending,Unknown,Unknown,Unknown,Unknown,Meter type: Electric or Water | Exact meter model | Exact error code or error message,Not available from verified source data.,none
26874,"Title: Emdad - Inquiry about settlement details
Tags: aqua; CI; Emdad; Software",Software,Aqua,Unknown,Unknown,Unknown,Unknown,Meter type: Electric or Water | Exact meter model | Exact error code or error message,Not available from verified source data.,none
26873,"Title: Emdad - Browser update blocking software
Tags: aqua; Emdad; PI; Software",Software,Aqua,Unknown,Unknown,Unknown,Unknown,Meter type: Electric or Water | Exact meter model | Exact error code or error message,Not available from verified source data.,none
26872,"Title: New Heliopolis- Maintenance Meters
Tags: Hardware; New Heliopolis; PI; PWM",Hardware,Unknown,Unknown,Unknown,Unknown,Unknown,System or software involved | Meter type: Electric or Water | Exact meter model | Exact error code or error message,Not available from verified source data.,none
26871,"Title: 6th of October Network - Utility water meter maintenance
Tags: CI; Hardware; NUCA; PWM; Utility; W",Hardware,Unknown,Water,Unknown,Unknown,Unknown,System or software involved | Exact meter model | Exact error code or error message,Not available from verified source data.,none
26870,"Title: 6th of October - Utility water meter maintenance
Tags: Hardware; NUCA; PI; PWM; Utility; W",Hardware,Unknown,Water,Unknown,Unknown,Unknown,System or software involved | Exact meter model | Exact error code or error message,Not available from verified source data.,none
26869,"Title: ElAbd - Fawry Integration
Tags: CI; ElAbd; Software; vending",Software,Vending,Unknown,Unknown,Unknown,Unknown,Meter type: Electric or Water | Exact meter model | Exact error code or error message,Not available from verified source data.,none
26868,"Title: Chinese Mall- Install Card Socket
Tags: Chinese Mall; CI; Software; vending",Software,Vending,Unknown,Unknown,Unknown,Unknown,Meter type: Electric or Water | Exact meter model | Exact error code or error message,Not available from verified source data.,none
26867,"Title: UEDC - Meter Current Limit Inquiry
Tags: CI; Hardware; PEM; UEDC",Software|Hardware,Unknown,Unknown,Unknown,Unknown,Unknown,System or software involved | Meter type: Electric or Water | Exact meter model | Exact error code or error message,Not available from verified source data.,none
26866,"Title: Veranda- IC203
Tags: Hardware; PI; PWM; Veranda",Hardware,Unknown,Unknown,Unknown,Unknown,Unknown,System or software involved | Meter type: Electric or Water | Exact meter model | Exact error code or error message | Detailed problem description and reproduction steps,Not available from verified source data.,none
26865,"Title: Veranda- Error when creating customer
Tags: aqua; CI; Software; Veranda",Software,Aqua,Unknown,Unknown,Unknown,Unknown,Meter type: Electric or Water | Exact meter model | Exact error code or error message,Not available from verified source data.,none
26864,"Title: Ecklat - Error 106
Tags: Ecklat; Hardware; PI; PWM",Hardware,Unknown,Unknown,Unknown,106,Unknown,System or software involved | Meter type: Electric or Water | Exact meter model,Not available from verified source data.,none
26863,"Title: KSA Alaman - PF Update
Tags: KSA; PI; Software; vending",Software,Vending,Unknown,Unknown,Unknown,Unknown,Meter type: Electric or Water | Exact meter model | Exact error code or error message,Not available from verified source data.,none
26862,"Title: Emaar - Uptown Cairo - Resetting Meter Counter
Tags: CI; Emaar; Smart; Software",Software,Unknown,Unknown,Unknown,Unknown,Unknown,System or software involved | Meter type: Electric or Water | Exact meter model | Exact error code or error message,Not available from verified source data.,none
26861,"Title: New Giza - Deleting Meters from Database
Tags: CI; New giza; Smart; Software",Software,Unknown,Unknown,Unknown,Unknown,Unknown,System or software involved | Meter type: Electric or Water | Exact meter model | Exact error code or error message,Not available from verified source data.,none
26860,"Title: New Giza - Deleting Meters from Database
Tags: CI; New giza; Smart; Software",Software,Unknown,Unknown,Unknown,Unknown,Unknown,System or software involved | Meter type: Electric or Water | Exact meter model | Exact error code or error message,Not available from verified source data.,none
26859,"Title: Edelma - Changing Friendly Time
Tags: CI; Edelma; Software; vending",Software,Vending,Unknown,Unknown,Unknown,Unknown,Meter type: Electric or Water | Exact meter model | Exact error code or error message,Not available from verified source data.,none
26858,"Title: Travco: Delete user from database
Tags: CI; Software; Travco; Visa",Software,Unknown,Unknown,Unknown,Unknown,Unknown,System or software involved | Meter type: Electric or Water | Exact meter model | Exact error code or error message,Not available from verified source data.,none
26857,"Title: Light Power: Wrong System Number
Tags: CI; Lightpower; Software; vending",Software,Vending,Unknown,Unknown,Unknown,Unknown,Meter type: Electric or Water | Exact meter model | Exact error code or error message,Not available from verified source data.,none
26856,"Title: New Giza - Deleting Meters from Database
Tags: CI; New giza; Smart; Software",Software,Unknown,Unknown,Unknown,Unknown,Unknown,System or software involved | Meter type: Electric or Water | Exact meter model | Exact error code or error message,Not available from verified source data.,none
26855,"Title: Elabd- Card cannot be read from system as it has a charge
Tags: CI; ElAbd; Software; vending",Software,Vending,Unknown,Unknown,Unknown,Unknown,Meter type: Electric or Water | Exact meter model | Exact error code or error message,Not available from verified source data.,none
26854,"Title: New Giza - Deleting Meters from Database
Tags: CI; New giza; Smart; Software",Software,Unknown,Unknown,Unknown,Unknown,Unknown,System or software involved | Meter type: Electric or Water | Exact meter model | Exact error code or error message,Not available from verified source data.,none
26853,"Title: New Giza - Deleting Meters from Database
Tags: CI; New giza; Smart; Software",Software,Unknown,Unknown,Unknown,Unknown,Unknown,System or software involved | Meter type: Electric or Water | Exact meter model | Exact error code or error message,Not available from verified source data.,none
26852,"Title: New Giza - Deleting Meters from Database
Tags: CI; New giza; Smart; Software",Software,Unknown,Unknown,Unknown,Unknown,Unknown,System or software involved | Meter type: Electric or Water | Exact meter model | Exact error code or error message,Not available from verified source data.,none
26851,"Title: Cornado- Check Meter Consumption
Tags: aqua; CI; Cornado; Software",Software,Aqua,Unknown,Unknown,Unknown,Unknown,Meter type: Electric or Water | Exact meter model | Exact error code or error message,Not available from verified source data.,none
26850,"Title: Fawry - Check Issue with North Cairo
Tags: CI; Fawry; Software; vending",Software,Vending,Unknown,Unknown,Unknown,Unknown,Meter type: Electric or Water | Exact meter model | Exact error code or error message,Not available from verified source data.,none
26849,"Title: Korra - Installing Latest Card Socket
Tags: CI; Korra; Software; vending",Software,Vending,Unknown,Unknown,Unknown,Unknown,Meter type: Electric or Water | Exact meter model | Exact error code or error message,Not available from verified source data.,none
26848,"Title: Korra - Reading Card Issue
Tags: CI; Korra; Software; vending",Software,Vending,Unknown,Unknown,Unknown,Unknown,Meter type: Electric or Water | Exact meter model | Exact error code or error message,Not available from verified source data.,none
26847,"Title: Family House - IC 105
Tags: CI; Family House; Hardware; PWM",Hardware,Unknown,Unknown,Unknown,Unknown,Unknown,System or software involved | Meter type: Electric or Water | Exact meter model | Exact error code or error message,Not available from verified source data.,none
26846,"Title: New Giza - Deleting Meters from Database
Tags: CI; New giza; Smart; Software",Software,Unknown,Unknown,Unknown,Unknown,Unknown,System or software involved | Meter type: Electric or Water | Exact meter model | Exact error code or error message,Not available from verified source data.,none
26845,"Title: New Giza - Deleting Meters from Database
Tags: CI; New giza; Smart; Software",Software,Unknown,Unknown,Unknown,Unknown,Unknown,System or software involved | Meter type: Electric or Water | Exact meter model | Exact error code or error message,Not available from verified source data.,none
26844,"Title: New Giza - Deleting Meters from Database
Tags: CI; New giza; Smart; Software",Software,Unknown,Unknown,Unknown,Unknown,Unknown,System or software involved | Meter type: Electric or Water | Exact meter model | Exact error code or error message,Not available from verified source data.,none
26843,"Title: New Giza - Deleting Meters from Database
Tags: CI; New giza; Smart; Software",Software,Unknown,Unknown,Unknown,Unknown,Unknown,System or software involved | Meter type: Electric or Water | Exact meter model | Exact error code or error message,Not available from verified source data.,none
26842,"Title: Waterway: Delete charge
Tags: CI; Software; vending; Waterway",Software,Vending,Water,Unknown,Unknown,Unknown,Exact meter model | Exact error code or error message,Not available from verified source data.,none
26841,"Title: Alex- Edit User Privileges
Tags: Alex; CI; Software; vending",Software,Vending,Unknown,Unknown,Unknown,Unknown,Meter type: Electric or Water | Exact meter model | Exact error code or error message,Not available from verified source data.,none
26840,"Title: Kernel - Creating Account Issue
Tags: aqua; CI; Kernel; Software",Software,Aqua,Unknown,Unknown,Unknown,Unknown,Meter type: Electric or Water | Exact meter model | Exact error code or error message,Not available from verified source data.,none
26839,"Title: Courtyard: Deleting charge
Tags: CI; Courtyard; Software; Visa",Software,Unknown,Unknown,Unknown,Unknown,Unknown,System or software involved | Meter type: Electric or Water | Exact meter model | Exact error code or error message,Not available from verified source data.,none
26838,"Title: New Giza - Readings Gap Inquiry
Tags: CI; New giza; Smart; Software",Software,Unknown,Unknown,Unknown,Unknown,Unknown,System or software involved | Meter type: Electric or Water | Exact meter model | Exact error code or error message,Not available from verified source data.,none
26837,"Title: ORA- Error in Customer List
Tags: aqua; CI; Ora; Sodic VYE",Software,Aqua,Unknown,Unknown,Unknown,Unknown,Meter type: Electric or Water | Exact meter model | Exact error code or error message,Not available from verified source data.,none
26836,"Title: Chinese Mall-Vending Deployment
Tags: Chinese Mall; PI; Software; vending",Software,Vending,Unknown,Unknown,Unknown,Unknown,Meter type: Electric or Water | Exact meter model | Exact error code or error message,Not available from verified source data.,none
26835,"Title: ORA- Problem when editing customer info
Tags: aqua; Ora; PI; Software",Software,Aqua,Unknown,Unknown,Unknown,Unknown,Meter type: Electric or Water | Exact meter model | Exact error code or error message,Not available from verified source data.,none
26834,"Title: New Giza - RS Meters failed to communicate
Tags: CI; Hardware; New giza; SEM; SLA",Hardware,Unknown,Unknown,Unknown,Unknown,Unknown,System or software involved | Meter type: Electric or Water | Exact meter model | Exact error code or error message,Not available from verified source data.,none
26833,"Title: Emaar - Deleting Duplicate Meters
Tags: CI; Emaar; Smart; Software",Software,Unknown,Unknown,Unknown,Unknown,Unknown,System or software involved | Meter type: Electric or Water | Exact meter model | Exact error code or error message,Not available from verified source data.,none
26832,"Title: Emaar - Deleting Duplicate Meters
Tags: CI; Emaar; Smart; Software",Software,Unknown,Unknown,Unknown,Unknown,Unknown,System or software involved | Meter type: Electric or Water | Exact meter model | Exact error code or error message,Not available from verified source data.,none
26831,"Title: Emaar - Deleting Duplicate Meters
Tags: CI; Emaar; Smart; Software",Software,Unknown,Unknown,Unknown,Unknown,Unknown,System or software involved | Meter type: Electric or Water | Exact meter model | Exact error code or error message,Not available from verified source data.,none
26830,"Title: Emaar - Deleting Duplicate Meters
Tags: CI; Emaar; Smart; Software",Software,Unknown,Unknown,Unknown,Unknown,Unknown,System or software involved | Meter type: Electric or Water | Exact meter model | Exact error code or error message,Not available from verified source data.,none
26829,"Title: Private Sector Meters Maintenance Follow-up
Tags: Hardware; PEM; PI; Private; W",Hardware,Unknown,Unknown,Unknown,Unknown,Unknown,System or software involved | Meter type: Electric or Water | Exact meter model | Exact error code or error message,Not available from verified source data.,none
26828,"Title: Tanta- Utility Water Meter Maintenance
Tags: Hardware; HCWW; PI; PWM; Utility; W",Hardware,Unknown,Water,Unknown,Unknown,Unknown,System or software involved | Exact meter model | Exact error code or error message,Not available from verified source data.,none
26827,"Title: Mansoura - Utility Water Meter Maintenance
Tags: Hardware; HCWW; PI; PWM; Utility; W",Hardware,Unknown,Water,Unknown,Unknown,Unknown,System or software involved | Exact meter model | Exact error code or error message,Not available from verified source data.,none
26826,"Title: Stella Abdelrahman - STS water and electricity meters troubleshooting
Tags: Hardware; PI; PWM; SLA; Stella; STS",Hardware,Electric,Water|Electric,Unknown,Unknown,Unknown,Exact meter model | Exact error code or error message,Not available from verified source data.,none
26825,"Title: Emaar- Marrasi North Coast New configuration for electricity and water meters
Tags: Emaar; Hardware; PI; SEM; SWM; W",Hardware,Electric,Water|Electric,Unknown,Unknown,Unknown,Exact meter model | Exact error code or error message,Not available from verified source data.,none
26824,"Title: Sea View: Enquiry about aqua deployment
Tags: aqua; CI; Seaview; Software",Software,Aqua,Unknown,Unknown,Unknown,Unknown,Meter type: Electric or Water | Exact meter model | Exact error code or error message,Not available from verified source data.,none
26823,"Title: Fanadir: Enquiry about card socket
Tags: CI; Fanadir; Software; vending",Software,Vending,Unknown,Unknown,Unknown,Unknown,Meter type: Electric or Water | Exact meter model | Exact error code or error message,Not available from verified source data.,none
26822,"Title: Kattamya: Enquiry about spare meters
Tags: CI; Hardware; Kattameya; PWM",Software|Hardware,Unknown,Unknown,Unknown,Unknown,Unknown,System or software involved | Meter type: Electric or Water | Exact meter model | Exact error code or error message,Not available from verified source data.,none
26821,"Title: Fanadir: Downloading Latest Card Soket
Tags: CI; Fanadir; Software; vending",Software,Vending,Unknown,Unknown,Unknown,Unknown,Meter type: Electric or Water | Exact meter model | Exact error code or error message,Not available from verified source data.,none
26820,"Title: Sea View: Upgrading License
Tags: aqua; CI; Seaview; Software",Software,Aqua,Unknown,Unknown,Unknown,Unknown,Meter type: Electric or Water | Exact meter model | Exact error code or error message,Not available from verified source data.,none
26819,"Title: EPower: Enquiry about configuring IE5 meters with sonda
Tags: CI; Epower; Smart; Software",Software,Unknown,Unknown,Unknown,Unknown,Unknown,System or software involved | Meter type: Electric or Water | Exact meter model | Exact error code or error message,Not available from verified source data.,none
26818,"Title: SDDC - Delete Charge
Tags: CI; SDDC; Software; vending",Software,Vending,Unknown,Unknown,Unknown,Unknown,Meter type: Electric or Water | Exact meter model | Exact error code or error message,Not available from verified source data.,none
26817,"Title: New Giza - Aggregation Issue
Tags: CI; New giza; Smart; Software",Software,Unknown,Unknown,Unknown,Unknown,Unknown,System or software involved | Meter type: Electric or Water | Exact meter model | Exact error code or error message,Not available from verified source data.,none
26816,"Title: Korra - Adding a user from Database
Tags: CI; Korra; Software; vending",Software,Vending,Unknown,Unknown,Unknown,Unknown,Meter type: Electric or Water | Exact meter model | Exact error code or error message,Not available from verified source data.,none
26815,"Title: El sewedy E&C - Initiating Maintenance cycle
Tags: CI; Elsewedy E&C; Hardware; PWM",Hardware,Unknown,Unknown,Unknown,Unknown,Unknown,System or software involved | Meter type: Electric or Water | Exact meter model | Exact error code or error message,Not available from verified source data.,none
26813,"Title: Kattamya: Enquiry about meter's maintenance
Tags: CI; Hardware; Kattameya; PWM",Software|Hardware,Unknown,Unknown,Unknown,Unknown,Unknown,System or software involved | Meter type: Electric or Water | Exact meter model | Exact error code or error message,Not available from verified source data.,none
26812,"Title: Fouka: Enquiry about meter's IP
Tags: CI; Fouka; Smart; Software",Software,Unknown,Unknown,Unknown,Unknown,Unknown,System or software involved | Meter type: Electric or Water | Exact meter model | Exact error code or error message,Not available from verified source data.,none
26811,"Title: EPower: Enquiry about location of meter schema on meter configurator
Tags: CI; Epower; Smart; Software",Software,Unknown,Unknown,Unknown,Unknown,Unknown,System or software involved | Meter type: Electric or Water | Exact meter model | Exact error code or error message,Not available from verified source data.,none
26810,"Title: EPower: Enquiry about Meter Template in data master
Tags: CI; Epower; Smart; Software",Software,Unknown,Unknown,Unknown,Unknown,Unknown,System or software involved | Meter type: Electric or Water | Exact meter model | Exact error code or error message,Not available from verified source data.,none
26809,"Title: Coronado - Delete tariff difference settlement
Tags: aqua; CI; Cornado; Software",Software,Aqua,Unknown,Unknown,Unknown,Unknown,Meter type: Electric or Water | Exact meter model | Exact error code or error message,Not available from verified source data.,none
26808,"Title: EPower: Enquiry about symbiot number of users
Tags: CI; Epower; Smart; Software",Software,Symbiot,Unknown,Unknown,Unknown,Unknown,Meter type: Electric or Water | Exact meter model | Exact error code or error message,Not available from verified source data.,none
26807,"Title: EPower: Enquiry about meter events
Tags: CI; Epower; Software; vending",Software,Vending,Unknown,Unknown,Unknown,Unknown,Meter type: Electric or Water | Exact meter model | Exact error code or error message,Not available from verified source data.,none
26806,"Title: La Vista - Energy360 Deployment
Tags: Lavista; PI; Smart; Software",Software,Unknown,Unknown,Unknown,Unknown,Unknown,System or software involved | Meter type: Electric or Water | Exact meter model | Exact error code or error message,Not available from verified source data.,none
26805,"Title: Coronado - Inquiry min value for charge
Tags: aqua; CI; Cornado; Software",Software,Aqua,Unknown,Unknown,Unknown,Unknown,Meter type: Electric or Water | Exact meter model | Exact error code or error message,Not available from verified source data.,none
26804,"Title: Light Power - Pending charge
Tags: Lightpower; PI; Software; vending",Software,Vending,Unknown,Unknown,Unknown,Unknown,Meter type: Electric or Water | Exact meter model | Exact error code or error message,Not available from verified source data.,none
26802,"Title: Blue Mind - PF Update
Tags: Bluemind; PI; Software; vending",Software,Vending,Unknown,Unknown,Unknown,Unknown,Meter type: Electric or Water | Exact meter model | Exact error code or error message,Not available from verified source data.,none
26801,"Title: Soma bay: Meters Troubleshooting
Tags: CI; Smart; Software; Somabay",Software,Unknown,Unknown,Unknown,Unknown,Unknown,System or software involved | Meter type: Electric or Water | Exact meter model | Exact error code or error message,Not available from verified source data.,none
26800,"Title: New Giza - Readings Issue
Tags: CI; New giza; Smart; Software",Software,Unknown,Unknown,Unknown,Unknown,Unknown,System or software involved | Meter type: Electric or Water | Exact meter model | Exact error code or error message,Not available from verified source data.,none
26799,"Title: Somabay: Meters Troubleshooting
Tags: CI; Smart; Software; Somabay",Software,Unknown,Unknown,Unknown,Unknown,Unknown,System or software involved | Meter type: Electric or Water | Exact meter model | Exact error code or error message,Not available from verified source data.,none
26798,"Title: Soma bay: Meters Troubleshooting
Tags: CI; Smart; Software; Somabay",Software,Unknown,Unknown,Unknown,Unknown,Unknown,System or software involved | Meter type: Electric or Water | Exact meter model | Exact error code or error message,Not available from verified source data.,none
26797,"Title: Soma Bay: Meters Troubleshooting
Tags: CI; Smart; Software; Somabay",Software,Unknown,Unknown,Unknown,Unknown,Unknown,System or software involved | Meter type: Electric or Water | Exact meter model | Exact error code or error message,Not available from verified source data.,none
26796,"Title: Soma Bay: Meters Troubleshooting
Tags: CI; Smart; Software; Somabay",Software,Unknown,Unknown,Unknown,Unknown,Unknown,System or software involved | Meter type: Electric or Water | Exact meter model | Exact error code or error message,Not available from verified source data.,none
26795,"Title: Soma bay: Meters Troubleshooting
Tags: CI; Smart; Software; Somabay",Software,Unknown,Unknown,Unknown,Unknown,Unknown,System or software involved | Meter type: Electric or Water | Exact meter model | Exact error code or error message,Not available from verified source data.,none
26794,"Title: Soma bay: Change Relay Status
Tags: CI; Smart; Software; Somabay",Software|Hardware,Unknown,Unknown,Unknown,Unknown,Unknown,System or software involved | Meter type: Electric or Water | Exact meter model | Exact error code or error message,Not available from verified source data.,none
26793,"Title: Light Power - Steps to reset V5 meter
Tags: CI; Hardware; Lightpower; PEM",Hardware,Unknown,Unknown,Unknown,Unknown,Unknown,System or software involved | Meter type: Electric or Water | Exact meter model | Exact error code or error message,Not available from verified source data.,none
26792,"Title: Fanadir - Vending software not working on new device
Tags: CI; Fanadir; Software; vending",Software,Vending,Unknown,Unknown,Unknown,Unknown,Meter type: Electric or Water | Exact meter model | Exact error code or error message,Not available from verified source data.,none
26791,"Title: Malibu: Power Factor update
Tags: CI; Malibu; Software; vending",Software,Vending,Unknown,Unknown,Unknown,Unknown,Meter type: Electric or Water | Exact meter model | Exact error code or error message,Not available from verified source data.,none
26790,"Title: New Giza - Invoice Issue
Tags: CI; New giza; Smart; Software",Software,Unknown,Unknown,Unknown,Unknown,Unknown,System or software involved | Meter type: Electric or Water | Exact meter model | Exact error code or error message,Not available from verified source data.,none
26789,"Title: New Giza - Invoice Issue
Tags: CI; New giza; Smart; Software",Software,Unknown,Unknown,Unknown,Unknown,Unknown,System or software involved | Meter type: Electric or Water | Exact meter model | Exact error code or error message,Not available from verified source data.,none
26788,"Title: New Giza - Invoice Issue
Tags: CI; New giza; Smart; Software",Software,Unknown,Unknown,Unknown,Unknown,Unknown,System or software involved | Meter type: Electric or Water | Exact meter model | Exact error code or error message,Not available from verified source data.,none
26787,"Title: Waterway: Power Factor Update
Tags: CI; Software; vending; Waterway",Software,Vending,Water,Unknown,Unknown,Unknown,Exact meter model | Exact error code or error message,Not available from verified source data.,none
26785,"Title: Elsewedy E&C- Maintenance follow up
Tags: CI; E&C; Hardware; PWM",Hardware,Unknown,Unknown,Unknown,Unknown,Unknown,System or software involved | Meter type: Electric or Water | Exact meter model | Exact error code or error message,Not available from verified source data.,none
26784,"Title: ElAbd - PF Update
Tags: ElAbd; PI; Software; vending",Software,Vending,Unknown,Unknown,Unknown,Unknown,Meter type: Electric or Water | Exact meter model | Exact error code or error message,Not available from verified source data.,none
26783,"Title: Fanadir - Inquiry about linking a new device
Tags: CI; Fanadir; Software; vending",Software,Vending,Unknown,Unknown,Unknown,Unknown,Meter type: Electric or Water | Exact meter model | Exact error code or error message,Not available from verified source data.,none
26782,"Title: Emdad - Remove tariff difference settlements
Tags: aqua; CI; Emdad; Software",Software,Aqua,Unknown,Unknown,Unknown,Unknown,Meter type: Electric or Water | Exact meter model | Exact error code or error message,Not available from verified source data.,none
26781,"Title: Moona Sharm - PF Update
Tags: Moona; PI; Software; vending",Software,Vending,Unknown,Unknown,Unknown,Unknown,Meter type: Electric or Water | Exact meter model | Exact error code or error message,Not available from verified source data.,none
26780,"Title: Injaz - Error IC0121 on water meter
Tags: CI; Hardware; Injaz; PWM",Hardware,Unknown,Water,Unknown,Unknown,Unknown,System or software involved | Exact meter model | Exact error code or error message,Not available from verified source data.,none
26779,"Title: New Giza - Invoice Issue
Tags: CI; New giza; Smart; Software",Software,Unknown,Unknown,Unknown,Unknown,Unknown,System or software involved | Meter type: Electric or Water | Exact meter model | Exact error code or error message,Not available from verified source data.,none
26778,"Title: UEDC - Error 91
Tags: CI; Hardware; PEM; UEDC",Hardware,Unknown,Unknown,Unknown,91,Unknown,System or software involved | Meter type: Electric or Water | Exact meter model,Not available from verified source data.,none
26777,"Title: Coral SIG - PF Update
Tags: Coral; PI; Software; vending",Software,Vending,Unknown,Unknown,Unknown,Unknown,Meter type: Electric or Water | Exact meter model | Exact error code or error message,Not available from verified source data.,none
26776,"Title: Relantecs - Can not issue cards from aqua software
Tags: aqua; PI; Relantecs; Software",Software,Aqua,Unknown,Unknown,Unknown,Unknown,Meter type: Electric or Water | Exact meter model | Exact error code or error message,Not available from verified source data.,none
26775,"Title: ElAbd - Vending Software Deployment
Tags: ElAbd; PI; Software; vending",Software,Vending,Unknown,Unknown,Unknown,Unknown,Meter type: Electric or Water | Exact meter model | Exact error code or error message,Not available from verified source data.,none
26774,"Title: Relantecs - Error IC-114
Tags: CI; Hardware; PWM; Relantecs",Hardware,Unknown,Unknown,Unknown,Unknown,Unknown,System or software involved | Meter type: Electric or Water | Exact meter model | Exact error code or error message,Not available from verified source data.,none
26773,"Title: Menofia - Utility water meter maintenance
Tags: Hardware; HCWW; PI; PWM; Utility; W",Hardware,Unknown,Water,Unknown,Unknown,Unknown,System or software involved | Exact meter model | Exact error code or error message,Not available from verified source data.,none
26772,"Title: ElSadat - Utility water meter maintenance
Tags: Hardware; NUCA; PI; PWM; Utility; W",Hardware,Unknown,Water,Unknown,Unknown,Unknown,System or software involved | Exact meter model | Exact error code or error message,Not available from verified source data.,none
26771,"Title: Badr - Utility water meter maintenance
Tags: Hardware; NUCA; PI; PWM; Utility; W",Hardware,Unknown,Water,Unknown,Unknown,Unknown,System or software involved | Exact meter model | Exact error code or error message,Not available from verified source data.,none
26770,"Title: Sherouk - Utility water meter maintenance
Tags: Hardware; NUCA; PI; PWM; Utility; W",Hardware,Unknown,Water,Unknown,Unknown,Unknown,System or software involved | Exact meter model | Exact error code or error message,Not available from verified source data.,none
26769,"Title: 10th of Ramadan - Utility water meter maintenance
Tags: Hardware; NUCA; PI; PWM; Utility; W",Hardware,Unknown,Water,Unknown,Unknown,Unknown,System or software involved | Exact meter model | Exact error code or error message,Not available from verified source data.,none
26768,"Title: EPower: Enquiry about IE5 Registers
Tags: CI; Epower; Hardware; SEM",Software|Hardware,Unknown,Unknown,Unknown,Unknown,Unknown,System or software involved | Meter type: Electric or Water | Exact meter model | Exact error code or error message,Not available from verified source data.,none
26767,"Title: Relantecs - Reset meter after error IC-0105
Tags: CI; Hardware; PWM; Relantecs",Hardware,Unknown,Unknown,Unknown,Unknown,Unknown,System or software involved | Meter type: Electric or Water | Exact meter model | Exact error code or error message,Not available from verified source data.,none
26766,"Title: 10th of Ramadan - Utility electrical meter maintenance
Tags: CDC; CI; Hardware; SEM; SLA; Utility",Hardware,Electric,Electric,Unknown,Unknown,Unknown,Exact meter model | Exact error code or error message,Not available from verified source data.,none
26765,"Title: Private Sector Meters Maintenance Follow-up
Tags: Hardware; PI; Private; SEM; W",Hardware,Unknown,Unknown,Unknown,Unknown,Unknown,System or software involved | Meter type: Electric or Water | Exact meter model | Exact error code or error message,Not available from verified source data.,none
26764,"Title: Mena Oasis - PF Update
Tags: Mena Oasis; PI; Software; vending",Software,Vending,Unknown,Unknown,Unknown,Unknown,Meter type: Electric or Water | Exact meter model | Exact error code or error message,Not available from verified source data.,none
26763,"Title: Sheraton Sharm - PF Update
Tags: PI; Sheraton Sharm; Software; vending",Software,Vending,Unknown,Unknown,Unknown,Unknown,Meter type: Electric or Water | Exact meter model | Exact error code or error message,Not available from verified source data.,none
26762,"Title: Light Power - Inquiry about settlement details
Tags: CI; Lightpower; Software; vending",Software,Vending,Unknown,Unknown,Unknown,Unknown,Meter type: Electric or Water | Exact meter model | Exact error code or error message,Not available from verified source data.,none
26761,"Title: Relantecs - Error IC-0121
Tags: CI; Hardware; PWM; Relantecs",Hardware,Unknown,Unknown,Unknown,Unknown,Unknown,System or software involved | Meter type: Electric or Water | Exact meter model | Exact error code or error message,Not available from verified source data.,none
26760,"Title: Relantecs - Error IC-0121
Tags: CI; Hardware; PWM; Relantecs",Hardware,Unknown,Unknown,Unknown,Unknown,Unknown,System or software involved | Meter type: Electric or Water | Exact meter model | Exact error code or error message,Not available from verified source data.,none
26757,"Title: Light Power - Browser update blocking software
Tags: Lightpower; PI; Software; vending",Software,Vending,Unknown,Unknown,Unknown,Unknown,Meter type: Electric or Water | Exact meter model | Exact error code or error message,Not available from verified source data.,none
26755,"Title: Red Carpet- Rev Water in PWM
Tags: Hardware; PI; PWM; red carpet",Hardware,Unknown,Water,Unknown,Unknown,Unknown,System or software involved | Exact meter model | Exact error code or error message,Not available from verified source data.,none
26754,"Title: Elbostan- Error when writing data to card
Tags: CI; ElBostan; Software; vending",Software,Vending,Unknown,Unknown,Unknown,Unknown,Meter type: Electric or Water | Exact meter model | Exact error code or error message,Not available from verified source data.,none
26753,"Title: Summer Internship Mentorship
Tags: Inquiry; training",Software,Unknown,Unknown,Unknown,Unknown,Unknown,System or software involved | Meter type: Electric or Water | Exact meter model | Exact error code or error message,Not available from verified source data.,none
26752,"Title: Korra - Charge Difference Settlement Inquiry
Tags: CI; Inquiry; Korra; Software; vending",Software,Vending,Unknown,Unknown,Unknown,Unknown,Meter type: Electric or Water | Exact meter model | Exact error code or error message,Not available from verified source data.,none
26751,"Title: Roaya - Energy360 Application not working
Tags: 360 API; CI; roaya; Smart; Software",Software,Unknown,Unknown,Unknown,Unknown,Unknown,System or software involved | Meter type: Electric or Water | Exact meter model | Exact error code or error message,Not available from verified source data.,none
26750,"Title: New Giza - Deleting a Settlement
Tags: CI; New giza; Smart; Software",Software,Unknown,Unknown,Unknown,Unknown,Unknown,System or software involved | Meter type: Electric or Water | Exact meter model | Exact error code or error message,Not available from verified source data.,none
26749,"Title: New Giza - Deleting Meters from Biling
Tags: CI; New giza; Smart; Software",Software,Unknown,Unknown,Unknown,Unknown,Unknown,System or software involved | Meter type: Electric or Water | Exact meter model | Exact error code or error message,Not available from verified source data.,none
26748,"Title: Ecklat - Error A3
Tags: CI; Ecklat; Hardware; PEM",Hardware,Unknown,Unknown,Unknown,Unknown,Unknown,System or software involved | Meter type: Electric or Water | Exact meter model | Exact error code or error message,Not available from verified source data.,none
26747,"Title: ElAbd - Inquiry about CT MT514 meters
Tags: CI; ElAbd; Hardware; PEM",Software|Hardware,Unknown,Unknown,MT514,Unknown,Unknown,System or software involved | Meter type: Electric or Water | Exact error code or error message,Not available from verified source data.,none
26746,"Title: MG - Wrong URL Issue
Tags: CI; MG; Software; vending",Software,Vending,Unknown,Unknown,Unknown,Unknown,Meter type: Electric or Water | Exact meter model | Exact error code or error message,Not available from verified source data.,none
26745,"Title: Korra - Changing Tariff
Tags: CI; Korra; Software; vending",Software,Vending,Unknown,Unknown,Unknown,Unknown,Meter type: Electric or Water | Exact meter model | Exact error code or error message,Not available from verified source data.,none
26743,"Title: Caribbeano - Issuing Tariff Card
Tags: Caribbeano; CI; SMS; Software",Software,Unknown,Unknown,Unknown,Unknown,Unknown,System or software involved | Meter type: Electric or Water | Exact meter model | Exact error code or error message,Not available from verified source data.,none
26742,"Title: Caribbeano - Changing Tariff
Tags: Caribbeano; CI; SMS; Software",Software,Unknown,Unknown,Unknown,Unknown,Unknown,System or software involved | Meter type: Electric or Water | Exact meter model | Exact error code or error message,Not available from verified source data.,none
26741,"Title: New Giza - Addng a meter to new user inquiry
Tags: CI; New giza; Smart; Software",Software,Unknown,Unknown,Unknown,Unknown,Unknown,System or software involved | Meter type: Electric or Water | Exact meter model | Exact error code or error message,Not available from verified source data.,none
26740,"Title: EPower: Acquiring Schema of IE5 Meter
Tags: CI; Epower; Software; Symbiot",Software,Symbiot,Unknown,Unknown,Unknown,Unknown,Meter type: Electric or Water | Exact meter model | Exact error code or error message,Not available from verified source data.,none
26739,"Title: EPower: Reset Meter From Database
Tags: aqua; CI; Epower; Software",Software,Aqua,Unknown,Unknown,Unknown,Unknown,Meter type: Electric or Water | Exact meter model | Exact error code or error message,Not available from verified source data.,none
26734,"Title: Emdad - Can read card in charging tab and card socket error
Tags: CI; Emdad; Software; vending",Software,Vending,Unknown,Unknown,Unknown,Unknown,Meter type: Electric or Water | Exact meter model | Exact error code or error message,Not available from verified source data.,none
26733,"Title: Capital Galleria: Installing Power Factor
Tags: Capital Galleria; CI; Software; vending",Software,Vending,Unknown,Unknown,Unknown,Unknown,Meter type: Electric or Water | Exact meter model | Exact error code or error message,Not available from verified source data.,none
26732,"Title: EPower: Changing number of Meter Digits
Tags: CI; Epower; Hardware; SEM",Hardware,Unknown,Unknown,Unknown,Unknown,Unknown,System or software involved | Meter type: Electric or Water | Exact meter model | Exact error code or error message,Not available from verified source data.,none
26731,"Title: UEDC - Error 91
Tags: CI; Hardware; PEM; UEDC",Hardware,Unknown,Unknown,Unknown,91,Unknown,System or software involved | Meter type: Electric or Water | Exact meter model,Not available from verified source data.,none
26730,"Title: UEDC - Error 101
Tags: CI; Hardware; PEM; UEDC",Hardware,Unknown,Unknown,Unknown,101,Unknown,System or software involved | Meter type: Electric or Water | Exact meter model,Not available from verified source data.,none
26729,"Title: New Giza - Removing Meter from a Customer
Tags: New giza; PI; Smart; Software",Software,Unknown,Unknown,Unknown,Unknown,Unknown,System or software involved | Meter type: Electric or Water | Exact meter model | Exact error code or error message,Not available from verified source data.,none
26728,"Title: Travco: Checking Meter Consumption
Tags: CI; Smart; Software; Travco",Software,Unknown,Unknown,Unknown,Unknown,Unknown,System or software involved | Meter type: Electric or Water | Exact meter model | Exact error code or error message,Not available from verified source data.,none
26727,"Title: Korra - Deleting Settlements from Database
Tags: CI; Korra; Software; vending",Software,Vending,Unknown,Unknown,Unknown,Unknown,Meter type: Electric or Water | Exact meter model | Exact error code or error message,Not available from verified source data.,none
26726,"Title: ElAbd - Meter gives used and balance is not credited on meter
Tags: CI; ElAbd; Hardware; PEM",Hardware,Unknown,Unknown,Unknown,Unknown,Unknown,System or software involved | Meter type: Electric or Water | Exact meter model | Exact error code or error message,Not available from verified source data.,none
26725,"Title: ElAbd - Meter does not respond to customer card
Tags: CI; ElAbd; Hardware; PEM",Hardware,Unknown,Unknown,Unknown,Unknown,Unknown,System or software involved | Meter type: Electric or Water | Exact meter model | Exact error code or error message,Not available from verified source data.,none
26724,"Title: UEDC - Meter Pages shows null value
Tags: CI; Hardware; PEM; UEDC
History: check firmware pages from turning off the meter and then starting it again the first page shows the firmware number.",Hardware|Firmware,Unknown,Unknown,Unknown,Unknown,Unknown,System or software involved | Meter type: Electric or Water | Exact meter model | Exact error code or error message,check firmware pages from turning off the meter and then starting it again the first page shows the firmware number.,history
26723,"Title: UEDC - Meter disconnects on low current
Tags: CI; Hardware; PEM; UEDC",Hardware,Unknown,Unknown,Unknown,Unknown,Unknown,System or software involved | Meter type: Electric or Water | Exact meter model | Exact error code or error message,Not available from verified source data.,none
26722,"Title: Korra - Meters Charges exceeds system charges
Tags: CI; Korra; Software; vending",Software,Vending,Unknown,Unknown,Unknown,Unknown,Meter type: Electric or Water | Exact meter model | Exact error code or error message,Not available from verified source data.,none
26721,"Title: New Giza - Deleing Meters from Billing
Tags: CI; New giza; Smart; Software",Software,Billing,Unknown,Unknown,Unknown,Unknown,Meter type: Electric or Water | Exact meter model | Exact error code or error message,Not available from verified source data.,none
26720,"Title: New Giza - Invoice Issue
Tags: CI; New giza; Smart; Software",Software,Unknown,Unknown,Unknown,Unknown,Unknown,System or software involved | Meter type: Electric or Water | Exact meter model | Exact error code or error message,Not available from verified source data.,none
26719,"Title: Roaya - Inactive Meter
Tags: CI; roaya; Smart; Software",Software,Unknown,Unknown,Unknown,Unknown,Unknown,System or software involved | Meter type: Electric or Water | Exact meter model | Exact error code or error message,Not available from verified source data.,none
26718,"Title: EPower: Delete Settlements
Tags: aqua; CI; Epower; Software",Software,Aqua,Unknown,Unknown,Unknown,Unknown,Meter type: Electric or Water | Exact meter model | Exact error code or error message,Not available from verified source data.,none
26717,"Title: Elkhamayel- Meter number is not available in PWM
Tags: ElKhamayl; Hardware; PI; PWM; W",Hardware,Unknown,Unknown,Unknown,Unknown,Unknown,System or software involved | Meter type: Electric or Water | Exact meter model | Exact error code or error message,Not available from verified source data.,none
26716,"Title: Kattamya: Uninstal and Instal Meter
Tags: aqua; CI; Kattameya; Software",Software,Aqua,Unknown,Unknown,Unknown,Unknown,Meter type: Electric or Water | Exact meter model | Exact error code or error message,Not available from verified source data.,none
26715,"Title: Prime: Service Down
Tags: aqua; CI; Prime; Software",Software,Aqua,Unknown,Unknown,Unknown,Unknown,Meter type: Electric or Water | Exact meter model | Exact error code or error message,Not available from verified source data.,none
26714,"Title: Kattamya: Master Cards Enquiry
Tags: aqua; CI; Kattameya; Software",Software,Aqua,Unknown,Unknown,Unknown,Unknown,Meter type: Electric or Water | Exact meter model | Exact error code or error message,Not available from verified source data.,none
26713,"Title: Kattameya: Error IC-0900
Tags: Hardware; Kattameya; PI; PWM",Hardware,Unknown,Unknown,Unknown,Unknown,Unknown,System or software involved | Meter type: Electric or Water | Exact meter model | Exact error code or error message,Not available from verified source data.,none
26712,"Title: Relantecs- Inquiry about meters maintenance
Tags: Hardware; PI; PWM; Relantecs",Software|Hardware,Unknown,Unknown,Unknown,Unknown,Unknown,System or software involved | Meter type: Electric or Water | Exact meter model | Exact error code or error message,Not available from verified source data.,none
26711,"Title: Korra - Checking Settlement Type
Tags: Korra; PI; Software; vending",Software,Vending,Unknown,Unknown,Unknown,Unknown,Meter type: Electric or Water | Exact meter model | Exact error code or error message,Not available from verified source data.,none
26710,"Title: EPower: Deleting Charge
Tags: CI; Epower; Software; vending",Software,Vending,Unknown,Unknown,Unknown,Unknown,Meter type: Electric or Water | Exact meter model | Exact error code or error message,Not available from verified source data.,none
26709,"Title: New Heliopolis - IC1700
Tags: Hardware; New Heliopolis; PI; PWM",Hardware,Unknown,Unknown,Unknown,Unknown,Unknown,System or software involved | Meter type: Electric or Water | Exact meter model | Exact error code or error message,Not available from verified source data.,none
26708,"Title: 10th of Ramadan - Utility Electrical meter maintenance
Tags: CDC; CI; Hardware; SEM; SLA; Utility",Hardware,Electric,Electric,Unknown,Unknown,Unknown,Exact meter model | Exact error code or error message,Not available from verified source data.,none
26705,"Title: New Giza - Deleting a Settlement
Tags: CI; New giza; Smart; Software",Software,Unknown,Unknown,Unknown,Unknown,Unknown,System or software involved | Meter type: Electric or Water | Exact meter model | Exact error code or error message,Not available from verified source data.,none
26704,"Title: Light Power - Date and time card not working on V5 meter
Tags: CI; Hardware; Lightpower; PEM",Hardware,Unknown,Unknown,Unknown,Unknown,Unknown,System or software involved | Meter type: Electric or Water | Exact meter model | Exact error code or error message,Not available from verified source data.,none
26703,"Title: Elsewedy E&C- Inform them to pick up meters from factory
Tags: Elsewedy E&C; Hardware; PEM; PI",Hardware,Unknown,Unknown,Unknown,Unknown,Unknown,System or software involved | Meter type: Electric or Water | Exact meter model | Exact error code or error message,Not available from verified source data.,none
26702,"Title: Injaz - Inquiry about the meter serial number
Tags: CI; Hardware; Injaz; PWM",Software|Hardware|Communication,Unknown,Unknown,Unknown,Unknown,Unknown,System or software involved | Meter type: Electric or Water | Exact meter model | Exact error code or error message,Not available from verified source data.,none
26701,"Title: Kattamya: Enquiry about configuring an existing meter
Tags: aqua; CI; Kattameya; Software",Software,Aqua,Unknown,Unknown,Unknown,Unknown,Meter type: Electric or Water | Exact meter model | Exact error code or error message,Not available from verified source data.,none
26700,"Title: Coral Sea- Initialize MT514 Meters
Tags: CI; Coral; Hardware; PEM; PI; W",Hardware,Unknown,Unknown,MT514,Unknown,Unknown,System or software involved | Meter type: Electric or Water | Exact error code or error message,Not available from verified source data.,none
26699,"Title: Private Sector Meters Maintenance Follow-up
Tags: Hardware; PI; Private; PWM; W",Hardware,Unknown,Unknown,Unknown,Unknown,Unknown,System or software involved | Meter type: Electric or Water | Exact meter model | Exact error code or error message,Not available from verified source data.,none
26698,"Title: New Giza - RS Meters failed to communicate
Tags: CI; Hardware; New giza; SEM; SLA",Hardware,Unknown,Unknown,Unknown,Unknown,Unknown,System or software involved | Meter type: Electric or Water | Exact meter model | Exact error code or error message,Not available from verified source data.,none
26697,"Title: New Cairo - Utility Water Meter Maintenance Visit
Tags: Hardware; NUCA; PI; PWM; Utility; W",Hardware,Unknown,Water,Unknown,Unknown,Unknown,System or software involved | Exact meter model | Exact error code or error message,Not available from verified source data.,none
26696,"Title: New Obour - Utility Water Meter Maintenance Visit
Tags: Hardware; NUCA; PI; PWM; Utility; W",Hardware,Unknown,Water,Unknown,Unknown,Unknown,System or software involved | Exact meter model | Exact error code or error message,Not available from verified source data.,none
26695,"Title: Obour - Utility Water Meter Maintenance Visit
Tags: Hardware; NUCA; PI; PWM; Utility; W",Hardware,Unknown,Water,Unknown,Unknown,Unknown,System or software involved | Exact meter model | Exact error code or error message,Not available from verified source data.,none
26694,"Title: Menofia - Utility Water Meter Maintenance Visit
Tags: Hardware; HCWW; PI; PWM; Utility; W",Hardware,Unknown,Water,Unknown,Unknown,Unknown,System or software involved | Exact meter model | Exact error code or error message,Not available from verified source data.,none
26693,"Title: Badr eldeen - Inquiry about negative consumption on water meter
Tags: Badr Eldeen; CI; Hardware; PWM",Software|Hardware,Unknown,Water,Unknown,Unknown,Unknown,System or software involved | Exact meter model | Exact error code or error message,Not available from verified source data.,none
26689,"Title: Tiba Resort - Pending charge on card
Tags: aqua; CI; Software; Tiba",Software,Aqua,Unknown,Unknown,Unknown,Unknown,Meter type: Electric or Water | Exact meter model | Exact error code or error message,Not available from verified source data.,none
26688,"Title: Korra: Settlements Enquiry
Tags: CI; Korra; Software; vending",Software,Vending,Unknown,Unknown,Unknown,Unknown,Meter type: Electric or Water | Exact meter model | Exact error code or error message,Not available from verified source data.,none
26687,"Title: Travco: Deleting User from database
Tags: CI; Software; Travco; Visa",Software,Unknown,Unknown,Unknown,Unknown,Unknown,System or software involved | Meter type: Electric or Water | Exact meter model | Exact error code or error message,Not available from verified source data.,none
26686,"Title: Selena Bay: Error in using Cpu cards in customers
Tags: CI; Selena bay; Software; vending",Software,Vending,Unknown,Unknown,Unknown,Unknown,Meter type: Electric or Water | Exact meter model | Exact error code or error message,Not available from verified source data.,none
26685,"Title: Trivium Zayed: Reject-02
Tags: O/S; PI; SMS; Software; Trivium",Software,Unknown,Unknown,Unknown,02,Unknown,System or software involved | Meter type: Electric or Water | Exact meter model,Not available from verified source data.,none
26684,"Title: Travco: Deleting user from database
Tags: CI; Software; Travco; Visa",Software,Unknown,Unknown,Unknown,Unknown,Unknown,System or software involved | Meter type: Electric or Water | Exact meter model | Exact error code or error message,Not available from verified source data.,none
26683,"Title: Diwanyah: Check Meter Synch issue
Tags: CI; Diwanyah; Smart; Software",Software,Unknown,Unknown,Unknown,Unknown,Unknown,System or software involved | Meter type: Electric or Water | Exact meter model | Exact error code or error message,Not available from verified source data.,none
26682,"Title: Sun Capital - Troubleshooting connections
Tags: Hardware; PI; SEM; Suncapital; W",Hardware|Communication,Unknown,Unknown,Unknown,Unknown,Unknown,System or software involved | Meter type: Electric or Water | Exact meter model | Exact error code or error message,Not available from verified source data.,none
26680,"Title: Ona Electric - PF Update
Tags: Ona; PI; Software; vending",Software,Vending|Electric,Electric,Unknown,Unknown,Unknown,Exact meter model | Exact error code or error message,Not available from verified source data.,none
26679,"Title: New Giza - Error 108
Tags: CI; New giza; Software; vending",Software,Vending,Unknown,Unknown,108,Unknown,Meter type: Electric or Water | Exact meter model,Not available from verified source data.,none
26678,"Title: Tiba View: Ultra sonic tariff card
Tags: CI; Hardware; PWM; Tiba",Hardware,Unknown,Unknown,Unknown,Unknown,Unknown,System or software involved | Meter type: Electric or Water | Exact meter model | Exact error code or error message,Not available from verified source data.,none
26677,"Title: Motawe Group - PF Update
Tags: Motawe Group; PI; Software; vending",Software,Vending,Unknown,Unknown,Unknown,Unknown,Meter type: Electric or Water | Exact meter model | Exact error code or error message,Not available from verified source data.,none
26676,"Title: Mena Oasis: Reverse flow enquiry
Tags: CI; Hardware; Mena Oasis; PWM",Software|Hardware,Unknown,Unknown,Unknown,Unknown,Unknown,System or software involved | Meter type: Electric or Water | Exact meter model | Exact error code or error message,Not available from verified source data.,none
26675,"Title: Emdad - Delete settlement
Tags: aqua; CI; Emdad; Software",Software,Aqua,Unknown,Unknown,Unknown,Unknown,Meter type: Electric or Water | Exact meter model | Exact error code or error message,Not available from verified source data.,none
26674,"Title: UEDC - Error 91
Tags: CI; Hardware; PEM; UEDC",Hardware,Unknown,Unknown,Unknown,91,Unknown,System or software involved | Meter type: Electric or Water | Exact meter model,Not available from verified source data.,none
26673,"Title: Elkhamayel - Inquiry about tariff difference settlement
Tags: aqua; CI; ElKhamayl; Software",Software,Aqua,Unknown,Unknown,Unknown,Unknown,Meter type: Electric or Water | Exact meter model | Exact error code or error message,Not available from verified source data.,none
26672,"Title: ElAbd - Get device ID for new vending
Tags: CI; ElAbd; Software; vending",Software,Vending,Unknown,Unknown,Unknown,Unknown,Meter type: Electric or Water | Exact meter model | Exact error code or error message,Not available from verified source data.,none
26671,"Title: New Giza - Change Meter Name
Tags: CI; New giza; Smart; Software",Software,Unknown,Unknown,Unknown,Unknown,Unknown,System or software involved | Meter type: Electric or Water | Exact meter model | Exact error code or error message,Not available from verified source data.,none
26670,"Title: New Giza - Single Phase Tariff Card Issue
Tags: New giza; PI; Software; vending",Software,Vending,Unknown,Unknown,Unknown,Unknown,Meter type: Electric or Water | Exact meter model | Exact error code or error message,Not available from verified source data.,none
26669,"Title: Coral Bay: Migrating server to VM
Tags: CI; Coral; Software; vending",Software,Vending,Unknown,Unknown,Unknown,Unknown,Meter type: Electric or Water | Exact meter model | Exact error code or error message,Not available from verified source data.,none
26668,"Title: New Giza - Three Phase Tariff Card Issue
Tags: New giza; PI; Software; vending",Software,Vending,Unknown,Unknown,Unknown,Unknown,Meter type: Electric or Water | Exact meter model | Exact error code or error message,Not available from verified source data.,none
26667,"Title: Utilities: Client enquiries about fawry failed charges
Tags: CI; Software; Utilities; vending",Software,Vending,Unknown,Unknown,Unknown,Unknown,Meter type: Electric or Water | Exact meter model | Exact error code or error message,Not available from verified source data.,none
26666,"Title: Korra - Issue with missing charges
Tags: Korra; PI; Software; vending",Software,Vending,Unknown,Unknown,Unknown,Unknown,Meter type: Electric or Water | Exact meter model | Exact error code or error message,Not available from verified source data.,none
26665,"Title: Emaar - Invoice Issue
Tags: CI; Emaar; Smart; Software",Software,Unknown,Unknown,Unknown,Unknown,Unknown,System or software involved | Meter type: Electric or Water | Exact meter model | Exact error code or error message,Not available from verified source data.,none
26664,"Title: Cecilia - PF Update
Tags: Cecilia; PI; Software; vending",Software,Vending,Unknown,Unknown,Unknown,Unknown,Meter type: Electric or Water | Exact meter model | Exact error code or error message,Not available from verified source data.,none
26663,"Title: UEDC - Meter disconnects issue
Tags: CI; Hardware; PEM; UEDC",Hardware,Unknown,Unknown,Unknown,Unknown,Unknown,System or software involved | Meter type: Electric or Water | Exact meter model | Exact error code or error message,Not available from verified source data.,none
26662,"Title: Private Sector Meters Maintenance Follow-up
Tags: Hardware; PEM; PI; Private; W",Hardware,Unknown,Unknown,Unknown,Unknown,Unknown,System or software involved | Meter type: Electric or Water | Exact meter model | Exact error code or error message,Not available from verified source data.,none
26661,"Title: Elsewedy E&C- Inquiry about meters in maintenance
Tags: E&C; Hardware; Inquiry; PI",Software|Hardware,Unknown,Unknown,Unknown,Unknown,Unknown,System or software involved | Meter type: Electric or Water | Exact meter model | Exact error code or error message,Not available from verified source data.,none
26660,"Title: Elsewedy E&C- Inquiry about meters in maintenance
Tags: E&C; Hardware; Inquiry; PI",Software|Hardware,Unknown,Unknown,Unknown,Unknown,Unknown,System or software involved | Meter type: Electric or Water | Exact meter model | Exact error code or error message,Not available from verified source data.,none
26659,"Title: Elsewedy E&C- Inquiry about meters in maintenance
Tags: E&C; Hardware; Inquiry; PI",Software|Hardware,Unknown,Unknown,Unknown,Unknown,Unknown,System or software involved | Meter type: Electric or Water | Exact meter model | Exact error code or error message,Not available from verified source data.,none
26658,"Title: ElAbd - Valve closed with reverse sign on screen but meter has credit
Tags: CI; ElAbd; Hardware; PWM",Hardware,Unknown,Unknown,Unknown,Unknown,Unknown,System or software involved | Meter type: Electric or Water | Exact meter model | Exact error code or error message,Not available from verified source data.,none
26655,"Title: Sun Capital - Water meter readings issue
Tags: CI; Smart; Software; Suncapital",Software,Unknown,Water,Unknown,Unknown,Unknown,System or software involved | Exact meter model | Exact error code or error message,Not available from verified source data.,none
26654,"Title: Scandeck: Issue in writing cards
Tags: CI; ScanDeck; Software; vending",Software,Vending,Unknown,Unknown,Unknown,Unknown,Meter type: Electric or Water | Exact meter model | Exact error code or error message,Not available from verified source data.,none
26653,"Title: Florenza: Issue in writing cards
Tags: CI; Florenza; Software; vending",Software,Vending,Unknown,Unknown,Unknown,Unknown,Meter type: Electric or Water | Exact meter model | Exact error code or error message,Not available from verified source data.,none
26652,"Title: Caribbeano - PF Update
Tags: Caribbeano; PI; Software; vending",Software,Vending,Unknown,Unknown,Unknown,Unknown,Meter type: Electric or Water | Exact meter model | Exact error code or error message,Not available from verified source data.,none
26651,"Title: New Giza - RS Meters failed to communicate
Tags: CI; Hardware; New giza; SEM; SLA",Hardware,Unknown,Unknown,Unknown,Unknown,Unknown,System or software involved | Meter type: Electric or Water | Exact meter model | Exact error code or error message,Not available from verified source data.,none
26650,"Title: Amwaj - PF Update
Tags: Amwaj; PI; Software; vending",Software,Vending,Unknown,Unknown,Unknown,Unknown,Meter type: Electric or Water | Exact meter model | Exact error code or error message,Not available from verified source data.,none
26649,"Title: Light Power - Inquiry about meter types that can work with nfc cards
Tags: CI; Hardware; Lightpower; PEM",Software|Hardware,Unknown,Unknown,Unknown,Unknown,Unknown,System or software involved | Meter type: Electric or Water | Exact meter model | Exact error code or error message,Not available from verified source data.,none
26648,"Title: SDDC - Delete Charge
Tags: CI; SDDC; Software; vending",Software,Vending,Unknown,Unknown,Unknown,Unknown,Meter type: Electric or Water | Exact meter model | Exact error code or error message,Not available from verified source data.,none
26647,"Title: New Salhia - Utility water meter maintenance
Tags: Hardware; NUCA; PI; PWM; Utility; W",Hardware,Unknown,Water,Unknown,Unknown,Unknown,System or software involved | Exact meter model | Exact error code or error message,Not available from verified source data.,none
26646,"Title: Makadi - PF Update
Tags: Makadi; PI; Software; vending",Software,Vending,Unknown,Unknown,Unknown,Unknown,Meter type: Electric or Water | Exact meter model | Exact error code or error message,Not available from verified source data.,none
26645,"Title: Edelma - PF Update
Tags: Edelma; PI; Software; vending",Software,Vending,Unknown,Unknown,Unknown,Unknown,Meter type: Electric or Water | Exact meter model | Exact error code or error message,Not available from verified source data.,none
26644,"Title: Kernel - PF Update
Tags: Kernel; PI; Software; vending",Software,Vending,Unknown,Unknown,Unknown,Unknown,Meter type: Electric or Water | Exact meter model | Exact error code or error message,Not available from verified source data.,none
26643,"Title: Arabiano - PF Update
Tags: arabiano; PI; Software; vending",Software,Vending,Unknown,Unknown,Unknown,Unknown,Meter type: Electric or Water | Exact meter model | Exact error code or error message,Not available from verified source data.,none
26639,"Title: Travco: Deleting Visa User
Tags: CI; Software; Travco; Visa",Software,Unknown,Unknown,Unknown,Unknown,Unknown,System or software involved | Meter type: Electric or Water | Exact meter model | Exact error code or error message,Not available from verified source data.,none
26638,"Title: Elsewedy E&C- Inform them to pick up meters from factory
Tags: Elsewedy E&C; Hardware; PEM; PI",Hardware,Unknown,Unknown,Unknown,Unknown,Unknown,System or software involved | Meter type: Electric or Water | Exact meter model | Exact error code or error message,Not available from verified source data.,none
26637,"Title: Ecklat Portsaid - Error A3
Tags: CI; Ecklat; Hardware; PEM",Hardware,Unknown,Unknown,Unknown,Unknown,Unknown,System or software involved | Meter type: Electric or Water | Exact meter model | Exact error code or error message,Not available from verified source data.,none
26636,"Title: Emdad - Software blocked due to browser
Tags: CI; Emdad; Software; vending",Software,Vending,Unknown,Unknown,Unknown,Unknown,Meter type: Electric or Water | Exact meter model | Exact error code or error message,Not available from verified source data.,none
26635,"Title: Emdad - Software blocked by browser
Tags: CI; Emdad; Software; vending",Software,Vending,Unknown,Unknown,Unknown,Unknown,Meter type: Electric or Water | Exact meter model | Exact error code or error message,Not available from verified source data.,none
26634,"Title: Emdad - Software blocked due to browser
Tags: CI; Emdad; Software; vending",Software,Vending,Unknown,Unknown,Unknown,Unknown,Meter type: Electric or Water | Exact meter model | Exact error code or error message,Not available from verified source data.,none
26633,"Title: Light Power - Inquiry about double charge on sts system
Tags: CI; Lightpower; Software; STS",Software,Unknown,Unknown,Unknown,Unknown,Unknown,System or software involved | Meter type: Electric or Water | Exact meter model | Exact error code or error message,Not available from verified source data.,none
26632,"Title: Ecklat Portsaid - Error 43
System Info: Err-43
Tags: CI; Ecklat; Hardware; PEM",Hardware,Unknown,Unknown,Unknown,43,Unknown,System or software involved | Meter type: Electric or Water | Exact meter model,Not available from verified source data.,none
26631,"Title: The view- Install Card socket
Tags: CI; Software; The view; vending",Software,Vending,Unknown,Unknown,Unknown,Unknown,Meter type: Electric or Water | Exact meter model | Exact error code or error message,Not available from verified source data.,none
26630,"Title: Korra - Vending System Down
Tags: CI; Korra; Software; vending",Software,Vending,Unknown,Unknown,Unknown,Unknown,Meter type: Electric or Water | Exact meter model | Exact error code or error message,Not available from verified source data.,none
26629,"Title: New Giza - Invoice Summary Report Inquiry
Tags: CI; New giza; Smart; Software",Software,Unknown,Unknown,Unknown,Unknown,Unknown,System or software involved | Meter type: Electric or Water | Exact meter model | Exact error code or error message,Not available from verified source data.,none
26628,"Title: Makadi - Error 0103 while resetting V5 meter
System Info: Err-103
Tags: CI; Hardware; Makadi; PEM",Hardware,Unknown,Unknown,Unknown,0103|103,Unknown,System or software involved | Meter type: Electric or Water | Exact meter model,Not available from verified source data.,none
26627,"Title: New Giza - Wrong Tariff
Tags: CI; New giza; Software; vending",Software,Vending,Unknown,Unknown,Unknown,Unknown,Meter type: Electric or Water | Exact meter model | Exact error code or error message,Not available from verified source data.,none
26626,"Title: New Giza - Tariff Page Inquiry
Tags: CI; Hardware; Inquiry; New giza; PEM",Software|Hardware,Unknown,Unknown,Unknown,Unknown,Unknown,System or software involved | Meter type: Electric or Water | Exact meter model | Exact error code or error message,Not available from verified source data.,none
26625,"Title: Florenza: Downloading Latest Card Socket
Tags: CI; Florenza; Software; vending",Software,Vending,Unknown,Unknown,Unknown,Unknown,Meter type: Electric or Water | Exact meter model | Exact error code or error message,Not available from verified source data.,none
26624,"Title: Azurra: General Error
Tags: Azzura; CI; Software; vending",Software,Vending,Unknown,Unknown,Unknown,Unknown,Meter type: Electric or Water | Exact meter model | Exact error code or error message,Not available from verified source data.,none
26623,"Title: Sewed E&C: Changing CT Ratio
Tags: CI; Elsewedy E&C; Hardware; PEM",Hardware,Unknown,Unknown,Unknown,Unknown,Unknown,System or software involved | Meter type: Electric or Water | Exact meter model | Exact error code or error message,Not available from verified source data.,none
26614,"Title: Elsewedy E&C- Problem with meters in factory but out of warranty
Tags: Elsewedy E&C; Hardware; PEM; PI",Hardware,Unknown,Unknown,Unknown,Unknown,Unknown,System or software involved | Meter type: Electric or Water | Exact meter model | Exact error code or error message,Not available from verified source data.,none
26613,"Title: New Heliopolis- Tariff Diff Settlement
Tags: aqua; CI; New Heliopolis; Software",Software,Aqua,Unknown,Unknown,Unknown,Unknown,Meter type: Electric or Water | Exact meter model | Exact error code or error message,Not available from verified source data.,none
26612,"Title: Emdad - Can not read or write cards on aqua software
Tags: aqua; Emdad; PI; Software",Software,Aqua,Unknown,Unknown,Unknown,Unknown,Meter type: Electric or Water | Exact meter model | Exact error code or error message,Not available from verified source data.,none
26611,"Title: Light Power - Error 0500 on IC single phase meter
Tags: CI; Hardware; Lightpower; PEM",Hardware,Unknown,Unknown,Unknown,0500,Unknown,System or software involved | Meter type: Electric or Water | Exact meter model,Not available from verified source data.,none
26610,"Title: Travco: Error-XX52
System Info: Err-52
Tags: CI; Hardware; PEM; Travco",Hardware,Unknown,Unknown,Unknown,52,Unknown,System or software involved | Meter type: Electric or Water | Exact meter model,Not available from verified source data.,none
26609,"Title: Madkour: Water Meters Maintenance Visit
Tags: Hardware; Madkour; PI; PWM; W",Hardware,Unknown,Water,Unknown,Unknown,Unknown,System or software involved | Exact meter model | Exact error code or error message,Not available from verified source data.,none
26608,"Title: Tiba View: Difference in charges
Tags: aqua; CI; Software; Tiba",Software,Aqua,Unknown,Unknown,Unknown,Unknown,Meter type: Electric or Water | Exact meter model | Exact error code or error message,Not available from verified source data.,none
26607,"Title: Florenza: General Error Inspection
Tags: CI; Florenza; Software; vending",Software,Vending,Unknown,Unknown,Unknown,Unknown,Meter type: Electric or Water | Exact meter model | Exact error code or error message,Not available from verified source data.,none
26606,Title: Giving Interns an overview of L1 work and scope,Unknown,Unknown,Unknown,Unknown,Unknown,L1,System or software involved | Meter type: Electric or Water | Exact meter model | Exact error code or error message,Not available from verified source data.,none
26605,"Title: CDC - Error 802
System Info: Err-802
Tags: CDC; CI; Hardware; PEM",Hardware,Unknown,Unknown,Unknown,802,Unknown,System or software involved | Meter type: Electric or Water | Exact meter model,Not available from verified source data.,none
26604,"Title: New Giza - RS Meters failed to communicate
Tags: CI; Hardware; New giza; SEM; SLA",Hardware,Unknown,Unknown,Unknown,Unknown,Unknown,System or software involved | Meter type: Electric or Water | Exact meter model | Exact error code or error message,Not available from verified source data.,none
26603,"Title: ElAbd - PF Update
Tags: ElAbd; PI; Software; vending",Software,Vending,Unknown,Unknown,Unknown,Unknown,Meter type: Electric or Water | Exact meter model | Exact error code or error message,Not available from verified source data.,none
26602,"Title: Elsewedy E&C- Maintenance follow up
Tags: Elsewedy E&C; Hardware; PI; PWM",Hardware,Unknown,Unknown,Unknown,Unknown,Unknown,System or software involved | Meter type: Electric or Water | Exact meter model | Exact error code or error message,Not available from verified source data.,none
26601,"Title: Cornado- Control Card inquiry
Tags: aqua; CI; Cornado; Software",Software,Aqua,Unknown,Unknown,Unknown,Unknown,Meter type: Electric or Water | Exact meter model | Exact error code or error message,Not available from verified source data.,none
26600,"Title: The View - Vending Deployment
Tags: PI; Software; The view; vending",Software,Vending,Unknown,Unknown,Unknown,Unknown,Meter type: Electric or Water | Exact meter model | Exact error code or error message,Not available from verified source data.,none
26599,"Title: Private Sector Meters Maintenance Follow-up
Tags: Hardware; PI; Private; SEM; W",Hardware,Unknown,Unknown,Unknown,Unknown,Unknown,System or software involved | Meter type: Electric or Water | Exact meter model | Exact error code or error message,Not available from verified source data.,none
26598,"Title: Utilities - PF Update
Tags: PI; Software; Utilities; vending",Software,Vending,Unknown,Unknown,Unknown,Unknown,Meter type: Electric or Water | Exact meter model | Exact error code or error message,Not available from verified source data.,none
26597,"Title: New Giza - PF update
Tags: Newgiza; PI; Software; vending",Software,Vending,Unknown,Unknown,Unknown,Unknown,Meter type: Electric or Water | Exact meter model | Exact error code or error message,Not available from verified source data.,none
26596,"Title: Mountain View - PF update
Tags: Mountain View; PI; Software; vending",Software,Vending,Unknown,Unknown,Unknown,Unknown,Meter type: Electric or Water | Exact meter model | Exact error code or error message,Not available from verified source data.,none
26595,"Title: Injaz - PF update
Tags: Injaz; PI; Software; vending",Software,Vending,Unknown,Unknown,Unknown,Unknown,Meter type: Electric or Water | Exact meter model | Exact error code or error message,Not available from verified source data.,none
26594,"Title: Light Power - PF update
Tags: Lightpower; PI; Software; vending",Software,Vending,Unknown,Unknown,Unknown,Unknown,Meter type: Electric or Water | Exact meter model | Exact error code or error message,Not available from verified source data.,none
26593,"Title: South delta- delete charge
Tags: CI; SDDC; Software; vending",Software,Vending,Unknown,Unknown,Unknown,Unknown,Meter type: Electric or Water | Exact meter model | Exact error code or error message,Not available from verified source data.,none
26592,"Title: Veranda - Can not charge for customers on vending software
Tags: CI; Software; vending; Veranda",Software,Vending,Unknown,Unknown,Unknown,Unknown,Meter type: Electric or Water | Exact meter model | Exact error code or error message,Not available from verified source data.,none
26591,"Title: Travco: Missing Readings
Tags: CI; Smart; Software; Travco",Software,Unknown,Unknown,Unknown,Unknown,Unknown,System or software involved | Meter type: Electric or Water | Exact meter model | Exact error code or error message,Not available from verified source data.,none
26590,"Title: Somabay: Deleting Charge from PVMS
Tags: CI; PVMS; Software; Somabay",Software,Unknown,Unknown,Unknown,Unknown,Unknown,System or software involved | Meter type: Electric or Water | Exact meter model | Exact error code or error message,Not available from verified source data.,none
26589,"Title: New Giza - Invoice Issue
Tags: CI; New giza; Smart; Software",Software,Unknown,Unknown,Unknown,Unknown,Unknown,System or software involved | Meter type: Electric or Water | Exact meter model | Exact error code or error message,Not available from verified source data.,none
26588,"Title: Eladb- Inquiries about server and server access
Tags: aqua; CI; ElAbd; Software",Software,Aqua,Unknown,Unknown,Unknown,Unknown,Meter type: Electric or Water | Exact meter model | Exact error code or error message,Not available from verified source data.,none
26587,"Title: New Giza - Changing Tariff
Tags: CI; New giza; Software; vending",Software,Vending,Unknown,Unknown,Unknown,Unknown,Meter type: Electric or Water | Exact meter model | Exact error code or error message,Not available from verified source data.,none
26586,"Title: Light Power- Problem with meter date and time
Tags: Hardware; Lightpower; PEM; PI",Hardware,Unknown,Unknown,Unknown,Unknown,Unknown,System or software involved | Meter type: Electric or Water | Exact meter model | Exact error code or error message,Not available from verified source data.,none
26585,"Title: Light Power- Edit Friendly Time
Tags: CI; Lightpower; Software; vending",Software,Vending,Unknown,Unknown,Unknown,Unknown,Meter type: Electric or Water | Exact meter model | Exact error code or error message,Not available from verified source data.,none
26584,"Title: Korra - Deleting Charges from Database
Tags: CI; Korra; Software; vending",Software,Vending,Unknown,Unknown,Unknown,Unknown,Meter type: Electric or Water | Exact meter model | Exact error code or error message,Not available from verified source data.,none
26583,"Title: New Giza - Changing Tariff
Tags: CI; New giza; Smart; Software",Software,Unknown,Unknown,Unknown,Unknown,Unknown,System or software involved | Meter type: Electric or Water | Exact meter model | Exact error code or error message,Not available from verified source data.,none
26582,"Title: Chinese Mall- Get device ID
Tags: Chinese Mall; CI; Software; vending",Software,Vending,Unknown,Unknown,Unknown,Unknown,Meter type: Electric or Water | Exact meter model | Exact error code or error message,Not available from verified source data.,none
26581,"Title: Korra - Getting Device ID for Vending Upgrade
Tags: CI; Korra; Software; vending",Software,Vending,Unknown,Unknown,Unknown,Unknown,Meter type: Electric or Water | Exact meter model | Exact error code or error message,Not available from verified source data.,none
26580,"Title: Emdad: Instalments enquiry
Tags: aqua; CI; Emdad; Software",Software,Aqua,Unknown,Unknown,Unknown,Unknown,Meter type: Electric or Water | Exact meter model | Exact error code or error message,Not available from verified source data.,none
26579,"Title: Travco: Checking CT-Ratio and missing readings
Tags: CI; Smart; Software; Travco",Software,Unknown,Unknown,Unknown,Unknown,Unknown,System or software involved | Meter type: Electric or Water | Exact meter model | Exact error code or error message,Not available from verified source data.,none
26578,"Title: Badr Eldeen - Reject 02
System Info: Rej-02
Tags: Badr Eldeen; CI; SMS; Software",Software,Unknown,Unknown,Unknown,02,Unknown,System or software involved | Meter type: Electric or Water | Exact meter model,Not available from verified source data.,none
26577,"Title: Elsewedy E&C- Meter Screen toggles on and off
Tags: Elsewedy E&C; Hardware; PEM; PI",Hardware,Unknown,Unknown,Unknown,Unknown,Unknown,System or software involved | Meter type: Electric or Water | Exact meter model | Exact error code or error message,Not available from verified source data.,none
26576,"Title: Elbostan- Problem with Java card
Tags: ElBostan; Hardware; PEM; PI",Hardware,Unknown,Unknown,Unknown,Unknown,Unknown,System or software involved | Meter type: Electric or Water | Exact meter model | Exact error code or error message,Not available from verified source data.,none
26575,"Title: Eldau- Database Backup
Tags: aqua; CI; eldaw; Software",Software,Aqua,Unknown,Unknown,Unknown,Unknown,Meter type: Electric or Water | Exact meter model | Exact error code or error message,Not available from verified source data.,none
26574,"Title: Travco: Issue in Readings on billing
Tags: CI; Smart; Software; Travco",Software,Billing,Unknown,Unknown,Unknown,Unknown,Meter type: Electric or Water | Exact meter model | Exact error code or error message,Not available from verified source data.,none
26573,"Title: ElAbd: Mechanical Malfunction
Tags: ElAbd; Hardware; PI; PWM",Hardware,Unknown,Unknown,Unknown,Unknown,Unknown,System or software involved | Meter type: Electric or Water | Exact meter model | Exact error code or error message,Not available from verified source data.,none
26572,"Title: Eldau- Database backup info
Tags: aqua; CI; eldaw; Software",Software,Aqua,Unknown,Unknown,Unknown,Unknown,Meter type: Electric or Water | Exact meter model | Exact error code or error message,Not available from verified source data.,none
26571,"Title: Travco: Steps for deleting readings
Tags: CI; Smart; Software; Travco",Software,Unknown,Unknown,Unknown,Unknown,Unknown,System or software involved | Meter type: Electric or Water | Exact meter model | Exact error code or error message,Not available from verified source data.,none
26570,"Title: Narges Gas Station: General Error
Tags: CI; Narges; Software; vending",Software,Vending,Unknown,Unknown,Unknown,Unknown,Meter type: Electric or Water | Exact meter model | Exact error code or error message,Not available from verified source data.,none
26569,"Title: Narges Gas Station: Delete Charges
Tags: CI; Narges; Software; vending",Software,Vending,Unknown,Unknown,Unknown,Unknown,Meter type: Electric or Water | Exact meter model | Exact error code or error message,Not available from verified source data.,none
26568,"Title: Narges Gas station: Delete charges
Tags: CI; Narges; Software; vending",Software,Vending,Unknown,Unknown,Unknown,Unknown,Meter type: Electric or Water | Exact meter model | Exact error code or error message,Not available from verified source data.,none
26567,"Title: Elsewedy E&C- Inquiry about meter will be taken from factory
Tags: Elsewedy E&C; Hardware; PI; PWM",Software|Hardware,Unknown,Unknown,Unknown,Unknown,Unknown,System or software involved | Meter type: Electric or Water | Exact meter model | Exact error code or error message,Not available from verified source data.,none
26566,"Title: Elsewedy E&C- Detailed Maintenance Report
Tags: Elsewedy E&C; Hardware; PI; PWM",Hardware,Unknown,Unknown,Unknown,Unknown,Unknown,System or software involved | Meter type: Electric or Water | Exact meter model | Exact error code or error message,Not available from verified source data.,none
26565,"Title: Family House - Server Down
Tags: aqua; CI; Family House; Software",Software,Aqua,Unknown,Unknown,Unknown,Unknown,Meter type: Electric or Water | Exact meter model | Exact error code or error message,Not available from verified source data.,none
26564,"Title: Korra – Issue with Missing Charges
Tags: CI; Korra; Software; vending",Software,Vending,Unknown,Unknown,Unknown,Unknown,Meter type: Electric or Water | Exact meter model | Exact error code or error message,Not available from verified source data.,none
26563,"Title: Factory - Utility Water Meter Maintenance Visit
Tags: Hardware; HCWW; PI; PWM; Utility; W",Hardware,Unknown,Water,Unknown,Unknown,Unknown,System or software involved | Exact meter model | Exact error code or error message,Not available from verified source data.,none
26562,"Title: Sun Capital - Water Meters Communication troubleshooting
Tags: Hardware; PI; Suncapital; SWM; W",Hardware|Communication,Unknown,Water,Unknown,Unknown,Unknown,System or software involved | Exact meter model | Exact error code or error message,Not available from verified source data.,none
26560,"Title: New Giza - Changing Meter Status from Database
Tags: CI; New giza; Smart; Software",Software,Unknown,Unknown,Unknown,Unknown,Unknown,System or software involved | Meter type: Electric or Water | Exact meter model | Exact error code or error message,Not available from verified source data.,none
26559,"Title: Sun Capital - Energy360 charging issue
Tags: CI; Smart; Software; Suncapital",Software,Unknown,Unknown,Unknown,Unknown,Unknown,System or software involved | Meter type: Electric or Water | Exact meter model | Exact error code or error message,Not available from verified source data.,none
26558,"Title: New Giza - Deleting Meter from a Customer
Tags: CI; New giza; Smart; Software",Software,Unknown,Unknown,Unknown,Unknown,Unknown,System or software involved | Meter type: Electric or Water | Exact meter model | Exact error code or error message,Not available from verified source data.,none
26557,"Title: South delta -Delete charge
Tags: CI; SDDC; Software; vending",Software,Vending,Unknown,Unknown,Unknown,Unknown,Meter type: Electric or Water | Exact meter model | Exact error code or error message,Not available from verified source data.,none
26556,"Title: Emdad: Meeting with client about change requests and training on using software
Tags: aqua; CI; Emdad; Software",Software,Aqua,Unknown,Unknown,Unknown,Unknown,Meter type: Electric or Water | Exact meter model | Exact error code or error message,Not available from verified source data.,none
26555,"Title: New Giza - Monthly Consumption Report Name Inquiry
Tags: CI; New giza; Smart; Software",Software,Unknown,Unknown,Unknown,Unknown,Unknown,System or software involved | Meter type: Electric or Water | Exact meter model | Exact error code or error message,Not available from verified source data.,none
26554,"Title: New Giza - Changing Meter Name from Database
Tags: CI; New giza; Smart; Software",Software,Unknown,Unknown,Unknown,Unknown,Unknown,System or software involved | Meter type: Electric or Water | Exact meter model | Exact error code or error message,Not available from verified source data.,none
26553,"Title: Private Sector Meters Maintenance Follow-up
Tags: Hardware; PI; Private; PWM; W",Hardware,Unknown,Unknown,Unknown,Unknown,Unknown,System or software involved | Meter type: Electric or Water | Exact meter model | Exact error code or error message,Not available from verified source data.,none
26552,"Title: Amer Group - Checking Water Module Communication
Tags: Amer group; Hardware; PI; SWM; W",Hardware|Communication,Unknown,Water,Unknown,Unknown,Unknown,System or software involved | Exact meter model | Exact error code or error message,Not available from verified source data.,none
26551,"Title: Emdad - Can not charge in all POS
Tags: CI; Emdad; Software; vending",Software,Vending,Unknown,Unknown,Unknown,Unknown,Meter type: Electric or Water | Exact meter model | Exact error code or error message,Not available from verified source data.,none
26550,"Title: New Giza - Duplicate Readings Issue
Tags: CI; Newgiza; Smart; Software",Software,Unknown,Unknown,Unknown,Unknown,Unknown,System or software involved | Meter type: Electric or Water | Exact meter model | Exact error code or error message,Not available from verified source data.,none
26549,"Title: New Giza - Settlement Issue
Tags: CI; Newgiza; Smart; Software",Software,Unknown,Unknown,Unknown,Unknown,Unknown,System or software involved | Meter type: Electric or Water | Exact meter model | Exact error code or error message,Not available from verified source data.,none
26548,"Title: Elkhamayel- Reset Meter From Database
Tags: aqua; ElKhamayl; PI; Software",Software,Aqua,Unknown,Unknown,Unknown,Unknown,Meter type: Electric or Water | Exact meter model | Exact error code or error message,Not available from verified source data.,none
26546,"Title: Korra - Ledge - Check customer transactions
Tags: CI; Korra; Software; vending",Software,Vending,Unknown,Unknown,Unknown,Unknown,Meter type: Electric or Water | Exact meter model | Exact error code or error message,Not available from verified source data.,none
26545,"Title: Korra - Ledge - Check Total Recharges
Tags: CI; Korra; Software; vending",Software,Vending,Unknown,Unknown,Unknown,Unknown,Meter type: Electric or Water | Exact meter model | Exact error code or error message,Not available from verified source data.,none
26544,"Title: South Delta - Add User Role
Tags: CI; SDDC; Software; Veranda",Software,Unknown,Unknown,Unknown,Unknown,Unknown,System or software involved | Meter type: Electric or Water | Exact meter model | Exact error code or error message,Not available from verified source data.,none
26543,"Title: Travco: Deleting user from database
Tags: CI; Software; Travco; Visa",Software,Unknown,Unknown,Unknown,Unknown,Unknown,System or software involved | Meter type: Electric or Water | Exact meter model | Exact error code or error message,Not available from verified source data.,none
26541,"Title: Family House - Reset meter
Tags: aqua; CI; Family House; Software",Software,Aqua,Unknown,Unknown,Unknown,Unknown,Meter type: Electric or Water | Exact meter model | Exact error code or error message,Not available from verified source data.,none
26539,"Title: Marassi - Emaar: Changing Relay Status
Tags: CI; Emaar; Smart; Software",Software|Hardware,Unknown,Unknown,Unknown,Unknown,Unknown,System or software involved | Meter type: Electric or Water | Exact meter model | Exact error code or error message,Not available from verified source data.,none
26538,"Title: Emaar - Marassi: Updating Naming on Billing
Tags: CI; Emaar; Smart; Software",Software,Billing,Unknown,Unknown,Unknown,Unknown,Meter type: Electric or Water | Exact meter model | Exact error code or error message,Not available from verified source data.,none
26537,"Title: Selena Bay- Error in mend card with charge
Tags: PI; Selena bay; Software; vending",Software,Vending,Unknown,Unknown,Unknown,Unknown,Meter type: Electric or Water | Exact meter model | Exact error code or error message,Not available from verified source data.,none
26536,"Title: SDDC- Meters to be picked up from warehouse
Tags: Hardware; PEM; PI; SDDC",Hardware,Unknown,Unknown,Unknown,Unknown,Unknown,System or software involved | Meter type: Electric or Water | Exact meter model | Exact error code or error message,Not available from verified source data.,none
26535,"Title: New Heliopolis- IC0105
System Info: IC-105
Tags: Hardware; New Heliopolis; PI; PWM",Hardware,Unknown,Unknown,Unknown,Unknown,Unknown,System or software involved | Meter type: Electric or Water | Exact meter model | Exact error code or error message,Not available from verified source data.,none
26534,"Title: Tiba View: Error IC-0800
System Info: IC-800
Tags: CI; SMS; Software; Tiba",Software,Unknown,Unknown,Unknown,Unknown,Unknown,System or software involved | Meter type: Electric or Water | Exact meter model | Exact error code or error message,Not available from verified source data.,none
26533,"Title: Elkhamayel- Check meter updates from database
Tags: aqua; CI; ElKhamayl; Software",Software,Aqua,Unknown,Unknown,Unknown,Unknown,Meter type: Electric or Water | Exact meter model | Exact error code or error message,Not available from verified source data.,none
26532,"Title: Somabay: Change Relay Status
Tags: CI; Smart; Software; Somabay",Software|Hardware,Unknown,Unknown,Unknown,Unknown,Unknown,System or software involved | Meter type: Electric or Water | Exact meter model | Exact error code or error message,Not available from verified source data.,none
26531,"Title: Makadi - V5 meter step does not reset with beginning of month
Tags: CI; Hardware; Makadi; PEM",Hardware,Unknown,Unknown,Unknown,Unknown,Unknown,System or software involved | Meter type: Electric or Water | Exact meter model | Exact error code or error message,Not available from verified source data.,none
26530,"Title: Elkhamayel - Check Meter Consumption
Tags: aqua; CI; ElKhamayl; Software",Software,Aqua,Unknown,Unknown,Unknown,Unknown,Meter type: Electric or Water | Exact meter model | Exact error code or error message,Not available from verified source data.,none
26529,"Title: ElAbd - Open close on screen with error E-107
System Info: E-107
Tags: CI; ElAbd; Hardware; PWM",Hardware,Unknown,Unknown,Unknown,107,Unknown,System or software involved | Meter type: Electric or Water | Exact meter model,Not available from verified source data.,none
26528,"Title: Emdad - Update aqua driver
Tags: aqua; CI; Emdad; Software",Software,Aqua,Unknown,Unknown,Unknown,Unknown,Meter type: Electric or Water | Exact meter model | Exact error code or error message,Not available from verified source data.,none
26527,"Title: Travco - update activation date
Tags: CI; Smart; Software; Travco",Software,Unknown,Unknown,Unknown,Unknown,Unknown,System or software involved | Meter type: Electric or Water | Exact meter model | Exact error code or error message,Not available from verified source data.,none
26526,"Title: New Heliopolis- Rev Water in Meter
Tags: Hardware; New Heliopolis; PI; PWM",Hardware,Unknown,Water,Unknown,Unknown,Unknown,System or software involved | Exact meter model | Exact error code or error message,Not available from verified source data.,none
26524,"Title: Elkhamayel- How to reinstall meter for customer
Tags: aqua; CI; ElKhamayl; Software",Software,Aqua,Unknown,Unknown,Unknown,Unknown,Meter type: Electric or Water | Exact meter model | Exact error code or error message,Not available from verified source data.,none
26523,"Title: Family House - Reverse on water meter
Tags: aqua; CI; Family House; Software",Software,Aqua,Water,Unknown,Unknown,Unknown,Exact meter model | Exact error code or error message,Not available from verified source data.,none
26522,"Title: Selena Bay- Error in Charging
Tags: CI; Selena bay; Software; vending",Software,Vending,Unknown,Unknown,Unknown,Unknown,Meter type: Electric or Water | Exact meter model | Exact error code or error message,Not available from verified source data.,none
26521,"Title: Family House - Create technician card using tool
Tags: aqua; CI; Family House; Software",Software,Aqua,Unknown,Unknown,Unknown,Unknown,Meter type: Electric or Water | Exact meter model | Exact error code or error message,Not available from verified source data.,none
26520,"Title: Elkhamayel- Fawry Intergration
Tags: CI; ElKhamayl; Software; vending",Software,Vending,Unknown,Unknown,Unknown,Unknown,Meter type: Electric or Water | Exact meter model | Exact error code or error message,Not available from verified source data.,none
26519,"Title: Diwanyah - Payement and relay status steps
Tags: Inquiry; Iraq; Smart; Software",Software|Hardware,Unknown,Unknown,Unknown,Unknown,Unknown,System or software involved | Meter type: Electric or Water | Exact meter model | Exact error code or error message,Not available from verified source data.,none
26518,"Title: Narges Station - General Error
Tags: Narges; PI; Software; vending",Software,Vending,Unknown,Unknown,Unknown,Unknown,Meter type: Electric or Water | Exact meter model | Exact error code or error message,Not available from verified source data.,none
26517,"Title: New Giza - Solar Invoice Issue
Tags: CI; New giza; Smart; Software",Software,Unknown,Unknown,Unknown,Unknown,Unknown,System or software involved | Meter type: Electric or Water | Exact meter model | Exact error code or error message,Not available from verified source data.,none
26515,"Title: Recycle Cards from visa
Tags: Hardware; PI; PM",Hardware,Unknown,Unknown,Unknown,Unknown,Unknown,System or software involved | Meter type: Electric or Water | Exact meter model | Exact error code or error message,Not available from verified source data.,none
26513,"Title: Korra - Remove deleted meters from reports
Tags: CI; Korra; Software; vending",Software,Vending,Unknown,Unknown,Unknown,Unknown,Meter type: Electric or Water | Exact meter model | Exact error code or error message,Not available from verified source data.,none
26512,"Title: Qena - Utility Water Meter Maintenance Visit
Tags: Hardware; HCWW; PI; PWM; Utility; W",Hardware,Unknown,Water,Unknown,Unknown,Unknown,System or software involved | Exact meter model | Exact error code or error message,Not available from verified source data.,none
26511,"Title: Utility Water Meter Maintenance - New Sohag
Tags: Hardware; NUCA; PI; PWM; Utility; W",Hardware,Unknown,Water,Unknown,Unknown,Unknown,System or software involved | Exact meter model | Exact error code or error message,Not available from verified source data.,none
26510,"Title: Sohag - Utility Water Meter Maintenance Visit
Tags: Hardware; HCWW; PI; PWM; Utility; W",Hardware,Unknown,Water,Unknown,Unknown,Unknown,System or software involved | Exact meter model | Exact error code or error message,Not available from verified source data.,none
26509,"Title: New Qena - Utility Water Meter Maintenance Visit
Tags: Hardware; HCWW; PI; PWM; Utility; W",Hardware,Unknown,Water,Unknown,Unknown,Unknown,System or software involved | Exact meter model | Exact error code or error message,Not available from verified source data.,none
26508,"Title: Utility Water Meter Maintenance - New Assiut
Tags: Hardware; NUCA; PI; PWM; Utility; W",Hardware,Unknown,Water,Unknown,Unknown,Unknown,System or software involved | Exact meter model | Exact error code or error message,Not available from verified source data.,none
26507,"Title: Utility Water Meter Maintenance - Damietta
Tags: Hardware; HCWW; PI; PWM; Utility; W",Hardware,Unknown,Water,Unknown,Unknown,Unknown,System or software involved | Exact meter model | Exact error code or error message,Not available from verified source data.,none
26506,"Title: Utility Water Meter Maintenance - New Damietta
Tags: Hardware; NUCA; PI; PWM; Utility; W",Hardware,Unknown,Water,Unknown,Unknown,Unknown,System or software involved | Exact meter model | Exact error code or error message,Not available from verified source data.,none
26505,"Title: Sun Capital - Water Meters Communication troubleshooting
Tags: Hardware; PI; Suncapital; SWM; W",Hardware|Communication,Unknown,Water,Unknown,Unknown,Unknown,System or software involved | Exact meter model | Exact error code or error message,Not available from verified source data.,none
26504,"Title: Sun Capital - Water Meters Communication troubleshooting
Tags: Hardware; PI; Suncapital; SWM; W",Hardware|Communication,Unknown,Water,Unknown,Unknown,Unknown,System or software involved | Exact meter model | Exact error code or error message,Not available from verified source data.,none
26502,"Title: Korra: Firmware Issue in MT-514
Tags: Hardware; Korra; PEM; PI",Hardware|Firmware,Unknown,Unknown,Unknown,Unknown,Unknown,System or software involved | Meter type: Electric or Water | Exact meter model | Exact error code or error message,Not available from verified source data.,none
26500,"Title: Sun Capital - Change relay status
Tags: CI; Smart; Software; Suncapital",Software|Hardware,Unknown,Unknown,Unknown,Unknown,Unknown,System or software involved | Meter type: Electric or Water | Exact meter model | Exact error code or error message,Not available from verified source data.,none
26498,"Title: Azzura- General Error
Tags: Azzura; PI; Software; vending",Software,Vending,Unknown,Unknown,Unknown,Unknown,Meter type: Electric or Water | Exact meter model | Exact error code or error message,Not available from verified source data.,none
26497,"Title: Cornado- Delete Friendly time for all meters
Tags: aqua; CI; Cornado; Software",Software,Aqua,Unknown,Unknown,Unknown,Unknown,Meter type: Electric or Water | Exact meter model | Exact error code or error message,Not available from verified source data.,none
26496,"Title: Cornado- Check Meter Credit and Consumption
Tags: aqua; CI; Cornado; Software",Software,Aqua,Unknown,Unknown,Unknown,Unknown,Meter type: Electric or Water | Exact meter model | Exact error code or error message,Not available from verified source data.,none
26494,"Title: Korra - Delete meters
Tags: CI; Korra; Software; vending",Software,Vending,Unknown,Unknown,Unknown,Unknown,Meter type: Electric or Water | Exact meter model | Exact error code or error message,Not available from verified source data.,none
26493,"Title: Korra Vending - Delete charge for user
Tags: CI; Korra; Software; vending",Software,Vending,Unknown,Unknown,Unknown,Unknown,Meter type: Electric or Water | Exact meter model | Exact error code or error message,Not available from verified source data.,none
26490,"Title: New Giza- Invoice Issue
Tags: CI; New giza; Smart; Software",Software,Unknown,Unknown,Unknown,Unknown,Unknown,System or software involved | Meter type: Electric or Water | Exact meter model | Exact error code or error message,Not available from verified source data.,none
26489,"Title: Arabella - General Error with Reading Cards
Tags: arabella; CI; Software; vending",Software,Vending,Unknown,Unknown,Unknown,Unknown,Meter type: Electric or Water | Exact meter model | Exact error code or error message,Not available from verified source data.,none
26487,"Title: New Giza- Solar Invoice Issue
Tags: CI; New giza; Smart; Software",Software,Unknown,Unknown,Unknown,Unknown,Unknown,System or software involved | Meter type: Electric or Water | Exact meter model | Exact error code or error message,Not available from verified source data.,none
26485,"Title: Qena Gardens - Inquiry about repeated tariff difference
Tags: aqua; CI; Qena Gardens; Software",Software,Aqua,Unknown,Unknown,Unknown,Unknown,Meter type: Electric or Water | Exact meter model | Exact error code or error message,Not available from verified source data.,none
26484,"Title: Cornado- Issue Tariff Card from Aqua
Tags: aqua; CI; Cornado; Software",Software,Aqua,Unknown,Unknown,Unknown,Unknown,Meter type: Electric or Water | Exact meter model | Exact error code or error message,Not available from verified source data.,none
26483,"Title: Cornado- Meter Valve Open and Close
Tags: Cornado; Hardware; PI; PWM",Hardware,Unknown,Unknown,Unknown,Unknown,Unknown,System or software involved | Meter type: Electric or Water | Exact meter model | Exact error code or error message,Not available from verified source data.,none
26480,"Title: South Delta- Delete Charge
Tags: CI; SDDC; Software; vending",Software,Vending,Unknown,Unknown,Unknown,Unknown,Meter type: Electric or Water | Exact meter model | Exact error code or error message,Not available from verified source data.,none
26479,"Title: Water Way- Inquiry about a report
Tags: CI; Software; vending; Waterway",Software,Vending,Water,Unknown,Unknown,Unknown,Exact meter model | Exact error code or error message,Not available from verified source data.,none
26478,"Title: New Giza - Update settlement
Tags: CI; Newgiza; Smart; Software",Software,Unknown,Unknown,Unknown,Unknown,Unknown,System or software involved | Meter type: Electric or Water | Exact meter model | Exact error code or error message,Not available from verified source data.,none
26477,"Title: Elsewedy E&C- Inquiry about claim number in maintenance
Tags: Elsewedy E&C; Hardware; Meter; PI",Software|Hardware,Unknown,Unknown,Unknown,Unknown,Unknown,System or software involved | Meter type: Electric or Water | Exact meter model | Exact error code or error message,Not available from verified source data.,none
26476,"Title: Ora- Make sure meter are sent to factory with claim number
Tags: Hardware; Ora; PI; PWM",Hardware,Unknown,Unknown,Unknown,Unknown,Unknown,System or software involved | Meter type: Electric or Water | Exact meter model | Exact error code or error message,Not available from verified source data.,none
26475,"Title: Travco- Upload Readings
Tags: CI; Smart; Software; Travco",Software,Unknown,Unknown,Unknown,Unknown,Unknown,System or software involved | Meter type: Electric or Water | Exact meter model | Exact error code or error message,Not available from verified source data.,none
26474,"Title: Tiba View- Cancel Friendly Time
Tags: Hardware; PI; PWM; Tiba",Hardware,Unknown,Unknown,Unknown,Unknown,Unknown,System or software involved | Meter type: Electric or Water | Exact meter model | Exact error code or error message,Not available from verified source data.,none
26473,"Title: Emdad - Meter had 9999 (Reverse)
Tags: CI; Emdad; Hardware; PWM",Hardware,Unknown,Unknown,Unknown,Unknown,Unknown,System or software involved | Meter type: Electric or Water | Exact meter model | Exact error code or error message,Not available from verified source data.,none
26472,"Title: Utility Water Meter Maintenance - New Fayoum
Tags: Hardware; NUCA; PI; PWM; Utility; W",Hardware,Unknown,Water,Unknown,Unknown,Unknown,System or software involved | Exact meter model | Exact error code or error message,Not available from verified source data.,none
26471,"Title: Utility Water Meter Maintenance - New Bani Seuf
Tags: Hardware; NUCA; PI; PWM; Utility; W",Hardware,Unknown,Water,Unknown,Unknown,Unknown,System or software involved | Exact meter model | Exact error code or error message,Not available from verified source data.,none
26470,"Title: Tiba View- Issue Tariff Card for ultrasonic meters
Tags: Hardware; PI; PWM; Tiba",Hardware,Unknown,Ultrasonic,Unknown,Unknown,Unknown,System or software involved | Exact meter model | Exact error code or error message,Not available from verified source data.,none
26469,"Title: Emdad - Delete deposit for customer
Tags: aqua; CI; Emdad; Software",Software,Aqua,Unknown,Unknown,Unknown,Unknown,Meter type: Electric or Water | Exact meter model | Exact error code or error message,Not available from verified source data.,none
26468,"Title: Emdad - Reset meter
Tags: aqua; CI; Emdad; Software",Software,Aqua,Unknown,Unknown,Unknown,Unknown,Meter type: Electric or Water | Exact meter model | Exact error code or error message,Not available from verified source data.,none
26467,"Title: Travco - Delete user from Visa software
Tags: CI; Software; Travco; Visa",Software,Unknown,Unknown,Unknown,Unknown,Unknown,System or software involved | Meter type: Electric or Water | Exact meter model | Exact error code or error message,Not available from verified source data.,none
26466,"Title: Tiba View- IC-0800
System Info: IC-800
Tags: Hardware; PI; PWM; STS; Tiba",Hardware,Unknown,Unknown,Unknown,Unknown,Unknown,System or software involved | Meter type: Electric or Water | Exact meter model | Exact error code or error message,Not available from verified source data.,none
26465,"Title: Florenza -Delete Charge
Tags: CI; Florenza; Software; Visa",Software,Unknown,Unknown,Unknown,Unknown,Unknown,System or software involved | Meter type: Electric or Water | Exact meter model | Exact error code or error message,Not available from verified source data.,none
26464,"Title: Utilities - delete charge
Tags: CI; Software; Utilities",Software,Unknown,Unknown,Unknown,Unknown,Unknown,System or software involved | Meter type: Electric or Water | Exact meter model | Exact error code or error message,Not available from verified source data.,none
26463,"Title: New Giza - Can not log in to user
Tags: CI; Newgiza; Smart; Software",Software,Unknown,Unknown,Unknown,Unknown,Unknown,System or software involved | Meter type: Electric or Water | Exact meter model | Exact error code or error message,Not available from verified source data.,none
26462,"Title: Azzura - Inquiry about meter issues
Tags: Azzura; Hardware; PI; PM",Software|Hardware,Unknown,Unknown,Unknown,Unknown,Unknown,System or software involved | Meter type: Electric or Water | Exact meter model | Exact error code or error message,Not available from verified source data.,none
26461,"Title: New Giza - Issue in invoices and payment
Tags: CI; Newgiza; Smart; Software",Software,Unknown,Unknown,Unknown,Unknown,Unknown,System or software involved | Meter type: Electric or Water | Exact meter model | Exact error code or error message,Not available from verified source data.,none
26460,"Title: Sun Capital - Water Meters Communication troubleshooting
Tags: Hardware; PI; Suncapital; SWM; W",Hardware|Communication,Unknown,Water,Unknown,Unknown,Unknown,System or software involved | Exact meter model | Exact error code or error message,Not available from verified source data.,none
26459,"Title: Private Sector Meters Maintenance Follow-up
Tags: Hardware; PI; Private; SEM; W",Hardware,Unknown,Unknown,Unknown,Unknown,Unknown,System or software involved | Meter type: Electric or Water | Exact meter model | Exact error code or error message,Not available from verified source data.,none
26458,"Title: 10th of Ramadan - Utility electrical meter maintenance
Tags: CDC; CI; Hardware; SEM; SLA; Utility",Hardware,Electric,Electric,Unknown,Unknown,Unknown,Exact meter model | Exact error code or error message,Not available from verified source data.,none
26456,"Title: Sea View: Reaching the maximum number of meters allowed on software
Tags: aqua; CI; Seaview; Software",Software,Aqua,Unknown,Unknown,Unknown,Unknown,Meter type: Electric or Water | Exact meter model | Exact error code or error message,Not available from verified source data.,none
26455,"Title: Cornado: Issue in making cards
Tags: aqua; CI; Cornado; Software",Software,Aqua,Unknown,Unknown,Unknown,Unknown,Meter type: Electric or Water | Exact meter model | Exact error code or error message,Not available from verified source data.,none
26454,"Title: Cornado: Enquiry about a metrotech meter
Tags: CI; Cornado; Hardware; PWM",Software|Hardware,Unknown,Unknown,Unknown,Unknown,Unknown,System or software involved | Meter type: Electric or Water | Exact meter model | Exact error code or error message,Not available from verified source data.,none
26452,"Title: Travco - Delete user from Visa software
Tags: CI; Software; Travco; Visa",Software,Unknown,Unknown,Unknown,Unknown,Unknown,System or software involved | Meter type: Electric or Water | Exact meter model | Exact error code or error message,Not available from verified source data.,none
26451,"Title: Travco - Error 70 mt514 while opening acount
System Info: Err-70
Tags: CI; Hardware; PEM; Travco",Hardware,Unknown,Unknown,MT514,70,Unknown,System or software involved | Meter type: Electric or Water,Not available from verified source data.,none
26450,"Title: Travco - Delete User from Visa
Tags: CI; Software; Travco; Visa",Software,Unknown,Unknown,Unknown,Unknown,Unknown,System or software involved | Meter type: Electric or Water | Exact meter model | Exact error code or error message,Not available from verified source data.,none
26449,"Title: El hayat - Tariff pages on V5 meter
Tags: CI; Elhayat; Hardware; PEM",Hardware,Unknown,Unknown,Unknown,Unknown,Unknown,System or software involved | Meter type: Electric or Water | Exact meter model | Exact error code or error message,Not available from verified source data.,none
26448,"Title: Light Power - How to calculate consumption from a digital meter
Tags: CI; Hardware; Lightpower; SEM",Hardware,Unknown,Unknown,Unknown,Unknown,Unknown,System or software involved | Meter type: Electric or Water | Exact meter model | Exact error code or error message,Not available from verified source data.,none
26447,"Title: Light Power - Inquiry about digital meter
Tags: CI; Hardware; Lightpower; vending",Software|Hardware,Vending,Unknown,Unknown,Unknown,Unknown,Meter type: Electric or Water | Exact meter model | Exact error code or error message,Not available from verified source data.,none
26446,"Title: Travco: Deleting User
System Info: Missing Feature
Tags: CI; Software; Travco; Visa",Software,Unknown,Unknown,Unknown,Unknown,Unknown,System or software involved | Meter type: Electric or Water | Exact meter model | Exact error code or error message,Not available from verified source data.,none
26445,"Title: Cornado: Reverse Consumption
Tags: CI; Cornado; Hardware; PWM",Hardware,Unknown,Unknown,Unknown,Unknown,Unknown,System or software involved | Meter type: Electric or Water | Exact meter model | Exact error code or error message,Not available from verified source data.,none
26444,"Title: ElAbd: Error E-106
System Info: E-106
Tags: aqua; CI; ElAbd; Software",Software,Aqua,Unknown,Unknown,106,Unknown,Meter type: Electric or Water | Exact meter model,Not available from verified source data.,none
26443,"Title: Sheraton: Issue while charging
Tags: CI; Sheraton Sharm; Software; vending",Software,Vending,Unknown,Unknown,Unknown,Unknown,Meter type: Electric or Water | Exact meter model | Exact error code or error message,Not available from verified source data.,none
26442,"Title: Azurra: rejected on meter
Tags: Azzura; CI; Hardware; PWM",Hardware,Unknown,Unknown,Unknown,Unknown,Unknown,System or software involved | Meter type: Electric or Water | Exact meter model | Exact error code or error message,Not available from verified source data.,none
26441,"Title: Korra: Difference in Charges
Tags: CI; Korra; Software; vending",Software,Vending,Unknown,Unknown,Unknown,Unknown,Meter type: Electric or Water | Exact meter model | Exact error code or error message,Not available from verified source data.,none
26440,"Title: Family House: Reverse Consumption
Tags: aqua; CI; Family House; Software",Software,Aqua,Unknown,Unknown,Unknown,Unknown,Meter type: Electric or Water | Exact meter model | Exact error code or error message,Not available from verified source data.,none
26439,"Title: Kattamya: Overdraft Enquiry
Tags: aqua; CI; Kattameya; Software",Software,Aqua,Unknown,Unknown,Unknown,Unknown,Meter type: Electric or Water | Exact meter model | Exact error code or error message,Not available from verified source data.,none
26438,"Title: The View - Get device id for aqua software deployment
Tags: aqua; PI; Software; The view",Software,Aqua,Unknown,Unknown,Unknown,Unknown,Meter type: Electric or Water | Exact meter model | Exact error code or error message,Not available from verified source data.,none
26437,"Title: Hollandia - Sync meter
Tags: Holand; PI; Smart; Software",Software,Unknown,Unknown,Unknown,Unknown,Unknown,System or software involved | Meter type: Electric or Water | Exact meter model | Exact error code or error message,Not available from verified source data.,none
